state_code,state_name,sex,urban,age_group,education,prevalence_pct,lower,upper,est_cases,population
IN-JK,Jammu and Kashmir,Both,All,60+,All,11.00,9.02,13.42,132000,1200000
IN-JK,Jammu and Kashmir,Both,All,60+,None,15.40,12.63,18.79,36960,240000
IN-JK,Jammu and Kashmir,Both,All,60+,Primary,11.55,9.47,14.09,27720,240000
IN-JK,Jammu and Kashmir,Both,All,60+,Middle,8.80,7.22,10.74,21120,240000
IN-JK,Jammu and Kashmir,Both,All,60+,Secondary,6.60,5.41,8.05,15840,240000
IN-JK,Jammu and Kashmir,Both,All,60+,Higher,4.95,4.06,6.04,11880,240000
IN-JK,Jammu and Kashmir,Both,All,60-64,All,4.95,4.06,6.04,10692,216000
IN-JK,Jammu and Kashmir,Both,All,60-64,None,6.93,5.68,8.45,2993,43200
IN-JK,Jammu and Kashmir,Both,All,60-64,Primary,5.20,4.26,6.34,2246,43200
IN-JK,Jammu and Kashmir,Both,All,60-64,Middle,3.96,3.25,4.83,1710,43200
IN-JK,Jammu and Kashmir,Both,All,60-64,Secondary,2.97,2.44,3.62,1283,43200
IN-JK,Jammu and Kashmir,Both,All,60-64,Higher,2.23,1.83,2.72,963,43200
IN-JK,Jammu and Kashmir,Both,All,65-69,All,8.25,6.77,10.07,17820,216000
IN-JK,Jammu and Kashmir,Both,All,65-69,None,11.55,9.47,14.09,4989,43200
IN-JK,Jammu and Kashmir,Both,All,65-69,Primary,8.66,7.10,10.57,3741,43200
IN-JK,Jammu and Kashmir,Both,All,65-69,Middle,6.60,5.41,8.05,2851,43200
IN-JK,Jammu and Kashmir,Both,All,65-69,Secondary,4.95,4.06,6.04,2138,43200
IN-JK,Jammu and Kashmir,Both,All,65-69,Higher,3.71,3.04,4.53,1602,43200
IN-JK,Jammu and Kashmir,Both,All,70-74,All,12.65,10.37,15.43,27324,216000
IN-JK,Jammu and Kashmir,Both,All,70-74,None,17.71,14.52,21.61,7650,43200
IN-JK,Jammu and Kashmir,Both,All,70-74,Primary,13.28,10.89,16.20,5736,43200
IN-JK,Jammu and Kashmir,Both,All,70-74,Middle,10.12,8.30,12.35,4371,43200
IN-JK,Jammu and Kashmir,Both,All,70-74,Secondary,7.59,6.22,9.26,3278,43200
IN-JK,Jammu and Kashmir,Both,All,70-74,Higher,5.69,4.67,6.94,2458,43200
IN-JK,Jammu and Kashmir,Both,All,75-79,All,18.70,15.33,22.81,40392,216000
IN-JK,Jammu and Kashmir,Both,All,75-79,None,26.18,21.47,31.94,11309,43200
IN-JK,Jammu and Kashmir,Both,All,75-79,Primary,19.63,16.10,23.95,8480,43200
IN-JK,Jammu and Kashmir,Both,All,75-79,Middle,14.96,12.27,18.25,6462,43200
IN-JK,Jammu and Kashmir,Both,All,75-79,Secondary,11.22,9.20,13.69,4847,43200
IN-JK,Jammu and Kashmir,Both,All,75-79,Higher,8.42,6.90,10.27,3637,43200
IN-JK,Jammu and Kashmir,Both,All,80-84,All,26.40,21.65,32.21,57024,216000
IN-JK,Jammu and Kashmir,Both,All,80-84,None,35.00,28.70,42.70,15119,43200
IN-JK,Jammu and Kashmir,Both,All,80-84,Primary,27.72,22.73,33.82,11975,43200
IN-JK,Jammu and Kashmir,Both,All,80-84,Middle,21.12,17.32,25.77,9123,43200
IN-JK,Jammu and Kashmir,Both,All,80-84,Secondary,15.84,12.99,19.32,6842,43200
IN-JK,Jammu and Kashmir,Both,All,80-84,Higher,11.88,9.74,14.49,5132,43200
IN-JK,Jammu and Kashmir,Both,All,85+,All,35.00,28.70,42.70,75600,216000
IN-JK,Jammu and Kashmir,Both,All,85+,None,35.00,28.70,42.70,15119,43200
IN-JK,Jammu and Kashmir,Both,All,85+,Primary,35.00,28.70,42.70,15119,43200
IN-JK,Jammu and Kashmir,Both,All,85+,Middle,29.04,23.81,35.43,12545,43200
IN-JK,Jammu and Kashmir,Both,All,85+,Secondary,21.78,17.86,26.57,9408,43200
IN-JK,Jammu and Kashmir,Both,All,85+,Higher,16.33,13.39,19.92,7054,43200
IN-JK,Jammu and Kashmir,Both,Urban,60+,All,9.02,7.40,11.00,34636,384000
IN-JK,Jammu and Kashmir,Both,Urban,60+,None,12.63,10.36,15.41,9699,76800
IN-JK,Jammu and Kashmir,Both,Urban,60+,Primary,9.47,7.77,11.55,7272,76800
IN-JK,Jammu and Kashmir,Both,Urban,60+,Middle,7.22,5.92,8.81,5544,76800
IN-JK,Jammu and Kashmir,Both,Urban,60+,Secondary,5.41,4.44,6.60,4154,76800
IN-JK,Jammu and Kashmir,Both,Urban,60+,Higher,4.06,3.33,4.95,3118,76800
IN-JK,Jammu and Kashmir,Both,Urban,60-64,All,4.06,3.33,4.95,2806,69120
IN-JK,Jammu and Kashmir,Both,Urban,60-64,None,5.68,4.66,6.93,785,13824
IN-JK,Jammu and Kashmir,Both,Urban,60-64,Primary,4.26,3.49,5.20,588,13824
IN-JK,Jammu and Kashmir,Both,Urban,60-64,Middle,3.25,2.67,3.97,449,13824
IN-JK,Jammu and Kashmir,Both,Urban,60-64,Secondary,2.44,2.00,2.98,337,13824
IN-JK,Jammu and Kashmir,Both,Urban,60-64,Higher,1.83,1.50,2.23,252,13824
IN-JK,Jammu and Kashmir,Both,Urban,65-69,All,6.77,5.55,8.26,4679,69120
IN-JK,Jammu and Kashmir,Both,Urban,65-69,None,9.47,7.77,11.55,1309,13824
IN-JK,Jammu and Kashmir,Both,Urban,65-69,Primary,7.10,5.82,8.66,981,13824
IN-JK,Jammu and Kashmir,Both,Urban,65-69,Middle,5.41,4.44,6.60,747,13824
IN-JK,Jammu and Kashmir,Both,Urban,65-69,Secondary,4.06,3.33,4.95,561,13824
IN-JK,Jammu and Kashmir,Both,Urban,65-69,Higher,3.04,2.49,3.71,420,13824
IN-JK,Jammu and Kashmir,Both,Urban,70-74,All,10.37,8.50,12.65,7167,69120
IN-JK,Jammu and Kashmir,Both,Urban,70-74,None,14.52,11.91,17.71,2007,13824
IN-JK,Jammu and Kashmir,Both,Urban,70-74,Primary,10.89,8.93,13.29,1505,13824
IN-JK,Jammu and Kashmir,Both,Urban,70-74,Middle,8.30,6.81,10.13,1147,13824
IN-JK,Jammu and Kashmir,Both,Urban,70-74,Secondary,6.22,5.10,7.59,859,13824
IN-JK,Jammu and Kashmir,Both,Urban,70-74,Higher,4.67,3.83,5.70,645,13824
IN-JK,Jammu and Kashmir,Both,Urban,75-79,All,15.33,12.57,18.70,10596,69120
IN-JK,Jammu and Kashmir,Both,Urban,75-79,None,21.47,17.61,26.19,2968,13824
IN-JK,Jammu and Kashmir,Both,Urban,75-79,Primary,16.10,13.20,19.64,2225,13824
IN-JK,Jammu and Kashmir,Both,Urban,75-79,Middle,12.27,10.06,14.97,1696,13824
IN-JK,Jammu and Kashmir,Both,Urban,75-79,Secondary,9.20,7.54,11.22,1271,13824
IN-JK,Jammu and Kashmir,Both,Urban,75-79,Higher,6.90,5.66,8.42,953,13824
IN-JK,Jammu and Kashmir,Both,Urban,80-84,All,21.65,17.75,26.41,14964,69120
IN-JK,Jammu and Kashmir,Both,Urban,80-84,None,30.31,24.85,36.98,4190,13824
IN-JK,Jammu and Kashmir,Both,Urban,80-84,Primary,22.73,18.64,27.73,3142,13824
IN-JK,Jammu and Kashmir,Both,Urban,80-84,Middle,17.32,14.20,21.13,2394,13824
IN-JK,Jammu and Kashmir,Both,Urban,80-84,Secondary,12.99,10.65,15.85,1795,13824
IN-JK,Jammu and Kashmir,Both,Urban,80-84,Higher,9.74,7.99,11.88,1346,13824
IN-JK,Jammu and Kashmir,Both,Urban,85+,All,29.77,24.41,36.32,20577,69120
IN-JK,Jammu and Kashmir,Both,Urban,85+,None,35.00,28.70,42.70,4838,13824
IN-JK,Jammu and Kashmir,Both,Urban,85+,Primary,31.25,25.63,38.13,4320,13824
IN-JK,Jammu and Kashmir,Both,Urban,85+,Middle,23.81,19.52,29.05,3291,13824
IN-JK,Jammu and Kashmir,Both,Urban,85+,Secondary,17.86,14.65,21.79,2468,13824
IN-JK,Jammu and Kashmir,Both,Urban,85+,Higher,13.39,10.98,16.34,1851,13824
IN-JK,Jammu and Kashmir,Both,Rural,60+,All,13.42,11.00,16.37,109507,816000
IN-JK,Jammu and Kashmir,Both,Rural,60+,None,18.79,15.41,22.92,30665,163200
IN-JK,Jammu and Kashmir,Both,Rural,60+,Primary,14.09,11.55,17.19,22994,163200
IN-JK,Jammu and Kashmir,Both,Rural,60+,Middle,10.74,8.81,13.10,17527,163200
IN-JK,Jammu and Kashmir,Both,Rural,60+,Secondary,8.05,6.60,9.82,13137,163200
IN-JK,Jammu and Kashmir,Both,Rural,60+,Higher,6.04,4.95,7.37,9857,163200
IN-JK,Jammu and Kashmir,Both,Rural,60-64,All,6.04,4.95,7.37,8871,146880
IN-JK,Jammu and Kashmir,Both,Rural,60-64,None,8.45,6.93,10.31,2482,29376
IN-JK,Jammu and Kashmir,Both,Rural,60-64,Primary,6.34,5.20,7.73,1862,29376
IN-JK,Jammu and Kashmir,Both,Rural,60-64,Middle,4.83,3.96,5.89,1418,29376
IN-JK,Jammu and Kashmir,Both,Rural,60-64,Secondary,3.62,2.97,4.42,1063,29376
IN-JK,Jammu and Kashmir,Both,Rural,60-64,Higher,2.72,2.23,3.32,799,29376
IN-JK,Jammu and Kashmir,Both,Rural,65-69,All,10.07,8.26,12.29,14790,146880
IN-JK,Jammu and Kashmir,Both,Rural,65-69,None,14.09,11.55,17.19,4139,29376
IN-JK,Jammu and Kashmir,Both,Rural,65-69,Primary,10.57,8.67,12.90,3105,29376
IN-JK,Jammu and Kashmir,Both,Rural,65-69,Middle,8.05,6.60,9.82,2364,29376
IN-JK,Jammu and Kashmir,Both,Rural,65-69,Secondary,6.04,4.95,7.37,1774,29376
IN-JK,Jammu and Kashmir,Both,Rural,65-69,Higher,4.53,3.71,5.53,1330,29376
IN-JK,Jammu and Kashmir,Both,Rural,70-74,All,15.43,12.65,18.82,22663,146880
IN-JK,Jammu and Kashmir,Both,Rural,70-74,None,21.61,17.72,26.36,6348,29376
IN-JK,Jammu and Kashmir,Both,Rural,70-74,Primary,16.20,13.28,19.76,4758,29376
IN-JK,Jammu and Kashmir,Both,Rural,70-74,Middle,12.35,10.13,15.07,3627,29376
IN-JK,Jammu and Kashmir,Both,Rural,70-74,Secondary,9.26,7.59,11.30,2720,29376
IN-JK,Jammu and Kashmir,Both,Rural,70-74,Higher,6.94,5.69,8.47,2038,29376
IN-JK,Jammu and Kashmir,Both,Rural,75-79,All,22.81,18.70,27.83,33503,146880
IN-JK,Jammu and Kashmir,Both,Rural,75-79,None,31.94,26.19,38.97,9382,29376
IN-JK,Jammu and Kashmir,Both,Rural,75-79,Primary,23.95,19.64,29.22,7035,29376
IN-JK,Jammu and Kashmir,Both,Rural,75-79,Middle,18.25,14.97,22.27,5361,29376
IN-JK,Jammu and Kashmir,Both,Rural,75-79,Secondary,13.69,11.23,16.70,4021,29376
IN-JK,Jammu and Kashmir,Both,Rural,75-79,Higher,10.27,8.42,12.53,3016,29376
IN-JK,Jammu and Kashmir,Both,Rural,80-84,All,32.21,26.41,39.30,47310,146880
IN-JK,Jammu and Kashmir,Both,Rural,80-84,None,35.00,28.70,42.70,10281,29376
IN-JK,Jammu and Kashmir,Both,Rural,80-84,Primary,33.82,27.73,41.26,9934,29376
IN-JK,Jammu and Kashmir,Both,Rural,80-84,Middle,25.77,21.13,31.44,7570,29376
IN-JK,Jammu and Kashmir,Both,Rural,80-84,Secondary,19.32,15.84,23.57,5675,29376
IN-JK,Jammu and Kashmir,Both,Rural,80-84,Higher,14.49,11.88,17.68,4256,29376
IN-JK,Jammu and Kashmir,Both,Rural,85+,All,35.00,28.70,42.70,51408,146880
IN-JK,Jammu and Kashmir,Both,Rural,85+,None,35.00,28.70,42.70,10281,29376
IN-JK,Jammu and Kashmir,Both,Rural,85+,Primary,35.00,28.70,42.70,10281,29376
IN-JK,Jammu and Kashmir,Both,Rural,85+,Middle,35.00,28.70,42.70,10281,29376
IN-JK,Jammu and Kashmir,Both,Rural,85+,Secondary,26.57,21.79,32.42,7805,29376
IN-JK,Jammu and Kashmir,Both,Rural,85+,Higher,19.93,16.34,24.31,5854,29376
IN-JK,Jammu and Kashmir,Male,All,60+,All,9.35,7.67,11.41,56100,600000
IN-JK,Jammu and Kashmir,Male,All,60+,None,13.09,10.73,15.97,15707,120000
IN-JK,Jammu and Kashmir,Male,All,60+,Primary,9.82,8.05,11.98,11784,120000
IN-JK,Jammu and Kashmir,Male,All,60+,Middle,7.48,6.13,9.13,8976,120000
IN-JK,Jammu and Kashmir,Male,All,60+,Secondary,5.61,4.60,6.84,6732,120000
IN-JK,Jammu and Kashmir,Male,All,60+,Higher,4.21,3.45,5.14,5052,120000
IN-JK,Jammu and Kashmir,Male,All,60-64,All,4.21,3.45,5.14,4546,108000
IN-JK,Jammu and Kashmir,Male,All,60-64,None,5.89,4.83,7.19,1272,21600
IN-JK,Jammu and Kashmir,Male,All,60-64,Primary,4.42,3.62,5.39,954,21600
IN-JK,Jammu and Kashmir,Male,All,60-64,Middle,3.37,2.76,4.11,727,21600
IN-JK,Jammu and Kashmir,Male,All,60-64,Secondary,2.52,2.07,3.07,544,21600
IN-JK,Jammu and Kashmir,Male,All,60-64,Higher,1.89,1.55,2.31,408,21600
IN-JK,Jammu and Kashmir,Male,All,65-69,All,7.01,5.75,8.55,7570,108000
IN-JK,Jammu and Kashmir,Male,All,65-69,None,9.82,8.05,11.98,2121,21600
IN-JK,Jammu and Kashmir,Male,All,65-69,Primary,7.36,6.04,8.98,1589,21600
IN-JK,Jammu and Kashmir,Male,All,65-69,Middle,5.61,4.60,6.84,1211,21600
IN-JK,Jammu and Kashmir,Male,All,65-69,Secondary,4.21,3.45,5.14,909,21600
IN-JK,Jammu and Kashmir,Male,All,65-69,Higher,3.16,2.59,3.86,682,21600
IN-JK,Jammu and Kashmir,Male,All,70-74,All,10.75,8.82,13.12,11610,108000
IN-JK,Jammu and Kashmir,Male,All,70-74,None,15.05,12.34,18.36,3250,21600
IN-JK,Jammu and Kashmir,Male,All,70-74,Primary,11.29,9.26,13.77,2438,21600
IN-JK,Jammu and Kashmir,Male,All,70-74,Middle,8.60,7.05,10.49,1857,21600
IN-JK,Jammu and Kashmir,Male,All,70-74,Secondary,6.45,5.29,7.87,1393,21600
IN-JK,Jammu and Kashmir,Male,All,70-74,Higher,4.84,3.97,5.90,1045,21600
IN-JK,Jammu and Kashmir,Male,All,75-79,All,15.89,13.03,19.39,17161,108000
IN-JK,Jammu and Kashmir,Male,All,75-79,None,22.25,18.24,27.15,4806,21600
IN-JK,Jammu and Kashmir,Male,All,75-79,Primary,16.69,13.69,20.36,3605,21600
IN-JK,Jammu and Kashmir,Male,All,75-79,Middle,12.72,10.43,15.52,2747,21600
IN-JK,Jammu and Kashmir,Male,All,75-79,Secondary,9.54,7.82,11.64,2060,21600
IN-JK,Jammu and Kashmir,Male,All,75-79,Higher,7.15,5.86,8.72,1544,21600
IN-JK,Jammu and Kashmir,Male,All,80-84,All,22.44,18.40,27.38,24235,108000
IN-JK,Jammu and Kashmir,Male,All,80-84,None,31.42,25.76,38.33,6786,21600
IN-JK,Jammu and Kashmir,Male,All,80-84,Primary,23.56,19.32,28.74,5088,21600
IN-JK,Jammu and Kashmir,Male,All,80-84,Middle,17.95,14.72,21.90,3877,21600
IN-JK,Jammu and Kashmir,Male,All,80-84,Secondary,13.46,11.04,16.42,2907,21600
IN-JK,Jammu and Kashmir,Male,All,80-84,Higher,10.10,8.28,12.32,2181,21600
IN-JK,Jammu and Kashmir,Male,All,85+,All,30.85,25.30,37.64,33318,108000
IN-JK,Jammu and Kashmir,Male,All,85+,None,35.00,28.70,42.70,7559,21600
IN-JK,Jammu and Kashmir,Male,All,85+,Primary,32.40,26.57,39.53,6998,21600
IN-JK,Jammu and Kashmir,Male,All,85+,Middle,24.68,20.24,30.11,5330,21600
IN-JK,Jammu and Kashmir,Male,All,85+,Secondary,18.51,15.18,22.58,3998,21600
IN-JK,Jammu and Kashmir,Male,All,85+,Higher,13.88,11.38,16.93,2998,21600
IN-JK,Jammu and Kashmir,Male,Urban,60+,All,7.67,6.29,9.36,14726,192000
IN-JK,Jammu and Kashmir,Male,Urban,60+,None,10.73,8.80,13.09,4120,38400
IN-JK,Jammu and Kashmir,Male,Urban,60+,Primary,8.05,6.60,9.82,3091,38400
IN-JK,Jammu and Kashmir,Male,Urban,60+,Middle,6.13,5.03,7.48,2353,38400
IN-JK,Jammu and Kashmir,Male,Urban,60+,Secondary,4.60,3.77,5.61,1766,38400
IN-JK,Jammu and Kashmir,Male,Urban,60+,Higher,3.45,2.83,4.21,1324,38400
IN-JK,Jammu and Kashmir,Male,Urban,60-64,All,3.45,2.83,4.21,1192,34560
IN-JK,Jammu and Kashmir,Male,Urban,60-64,None,4.83,3.96,5.89,333,6912
IN-JK,Jammu and Kashmir,Male,Urban,60-64,Primary,3.62,2.97,4.42,250,6912
IN-JK,Jammu and Kashmir,Male,Urban,60-64,Middle,2.76,2.26,3.37,190,6912
IN-JK,Jammu and Kashmir,Male,Urban,60-64,Secondary,2.07,1.70,2.53,143,6912
IN-JK,Jammu and Kashmir,Male,Urban,60-64,Higher,1.55,1.27,1.89,107,6912
IN-JK,Jammu and Kashmir,Male,Urban,65-69,All,5.75,4.72,7.02,1987,34560
IN-JK,Jammu and Kashmir,Male,Urban,65-69,None,8.05,6.60,9.82,556,6912
IN-JK,Jammu and Kashmir,Male,Urban,65-69,Primary,6.04,4.95,7.37,417,6912
IN-JK,Jammu and Kashmir,Male,Urban,65-69,Middle,4.60,3.77,5.61,317,6912
IN-JK,Jammu and Kashmir,Male,Urban,65-69,Secondary,3.45,2.83,4.21,238,6912
IN-JK,Jammu and Kashmir,Male,Urban,65-69,Higher,2.59,2.12,3.16,179,6912
IN-JK,Jammu and Kashmir,Male,Urban,70-74,All,8.82,7.23,10.76,3048,34560
IN-JK,Jammu and Kashmir,Male,Urban,70-74,None,12.34,10.12,15.05,852,6912
IN-JK,Jammu and Kashmir,Male,Urban,70-74,Primary,9.26,7.59,11.30,640,6912
IN-JK,Jammu and Kashmir,Male,Urban,70-74,Middle,7.05,5.78,8.60,487,6912
IN-JK,Jammu and Kashmir,Male,Urban,70-74,Secondary,5.29,4.34,6.45,365,6912
IN-JK,Jammu and Kashmir,Male,Urban,70-74,Higher,3.97,3.26,4.84,274,6912
IN-JK,Jammu and Kashmir,Male,Urban,75-79,All,13.03,10.68,15.90,4503,34560
IN-JK,Jammu and Kashmir,Male,Urban,75-79,None,18.25,14.97,22.27,1261,6912
IN-JK,Jammu and Kashmir,Male,Urban,75-79,Primary,13.69,11.23,16.70,946,6912
IN-JK,Jammu and Kashmir,Male,Urban,75-79,Middle,10.43,8.55,12.72,720,6912
IN-JK,Jammu and Kashmir,Male,Urban,75-79,Secondary,7.82,6.41,9.54,540,6912
IN-JK,Jammu and Kashmir,Male,Urban,75-79,Higher,5.87,4.81,7.16,405,6912
IN-JK,Jammu and Kashmir,Male,Urban,80-84,All,18.40,15.09,22.45,6359,34560
IN-JK,Jammu and Kashmir,Male,Urban,80-84,None,25.76,21.12,31.43,1780,6912
IN-JK,Jammu and Kashmir,Male,Urban,80-84,Primary,19.32,15.84,23.57,1335,6912
IN-JK,Jammu and Kashmir,Male,Urban,80-84,Middle,14.72,12.07,17.96,1017,6912
IN-JK,Jammu and Kashmir,Male,Urban,80-84,Secondary,11.04,9.05,13.47,763,6912
IN-JK,Jammu and Kashmir,Male,Urban,80-84,Higher,8.28,6.79,10.10,572,6912
IN-JK,Jammu and Kashmir,Male,Urban,85+,All,25.30,20.75,30.87,8743,34560
IN-JK,Jammu and Kashmir,Male,Urban,85+,None,35.00,28.70,42.70,2419,6912
IN-JK,Jammu and Kashmir,Male,Urban,85+,Primary,26.57,21.79,32.42,1836,6912
IN-JK,Jammu and Kashmir,Male,Urban,85+,Middle,20.24,16.60,24.69,1398,6912
IN-JK,Jammu and Kashmir,Male,Urban,85+,Secondary,15.18,12.45,18.52,1049,6912
IN-JK,Jammu and Kashmir,Male,Urban,85+,Higher,11.39,9.34,13.90,787,6912
IN-JK,Jammu and Kashmir,Male,Rural,60+,All,11.41,9.36,13.92,46552,408000
IN-JK,Jammu and Kashmir,Male,Rural,60+,None,15.97,13.10,19.48,13031,81600
IN-JK,Jammu and Kashmir,Male,Rural,60+,Primary,11.98,9.82,14.62,9775,81600
IN-JK,Jammu and Kashmir,Male,Rural,60+,Middle,9.13,7.49,11.14,7450,81600
IN-JK,Jammu and Kashmir,Male,Rural,60+,Secondary,6.84,5.61,8.34,5581,81600
IN-JK,Jammu and Kashmir,Male,Rural,60+,Higher,5.13,4.21,6.26,4186,81600
IN-JK,Jammu and Kashmir,Male,Rural,60-64,All,5.13,4.21,6.26,3767,73440
IN-JK,Jammu and Kashmir,Male,Rural,60-64,None,7.19,5.90,8.77,1056,14688
IN-JK,Jammu and Kashmir,Male,Rural,60-64,Primary,5.39,4.42,6.58,791,14688
IN-JK,Jammu and Kashmir,Male,Rural,60-64,Middle,4.11,3.37,5.01,603,14688
IN-JK,Jammu and Kashmir,Male,Rural,60-64,Secondary,3.08,2.53,3.76,452,14688
IN-JK,Jammu and Kashmir,Male,Rural,60-64,Higher,2.31,1.89,2.82,339,14688
IN-JK,Jammu and Kashmir,Male,Rural,65-69,All,8.56,7.02,10.44,6286,73440
IN-JK,Jammu and Kashmir,Male,Rural,65-69,None,11.98,9.82,14.62,1759,14688
IN-JK,Jammu and Kashmir,Male,Rural,65-69,Primary,8.98,7.36,10.96,1318,14688
IN-JK,Jammu and Kashmir,Male,Rural,65-69,Middle,6.84,5.61,8.34,1004,14688
IN-JK,Jammu and Kashmir,Male,Rural,65-69,Secondary,5.13,4.21,6.26,753,14688
IN-JK,Jammu and Kashmir,Male,Rural,65-69,Higher,3.85,3.16,4.70,565,14688
IN-JK,Jammu and Kashmir,Male,Rural,70-74,All,13.12,10.76,16.01,9635,73440
IN-JK,Jammu and Kashmir,Male,Rural,70-74,None,18.37,15.06,22.41,2698,14688
IN-JK,Jammu and Kashmir,Male,Rural,70-74,Primary,13.77,11.29,16.80,2022,14688
IN-JK,Jammu and Kashmir,Male,Rural,70-74,Middle,10.49,8.60,12.80,1540,14688
IN-JK,Jammu and Kashmir,Male,Rural,70-74,Secondary,7.87,6.45,9.60,1155,14688
IN-JK,Jammu and Kashmir,Male,Rural,70-74,Higher,5.90,4.84,7.20,866,14688
IN-JK,Jammu and Kashmir,Male,Rural,75-79,All,19.39,15.90,23.66,14240,73440
IN-JK,Jammu and Kashmir,Male,Rural,75-79,None,27.15,22.26,33.12,3987,14688
IN-JK,Jammu and Kashmir,Male,Rural,75-79,Primary,20.36,16.70,24.84,2990,14688
IN-JK,Jammu and Kashmir,Male,Rural,75-79,Middle,15.51,12.72,18.92,2278,14688
IN-JK,Jammu and Kashmir,Male,Rural,75-79,Secondary,11.64,9.54,14.20,1709,14688
IN-JK,Jammu and Kashmir,Male,Rural,75-79,Higher,8.73,7.16,10.65,1282,14688
IN-JK,Jammu and Kashmir,Male,Rural,80-84,All,27.38,22.45,33.40,20107,73440
IN-JK,Jammu and Kashmir,Male,Rural,80-84,None,35.00,28.70,42.70,5140,14688
IN-JK,Jammu and Kashmir,Male,Rural,80-84,Primary,28.75,23.58,35.07,4222,14688
IN-JK,Jammu and Kashmir,Male,Rural,80-84,Middle,21.90,17.96,26.72,3216,14688
IN-JK,Jammu and Kashmir,Male,Rural,80-84,Secondary,16.43,13.47,20.04,2413,14688
IN-JK,Jammu and Kashmir,Male,Rural,80-84,Higher,12.32,10.10,15.03,1809,14688
IN-JK,Jammu and Kashmir,Male,Rural,85+,All,35.00,28.70,42.70,25704,73440
IN-JK,Jammu and Kashmir,Male,Rural,85+,None,35.00,28.70,42.70,5140,14688
IN-JK,Jammu and Kashmir,Male,Rural,85+,Primary,35.00,28.70,42.70,5140,14688
IN-JK,Jammu and Kashmir,Male,Rural,85+,Middle,30.11,24.69,36.73,4422,14688
IN-JK,Jammu and Kashmir,Male,Rural,85+,Secondary,22.59,18.52,27.56,3318,14688
IN-JK,Jammu and Kashmir,Male,Rural,85+,Higher,16.94,13.89,20.67,2488,14688
IN-JK,Jammu and Kashmir,Female,All,60+,All,12.65,10.37,15.43,75900,600000
IN-JK,Jammu and Kashmir,Female,All,60+,None,17.71,14.52,21.61,21252,120000
IN-JK,Jammu and Kashmir,Female,All,60+,Primary,13.28,10.89,16.20,15936,120000
IN-JK,Jammu and Kashmir,Female,All,60+,Middle,10.12,8.30,12.35,12144,120000
IN-JK,Jammu and Kashmir,Female,All,60+,Secondary,7.59,6.22,9.26,9108,120000
IN-JK,Jammu and Kashmir,Female,All,60+,Higher,5.69,4.67,6.94,6828,120000
IN-JK,Jammu and Kashmir,Female,All,60-64,All,5.69,4.67,6.94,6145,108000
IN-JK,Jammu and Kashmir,Female,All,60-64,None,7.97,6.54,9.72,1721,21600
IN-JK,Jammu and Kashmir,Female,All,60-64,Primary,5.98,4.90,7.30,1291,21600
IN-JK,Jammu and Kashmir,Female,All,60-64,Middle,4.55,3.73,5.55,982,21600
IN-JK,Jammu and Kashmir,Female,All,60-64,Secondary,3.42,2.80,4.17,738,21600
IN-JK,Jammu and Kashmir,Female,All,60-64,Higher,2.56,2.10,3.12,552,21600
IN-JK,Jammu and Kashmir,Female,All,65-69,All,9.49,7.78,11.58,10249,108000
IN-JK,Jammu and Kashmir,Female,All,65-69,None,13.28,10.89,16.20,2868,21600
IN-JK,Jammu and Kashmir,Female,All,65-69,Primary,9.96,8.17,12.15,2151,21600
IN-JK,Jammu and Kashmir,Female,All,65-69,Middle,7.59,6.22,9.26,1639,21600
IN-JK,Jammu and Kashmir,Female,All,65-69,Secondary,5.69,4.67,6.94,1229,21600
IN-JK,Jammu and Kashmir,Female,All,65-69,Higher,4.27,3.50,5.21,922,21600
IN-JK,Jammu and Kashmir,Female,All,70-74,All,14.55,11.93,17.75,15714,108000
IN-JK,Jammu and Kashmir,Female,All,70-74,None,20.37,16.70,24.85,4399,21600
IN-JK,Jammu and Kashmir,Female,All,70-74,Primary,15.27,12.52,18.63,3298,21600
IN-JK,Jammu and Kashmir,Female,All,70-74,Middle,11.64,9.54,14.20,2514,21600
IN-JK,Jammu and Kashmir,Female,All,70-74,Secondary,8.73,7.16,10.65,1885,21600
IN-JK,Jammu and Kashmir,Female,All,70-74,Higher,6.55,5.37,7.99,1414,21600
IN-JK,Jammu and Kashmir,Female,All,75-79,All,21.51,17.64,26.24,23230,108000
IN-JK,Jammu and Kashmir,Female,All,75-79,None,30.11,24.69,36.73,6503,21600
IN-JK,Jammu and Kashmir,Female,All,75-79,Primary,22.58,18.52,27.55,4877,21600
IN-JK,Jammu and Kashmir,Female,All,75-79,Middle,17.20,14.10,20.98,3715,21600
IN-JK,Jammu and Kashmir,Female,All,75-79,Secondary,12.90,10.58,15.74,2786,21600
IN-JK,Jammu and Kashmir,Female,All,75-79,Higher,9.68,7.94,11.81,2090,21600
IN-JK,Jammu and Kashmir,Female,All,80-84,All,30.36,24.90,37.04,32788,108000
IN-JK,Jammu and Kashmir,Female,All,80-84,None,35.00,28.70,42.70,7559,21600
IN-JK,Jammu and Kashmir,Female,All,80-84,Primary,31.88,26.14,38.89,6886,21600
IN-JK,Jammu and Kashmir,Female,All,80-84,Middle,24.29,19.92,29.63,5246,21600
IN-JK,Jammu and Kashmir,Female,All,80-84,Secondary,18.22,14.94,22.23,3935,21600
IN-JK,Jammu and Kashmir,Female,All,80-84,Higher,13.66,11.20,16.67,2950,21600
IN-JK,Jammu and Kashmir,Female,All,85+,All,35.00,28.70,42.70,37800,108000
IN-JK,Jammu and Kashmir,Female,All,85+,None,35.00,28.70,42.70,7559,21600
IN-JK,Jammu and Kashmir,Female,All,85+,Primary,35.00,28.70,42.70,7559,21600
IN-JK,Jammu and Kashmir,Female,All,85+,Middle,33.40,27.39,40.75,7214,21600
IN-JK,Jammu and Kashmir,Female,All,85+,Secondary,25.05,20.54,30.56,5410,21600
IN-JK,Jammu and Kashmir,Female,All,85+,Higher,18.79,15.41,22.92,4058,21600
IN-JK,Jammu and Kashmir,Female,Urban,60+,All,10.37,8.50,12.65,19910,192000
IN-JK,Jammu and Kashmir,Female,Urban,60+,None,14.52,11.91,17.71,5575,38400
IN-JK,Jammu and Kashmir,Female,Urban,60+,Primary,10.89,8.93,13.29,4181,38400
IN-JK,Jammu and Kashmir,Female,Urban,60+,Middle,8.30,6.81,10.13,3187,38400
IN-JK,Jammu and Kashmir,Female,Urban,60+,Secondary,6.22,5.10,7.59,2388,38400
IN-JK,Jammu and Kashmir,Female,Urban,60+,Higher,4.67,3.83,5.70,1793,38400
IN-JK,Jammu and Kashmir,Female,Urban,60-64,All,4.67,3.83,5.70,1613,34560
IN-JK,Jammu and Kashmir,Female,Urban,60-64,None,6.53,5.35,7.97,451,6912
IN-JK,Jammu and Kashmir,Female,Urban,60-64,Primary,4.90,4.02,5.98,338,6912
IN-JK,Jammu and Kashmir,Female,Urban,60-64,Middle,3.73,3.06,4.55,257,6912
IN-JK,Jammu and Kashmir,Female,Urban,60-64,Secondary,2.80,2.30,3.42,193,6912
IN-JK,Jammu and Kashmir,Female,Urban,60-64,Higher,2.10,1.72,2.56,145,6912
IN-JK,Jammu and Kashmir,Female,Urban,65-69,All,7.78,6.38,9.49,2688,34560
IN-JK,Jammu and Kashmir,Female,Urban,65-69,None,10.89,8.93,13.29,752,6912
IN-JK,Jammu and Kashmir,Female,Urban,65-69,Primary,8.17,6.70,9.97,564,6912
IN-JK,Jammu and Kashmir,Female,Urban,65-69,Middle,6.22,5.10,7.59,429,6912
IN-JK,Jammu and Kashmir,Female,Urban,65-69,Secondary,4.67,3.83,5.70,322,6912
IN-JK,Jammu and Kashmir,Female,Urban,65-69,Higher,3.50,2.87,4.27,241,6912
IN-JK,Jammu and Kashmir,Female,Urban,70-74,All,11.93,9.78,14.55,4123,34560
IN-JK,Jammu and Kashmir,Female,Urban,70-74,None,16.70,13.69,20.37,1154,6912
IN-JK,Jammu and Kashmir,Female,Urban,70-74,Primary,12.53,10.27,15.29,866,6912
IN-JK,Jammu and Kashmir,Female,Urban,70-74,Middle,9.54,7.82,11.64,659,6912
IN-JK,Jammu and Kashmir,Female,Urban,70-74,Secondary,7.16,5.87,8.74,494,6912
IN-JK,Jammu and Kashmir,Female,Urban,70-74,Higher,5.37,4.40,6.55,371,6912
IN-JK,Jammu and Kashmir,Female,Urban,75-79,All,17.63,14.46,21.51,6092,34560
IN-JK,Jammu and Kashmir,Female,Urban,75-79,None,24.69,20.25,30.12,1706,6912
IN-JK,Jammu and Kashmir,Female,Urban,75-79,Primary,18.52,15.19,22.59,1280,6912
IN-JK,Jammu and Kashmir,Female,Urban,75-79,Middle,14.11,11.57,17.21,975,6912
IN-JK,Jammu and Kashmir,Female,Urban,75-79,Secondary,10.58,8.68,12.91,731,6912
IN-JK,Jammu and Kashmir,Female,Urban,75-79,Higher,7.94,6.51,9.69,548,6912
IN-JK,Jammu and Kashmir,Female,Urban,80-84,All,24.90,20.42,30.38,8605,34560
IN-JK,Jammu and Kashmir,Female,Urban,80-84,None,34.85,28.58,42.52,2408,6912
IN-JK,Jammu and Kashmir,Female,Urban,80-84,Primary,26.14,21.43,31.89,1806,6912
IN-JK,Jammu and Kashmir,Female,Urban,80-84,Middle,19.92,16.33,24.30,1376,6912
IN-JK,Jammu and Kashmir,Female,Urban,80-84,Secondary,14.94,12.25,18.23,1032,6912
IN-JK,Jammu and Kashmir,Female,Urban,80-84,Higher,11.20,9.18,13.66,774,6912
IN-JK,Jammu and Kashmir,Female,Urban,85+,All,34.23,28.07,41.76,11829,34560
IN-JK,Jammu and Kashmir,Female,Urban,85+,None,35.00,28.70,42.70,2419,6912
IN-JK,Jammu and Kashmir,Female,Urban,85+,Primary,35.00,28.70,42.70,2419,6912
IN-JK,Jammu and Kashmir,Female,Urban,85+,Middle,27.38,22.45,33.40,1892,6912
IN-JK,Jammu and Kashmir,Female,Urban,85+,Secondary,20.54,16.84,25.06,1419,6912
IN-JK,Jammu and Kashmir,Female,Urban,85+,Higher,15.40,12.63,18.79,1064,6912
IN-JK,Jammu and Kashmir,Female,Rural,60+,All,15.43,12.65,18.82,62954,408000
IN-JK,Jammu and Kashmir,Female,Rural,60+,None,21.61,17.72,26.36,17633,81600
IN-JK,Jammu and Kashmir,Female,Rural,60+,Primary,16.20,13.28,19.76,13219,81600
IN-JK,Jammu and Kashmir,Female,Rural,60+,Middle,12.35,10.13,15.07,10077,81600
IN-JK,Jammu and Kashmir,Female,Rural,60+,Secondary,9.26,7.59,11.30,7556,81600
IN-JK,Jammu and Kashmir,Female,Rural,60+,Higher,6.94,5.69,8.47,5663,81600
IN-JK,Jammu and Kashmir,Female,Rural,60-64,All,6.94,5.69,8.47,5096,73440
IN-JK,Jammu and Kashmir,Female,Rural,60-64,None,9.72,7.97,11.86,1427,14688
IN-JK,Jammu and Kashmir,Female,Rural,60-64,Primary,7.29,5.98,8.89,1070,14688
IN-JK,Jammu and Kashmir,Female,Rural,60-64,Middle,5.56,4.56,6.78,816,14688
IN-JK,Jammu and Kashmir,Female,Rural,60-64,Secondary,4.17,3.42,5.09,612,14688
IN-JK,Jammu and Kashmir,Female,Rural,60-64,Higher,3.13,2.57,3.82,459,14688
IN-JK,Jammu and Kashmir,Female,Rural,65-69,All,11.57,9.49,14.12,8497,73440
IN-JK,Jammu and Kashmir,Female,Rural,65-69,None,16.20,13.28,19.76,2379,14688
IN-JK,Jammu and Kashmir,Female,Rural,65-69,Primary,12.15,9.96,14.82,1784,14688
IN-JK,Jammu and Kashmir,Female,Rural,65-69,Middle,9.26,7.59,11.30,1360,14688
IN-JK,Jammu and Kashmir,Female,Rural,65-69,Secondary,6.94,5.69,8.47,1019,14688
IN-JK,Jammu and Kashmir,Female,Rural,65-69,Higher,5.21,4.27,6.36,765,14688
IN-JK,Jammu and Kashmir,Female,Rural,70-74,All,17.75,14.56,21.66,13035,73440
IN-JK,Jammu and Kashmir,Female,Rural,70-74,None,24.85,20.38,30.32,3649,14688
IN-JK,Jammu and Kashmir,Female,Rural,70-74,Primary,18.64,15.28,22.74,2737,14688
IN-JK,Jammu and Kashmir,Female,Rural,70-74,Middle,14.20,11.64,17.32,2085,14688
IN-JK,Jammu and Kashmir,Female,Rural,70-74,Secondary,10.65,8.73,12.99,1564,14688
IN-JK,Jammu and Kashmir,Female,Rural,70-74,Higher,7.99,6.55,9.75,1173,14688
IN-JK,Jammu and Kashmir,Female,Rural,75-79,All,26.24,21.52,32.01,19270,73440
IN-JK,Jammu and Kashmir,Female,Rural,75-79,None,35.00,28.70,42.70,5140,14688
IN-JK,Jammu and Kashmir,Female,Rural,75-79,Primary,27.55,22.59,33.61,4046,14688
IN-JK,Jammu and Kashmir,Female,Rural,75-79,Middle,20.99,17.21,25.61,3083,14688
IN-JK,Jammu and Kashmir,Female,Rural,75-79,Secondary,15.74,12.91,19.20,2311,14688
IN-JK,Jammu and Kashmir,Female,Rural,75-79,Higher,11.81,9.68,14.41,1734,14688
IN-JK,Jammu and Kashmir,Female,Rural,80-84,All,35.00,28.70,42.70,25704,73440
IN-JK,Jammu and Kashmir,Female,Rural,80-84,None,35.00,28.70,42.70,5140,14688
IN-JK,Jammu and Kashmir,Female,Rural,80-84,Primary,35.00,28.70,42.70,5140,14688
IN-JK,Jammu and Kashmir,Female,Rural,80-84,Middle,29.63,24.30,36.15,4352,14688
IN-JK,Jammu and Kashmir,Female,Rural,80-84,Secondary,22.22,18.22,27.11,3263,14688
IN-JK,Jammu and Kashmir,Female,Rural,80-84,Higher,16.67,13.67,20.34,2448,14688
IN-JK,Jammu and Kashmir,Female,Rural,85+,All,35.00,28.70,42.70,25704,73440
IN-JK,Jammu and Kashmir,Female,Rural,85+,None,35.00,28.70,42.70,5140,14688
IN-JK,Jammu and Kashmir,Female,Rural,85+,Primary,35.00,28.70,42.70,5140,14688
IN-JK,Jammu and Kashmir,Female,Rural,85+,Middle,35.00,28.70,42.70,5140,14688
IN-JK,Jammu and Kashmir,Female,Rural,85+,Secondary,30.56,25.06,37.28,4488,14688
IN-JK,Jammu and Kashmir,Female,Rural,85+,Higher,22.92,18.79,27.96,3366,14688
IN-KL,Kerala,Both,All,60+,All,9.20,7.54,11.22,496800,5400000
IN-KL,Kerala,Both,All,60+,None,12.88,10.56,15.71,139104,1080000
IN-KL,Kerala,Both,All,60+,Primary,9.66,7.92,11.79,104328,1080000
IN-KL,Kerala,Both,All,60+,Middle,7.36,6.04,8.98,79488,1080000
IN-KL,Kerala,Both,All,60+,Secondary,5.52,4.53,6.73,59616,1080000
IN-KL,Kerala,Both,All,60+,Higher,4.14,3.39,5.05,44712,1080000
IN-KL,Kerala,Both,All,60-64,All,4.14,3.39,5.05,40240,972000
IN-KL,Kerala,Both,All,60-64,None,5.80,4.76,7.08,11275,194399
IN-KL,Kerala,Both,All,60-64,Primary,4.35,3.57,5.31,8456,194399
IN-KL,Kerala,Both,All,60-64,Middle,3.31,2.71,4.04,6434,194399
IN-KL,Kerala,Both,All,60-64,Secondary,2.48,2.03,3.03,4821,194399
IN-KL,Kerala,Both,All,60-64,Higher,1.86,1.53,2.27,3615,194399
IN-KL,Kerala,Both,All,65-69,All,6.90,5.66,8.42,67068,972000
IN-KL,Kerala,Both,All,65-69,None,9.66,7.92,11.79,18778,194399
IN-KL,Kerala,Both,All,65-69,Primary,7.25,5.94,8.85,14093,194399
IN-KL,Kerala,Both,All,65-69,Middle,5.52,4.53,6.73,10730,194399
IN-KL,Kerala,Both,All,65-69,Secondary,4.14,3.39,5.05,8048,194399
IN-KL,Kerala,Both,All,65-69,Higher,3.11,2.55,3.79,6045,194399
IN-KL,Kerala,Both,All,70-74,All,10.58,8.68,12.91,102837,972000
IN-KL,Kerala,Both,All,70-74,None,14.81,12.14,18.07,28790,194399
IN-KL,Kerala,Both,All,70-74,Primary,11.11,9.11,13.55,21597,194399
IN-KL,Kerala,Both,All,70-74,Middle,8.46,6.94,10.32,16446,194399
IN-KL,Kerala,Both,All,70-74,Secondary,6.35,5.21,7.75,12344,194399
IN-KL,Kerala,Both,All,70-74,Higher,4.76,3.90,5.81,9253,194399
IN-KL,Kerala,Both,All,75-79,All,15.64,12.82,19.08,152020,972000
IN-KL,Kerala,Both,All,75-79,None,21.90,17.96,26.72,42573,194399
IN-KL,Kerala,Both,All,75-79,Primary,16.42,13.46,20.03,31920,194399
IN-KL,Kerala,Both,All,75-79,Middle,12.51,10.26,15.26,24319,194399
IN-KL,Kerala,Both,All,75-79,Secondary,9.38,7.69,11.44,18234,194399
IN-KL,Kerala,Both,All,75-79,Higher,7.04,5.77,8.59,13685,194399
IN-KL,Kerala,Both,All,80-84,All,22.08,18.11,26.94,214617,972000
IN-KL,Kerala,Both,All,80-84,None,30.91,25.35,37.71,60088,194399
IN-KL,Kerala,Both,All,80-84,Primary,23.18,19.01,28.28,45061,194399
IN-KL,Kerala,Both,All,80-84,Middle,17.66,14.48,21.55,34330,194399
IN-KL,Kerala,Both,All,80-84,Secondary,13.25,10.87,16.17,25757,194399
IN-KL,Kerala,Both,All,80-84,Higher,9.94,8.15,12.13,19323,194399
IN-KL,Kerala,Both,All,85+,All,30.36,24.90,37.04,295099,972000
IN-KL,Kerala,Both,All,85+,None,35.00,28.70,42.70,68039,194399
IN-KL,Kerala,Both,All,85+,Primary,31.88,26.14,38.89,61974,194399
IN-KL,Kerala,Both,All,85+,Middle,24.29,19.92,29.63,47219,194399
IN-KL,Kerala,Both,All,85+,Secondary,18.22,14.94,22.23,35419,194399
IN-KL,Kerala,Both,All,85+,Higher,13.66,11.20,16.67,26554,194399
IN-KL,Kerala,Both,Urban,60+,All,7.54,6.18,9.20,130291,1728000
IN-KL,Kerala,Both,Urban,60+,None,10.56,8.66,12.88,36495,345600
IN-KL,Kerala,Both,Urban,60+,Primary,7.92,6.49,9.66,27371,345600
IN-KL,Kerala,Both,Urban,60+,Middle,6.04,4.95,7.37,20874,345600
IN-KL,Kerala,Both,Urban,60+,Secondary,4.53,3.71,5.53,15655,345600
IN-KL,Kerala,Both,Urban,60+,Higher,3.39,2.78,4.14,11715,345600
IN-KL,Kerala,Both,Urban,60-64,All,3.39,2.78,4.14,10544,311040
IN-KL,Kerala,Both,Urban,60-64,None,4.75,3.89,5.80,2954,62208
IN-KL,Kerala,Both,Urban,60-64,Primary,3.56,2.92,4.34,2214,62208
IN-KL,Kerala,Both,Urban,60-64,Middle,2.72,2.23,3.32,1692,62208
IN-KL,Kerala,Both,Urban,60-64,Secondary,2.04,1.67,2.49,1269,62208
IN-KL,Kerala,Both,Urban,60-64,Higher,1.53,1.25,1.87,951,62208
IN-KL,Kerala,Both,Urban,65-69,All,5.66,4.64,6.91,17604,311040
IN-KL,Kerala,Both,Urban,65-69,None,7.92,6.49,9.66,4926,62208
IN-KL,Kerala,Both,Urban,65-69,Primary,5.94,4.87,7.25,3695,62208
IN-KL,Kerala,Both,Urban,65-69,Middle,4.53,3.71,5.53,2818,62208
IN-KL,Kerala,Both,Urban,65-69,Secondary,3.39,2.78,4.14,2108,62208
IN-KL,Kerala,Both,Urban,65-69,Higher,2.55,2.09,3.11,1586,62208
IN-KL,Kerala,Both,Urban,70-74,All,8.68,7.12,10.59,26998,311040
IN-KL,Kerala,Both,Urban,70-74,None,12.15,9.96,14.82,7558,62208
IN-KL,Kerala,Both,Urban,70-74,Primary,9.11,7.47,11.11,5667,62208
IN-KL,Kerala,Both,Urban,70-74,Middle,6.94,5.69,8.47,4317,62208
IN-KL,Kerala,Both,Urban,70-74,Secondary,5.21,4.27,6.36,3241,62208
IN-KL,Kerala,Both,Urban,70-74,Higher,3.90,3.20,4.76,2426,62208
IN-KL,Kerala,Both,Urban,75-79,All,12.82,10.51,15.64,39875,311040
IN-KL,Kerala,Both,Urban,75-79,None,17.95,14.72,21.90,11166,62208
IN-KL,Kerala,Both,Urban,75-79,Primary,13.47,11.05,16.43,8379,62208
IN-KL,Kerala,Both,Urban,75-79,Middle,10.26,8.41,12.52,6382,62208
IN-KL,Kerala,Both,Urban,75-79,Secondary,7.69,6.31,9.38,4783,62208
IN-KL,Kerala,Both,Urban,75-79,Higher,5.77,4.73,7.04,3589,62208
IN-KL,Kerala,Both,Urban,80-84,All,18.11,14.85,22.09,56329,311040
IN-KL,Kerala,Both,Urban,80-84,None,25.35,20.79,30.93,15769,62208
IN-KL,Kerala,Both,Urban,80-84,Primary,19.01,15.59,23.19,11825,62208
IN-KL,Kerala,Both,Urban,80-84,Middle,14.48,11.87,17.67,9007,62208
IN-KL,Kerala,Both,Urban,80-84,Secondary,10.86,8.91,13.25,6755,62208
IN-KL,Kerala,Both,Urban,80-84,Higher,8.15,6.68,9.94,5069,62208
IN-KL,Kerala,Both,Urban,85+,All,24.90,20.42,30.38,77448,311040
IN-KL,Kerala,Both,Urban,85+,None,34.85,28.58,42.52,21679,62208
IN-KL,Kerala,Both,Urban,85+,Primary,26.14,21.43,31.89,16261,62208
IN-KL,Kerala,Both,Urban,85+,Middle,19.92,16.33,24.30,12391,62208
IN-KL,Kerala,Both,Urban,85+,Secondary,14.94,12.25,18.23,9293,62208
IN-KL,Kerala,Both,Urban,85+,Higher,11.20,9.18,13.66,6967,62208
IN-KL,Kerala,Both,Rural,60+,All,11.22,9.20,13.69,411998,3672000
IN-KL,Kerala,Both,Rural,60+,None,15.71,12.88,19.17,115374,734400
IN-KL,Kerala,Both,Rural,60+,Primary,11.79,9.67,14.38,86585,734400
IN-KL,Kerala,Both,Rural,60+,Middle,8.98,7.36,10.96,65949,734400
IN-KL,Kerala,Both,Rural,60+,Secondary,6.73,5.52,8.21,49425,734400
IN-KL,Kerala,Both,Rural,60+,Higher,5.05,4.14,6.16,37087,734400
IN-KL,Kerala,Both,Rural,60-64,All,5.05,4.14,6.16,33378,660960
IN-KL,Kerala,Both,Rural,60-64,None,7.07,5.80,8.63,9345,132192
IN-KL,Kerala,Both,Rural,60-64,Primary,5.30,4.35,6.47,7006,132192
IN-KL,Kerala,Both,Rural,60-64,Middle,4.04,3.31,4.93,5340,132192
IN-KL,Kerala,Both,Rural,60-64,Secondary,3.03,2.48,3.70,4005,132192
IN-KL,Kerala,Both,Rural,60-64,Higher,2.27,1.86,2.77,3000,132192
IN-KL,Kerala,Both,Rural,65-69,All,8.42,6.90,10.27,55652,660960
IN-KL,Kerala,Both,Rural,65-69,None,11.79,9.67,14.38,15585,132192
IN-KL,Kerala,Both,Rural,65-69,Primary,8.84,7.25,10.78,11685,132192
IN-KL,Kerala,Both,Rural,65-69,Middle,6.73,5.52,8.21,8896,132192
IN-KL,Kerala,Both,Rural,65-69,Secondary,5.05,4.14,6.16,6675,132192
IN-KL,Kerala,Both,Rural,65-69,Higher,3.79,3.11,4.62,5010,132192
IN-KL,Kerala,Both,Rural,70-74,All,12.91,10.59,15.75,85329,660960
IN-KL,Kerala,Both,Rural,70-74,None,18.07,14.82,22.05,23887,132192
IN-KL,Kerala,Both,Rural,70-74,Primary,13.55,11.11,16.53,17912,132192
IN-KL,Kerala,Both,Rural,70-74,Middle,10.33,8.47,12.60,13655,132192
IN-KL,Kerala,Both,Rural,70-74,Secondary,7.74,6.35,9.44,10231,132192
IN-KL,Kerala,Both,Rural,70-74,Higher,5.81,4.76,7.09,7680,132192
IN-KL,Kerala,Both,Rural,75-79,All,19.08,15.65,23.28,126111,660960
IN-KL,Kerala,Both,Rural,75-79,None,26.71,21.90,32.59,35308,132192
IN-KL,Kerala,Both,Rural,75-79,Primary,20.03,16.42,24.44,26478,132192
IN-KL,Kerala,Both,Rural,75-79,Middle,15.26,12.51,18.62,20172,132192
IN-KL,Kerala,Both,Rural,75-79,Secondary,11.45,9.39,13.97,15135,132192
IN-KL,Kerala,Both,Rural,75-79,Higher,8.59,7.04,10.48,11355,132192
IN-KL,Kerala,Both,Rural,80-84,All,26.94,22.09,32.87,178062,660960
IN-KL,Kerala,Both,Rural,80-84,None,35.00,28.70,42.70,46267,132192
IN-KL,Kerala,Both,Rural,80-84,Primary,28.28,23.19,34.50,37383,132192
IN-KL,Kerala,Both,Rural,80-84,Middle,21.55,17.67,26.29,28487,132192
IN-KL,Kerala,Both,Rural,80-84,Secondary,16.16,13.25,19.72,21362,132192
IN-KL,Kerala,Both,Rural,80-84,Higher,12.12,9.94,14.79,16021,132192
IN-KL,Kerala,Both,Rural,85+,All,35.00,28.70,42.70,231335,660960
IN-KL,Kerala,Both,Rural,85+,None,35.00,28.70,42.70,46267,132192
IN-KL,Kerala,Both,Rural,85+,Primary,35.00,28.70,42.70,46267,132192
IN-KL,Kerala,Both,Rural,85+,Middle,29.63,24.30,36.15,39168,132192
IN-KL,Kerala,Both,Rural,85+,Secondary,22.22,18.22,27.11,29373,132192
IN-KL,Kerala,Both,Rural,85+,Higher,16.67,13.67,20.34,22036,132192
IN-KL,Kerala,Male,All,60+,All,7.82,6.41,9.54,211140,2700000
IN-KL,Kerala,Male,All,60+,None,10.95,8.98,13.36,59129,540000
IN-KL,Kerala,Male,All,60+,Primary,8.21,6.73,10.02,44334,540000
IN-KL,Kerala,Male,All,60+,Middle,6.26,5.13,7.64,33804,540000
IN-KL,Kerala,Male,All,60+,Secondary,4.69,3.85,5.72,25326,540000
IN-KL,Kerala,Male,All,60+,Higher,3.52,2.89,4.29,19008,540000
IN-KL,Kerala,Male,All,60-64,All,3.52,2.89,4.29,17107,486000
IN-KL,Kerala,Male,All,60-64,None,4.93,4.04,6.01,4791,97199
IN-KL,Kerala,Male,All,60-64,Primary,3.69,3.03,4.50,3586,97199
IN-KL,Kerala,Male,All,60-64,Middle,2.82,2.31,3.44,2741,97199
IN-KL,Kerala,Male,All,60-64,Secondary,2.11,1.73,2.57,2050,97199
IN-KL,Kerala,Male,All,60-64,Higher,1.58,1.30,1.93,1535,97199
IN-KL,Kerala,Male,All,65-69,All,5.86,4.81,7.15,28479,486000
IN-KL,Kerala,Male,All,65-69,None,8.21,6.73,10.02,7980,97199
IN-KL,Kerala,Male,All,65-69,Primary,6.16,5.05,7.52,5987,97199
IN-KL,Kerala,Male,All,65-69,Middle,4.69,3.85,5.72,4558,97199
IN-KL,Kerala,Male,All,65-69,Secondary,3.52,2.89,4.29,3421,97199
IN-KL,Kerala,Male,All,65-69,Higher,2.64,2.16,3.22,2566,97199
IN-KL,Kerala,Male,All,70-74,All,8.99,7.37,10.97,43691,486000
IN-KL,Kerala,Male,All,70-74,None,12.59,10.32,15.36,12237,97199
IN-KL,Kerala,Male,All,70-74,Primary,9.44,7.74,11.52,9175,97199
IN-KL,Kerala,Male,All,70-74,Middle,7.19,5.90,8.77,6988,97199
IN-KL,Kerala,Male,All,70-74,Secondary,5.40,4.43,6.59,5248,97199
IN-KL,Kerala,Male,All,70-74,Higher,4.05,3.32,4.94,3936,97199
IN-KL,Kerala,Male,All,75-79,All,13.29,10.90,16.21,64589,486000
IN-KL,Kerala,Male,All,75-79,None,18.61,15.26,22.70,18088,97199
IN-KL,Kerala,Male,All,75-79,Primary,13.96,11.45,17.03,13568,97199
IN-KL,Kerala,Male,All,75-79,Middle,10.64,8.72,12.98,10341,97199
IN-KL,Kerala,Male,All,75-79,Secondary,7.98,6.54,9.74,7756,97199
IN-KL,Kerala,Male,All,75-79,Higher,5.98,4.90,7.30,5812,97199
IN-KL,Kerala,Male,All,80-84,All,18.77,15.39,22.90,91222,486000
IN-KL,Kerala,Male,All,80-84,None,26.28,21.55,32.06,25543,97199
IN-KL,Kerala,Male,All,80-84,Primary,19.71,16.16,24.05,19157,97199
IN-KL,Kerala,Male,All,80-84,Middle,15.01,12.31,18.31,14589,97199
IN-KL,Kerala,Male,All,80-84,Secondary,11.26,9.23,13.74,10944,97199
IN-KL,Kerala,Male,All,80-84,Higher,8.45,6.93,10.31,8213,97199
IN-KL,Kerala,Male,All,85+,All,25.81,21.16,31.49,125436,486000
IN-KL,Kerala,Male,All,85+,None,35.00,28.70,42.70,34019,97199
IN-KL,Kerala,Male,All,85+,Primary,27.10,22.22,33.06,26340,97199
IN-KL,Kerala,Male,All,85+,Middle,20.64,16.92,25.18,20061,97199
IN-KL,Kerala,Male,All,85+,Secondary,15.48,12.69,18.89,15046,97199
IN-KL,Kerala,Male,All,85+,Higher,11.61,9.52,14.16,11284,97199
IN-KL,Kerala,Male,Urban,60+,All,6.41,5.26,7.82,55382,864000
IN-KL,Kerala,Male,Urban,60+,None,8.98,7.36,10.96,15517,172800
IN-KL,Kerala,Male,Urban,60+,Primary,6.73,5.52,8.21,11629,172800
IN-KL,Kerala,Male,Urban,60+,Middle,5.13,4.21,6.26,8864,172800
IN-KL,Kerala,Male,Urban,60+,Secondary,3.85,3.16,4.70,6652,172800
IN-KL,Kerala,Male,Urban,60+,Higher,2.89,2.37,3.53,4993,172800
IN-KL,Kerala,Male,Urban,60-64,All,2.89,2.37,3.53,4494,155520
IN-KL,Kerala,Male,Urban,60-64,None,4.04,3.31,4.93,1256,31104
IN-KL,Kerala,Male,Urban,60-64,Primary,3.03,2.48,3.70,942,31104
IN-KL,Kerala,Male,Urban,60-64,Middle,2.31,1.89,2.82,718,31104
IN-KL,Kerala,Male,Urban,60-64,Secondary,1.73,1.42,2.11,538,31104
IN-KL,Kerala,Male,Urban,60-64,Higher,1.30,1.07,1.59,404,31104
IN-KL,Kerala,Male,Urban,65-69,All,4.81,3.94,5.87,7480,155520
IN-KL,Kerala,Male,Urban,65-69,None,6.73,5.52,8.21,2093,31104
IN-KL,Kerala,Male,Urban,65-69,Primary,5.05,4.14,6.16,1570,31104
IN-KL,Kerala,Male,Urban,65-69,Middle,3.85,3.16,4.70,1197,31104
IN-KL,Kerala,Male,Urban,65-69,Secondary,2.89,2.37,3.53,898,31104
IN-KL,Kerala,Male,Urban,65-69,Higher,2.16,1.77,2.64,671,31104
IN-KL,Kerala,Male,Urban,70-74,All,7.37,6.04,8.99,11461,155520
IN-KL,Kerala,Male,Urban,70-74,None,10.32,8.46,12.59,3209,31104
IN-KL,Kerala,Male,Urban,70-74,Primary,7.74,6.35,9.44,2407,31104
IN-KL,Kerala,Male,Urban,70-74,Middle,5.90,4.84,7.20,1835,31104
IN-KL,Kerala,Male,Urban,70-74,Secondary,4.42,3.62,5.39,1374,31104
IN-KL,Kerala,Male,Urban,70-74,Higher,3.32,2.72,4.05,1032,31104
IN-KL,Kerala,Male,Urban,75-79,All,10.90,8.94,13.30,16951,155520
IN-KL,Kerala,Male,Urban,75-79,None,15.26,12.51,18.62,4746,31104
IN-KL,Kerala,Male,Urban,75-79,Primary,11.45,9.39,13.97,3561,31104
IN-KL,Kerala,Male,Urban,75-79,Middle,8.72,7.15,10.64,2712,31104
IN-KL,Kerala,Male,Urban,75-79,Secondary,6.54,5.36,7.98,2034,31104
IN-KL,Kerala,Male,Urban,75-79,Higher,4.91,4.03,5.99,1527,31104
IN-KL,Kerala,Male,Urban,80-84,All,15.39,12.62,18.78,23934,155520
IN-KL,Kerala,Male,Urban,80-84,None,21.55,17.67,26.29,6702,31104
IN-KL,Kerala,Male,Urban,80-84,Primary,16.16,13.25,19.72,5026,31104
IN-KL,Kerala,Male,Urban,80-84,Middle,12.31,10.09,15.02,3828,31104
IN-KL,Kerala,Male,Urban,80-84,Secondary,9.23,7.57,11.26,2870,31104
IN-KL,Kerala,Male,Urban,80-84,Higher,6.93,5.68,8.45,2155,31104
IN-KL,Kerala,Male,Urban,85+,All,21.16,17.35,25.82,32908,155520
IN-KL,Kerala,Male,Urban,85+,None,29.63,24.30,36.15,9216,31104
IN-KL,Kerala,Male,Urban,85+,Primary,22.22,18.22,27.11,6911,31104
IN-KL,Kerala,Male,Urban,85+,Middle,16.93,13.88,20.65,5265,31104
IN-KL,Kerala,Male,Urban,85+,Secondary,12.70,10.41,15.49,3950,31104
IN-KL,Kerala,Male,Urban,85+,Higher,9.52,7.81,11.61,2961,31104
IN-KL,Kerala,Male,Rural,60+,All,9.54,7.82,11.64,175154,1836000
IN-KL,Kerala,Male,Rural,60+,None,13.36,10.96,16.30,49057,367200
IN-KL,Kerala,Male,Rural,60+,Primary,10.02,8.22,12.22,36793,367200
IN-KL,Kerala,Male,Rural,60+,Middle,7.63,6.26,9.31,28017,367200
IN-KL,Kerala,Male,Rural,60+,Secondary,5.72,4.69,6.98,21003,367200
IN-KL,Kerala,Male,Rural,60+,Higher,4.29,3.52,5.23,15752,367200
IN-KL,Kerala,Male,Rural,60-64,All,4.29,3.52,5.23,14177,330480
IN-KL,Kerala,Male,Rural,60-64,None,6.01,4.93,7.33,3972,66096
IN-KL,Kerala,Male,Rural,60-64,Primary,4.51,3.70,5.50,2980,66096
IN-KL,Kerala,Male,Rural,60-64,Middle,3.43,2.81,4.18,2267,66096
IN-KL,Kerala,Male,Rural,60-64,Secondary,2.58,2.12,3.15,1705,66096
IN-KL,Kerala,Male,Rural,60-64,Higher,1.93,1.58,2.35,1275,66096
IN-KL,Kerala,Male,Rural,65-69,All,7.16,5.87,8.74,23662,330480
IN-KL,Kerala,Male,Rural,65-69,None,10.02,8.22,12.22,6622,66096
IN-KL,Kerala,Male,Rural,65-69,Primary,7.51,6.16,9.16,4963,66096
IN-KL,Kerala,Male,Rural,65-69,Middle,5.72,4.69,6.98,3780,66096
IN-KL,Kerala,Male,Rural,65-69,Secondary,4.29,3.52,5.23,2835,66096
IN-KL,Kerala,Male,Rural,65-69,Higher,3.22,2.64,3.93,2128,66096
IN-KL,Kerala,Male,Rural,70-74,All,10.97,9.00,13.38,36253,330480
IN-KL,Kerala,Male,Rural,70-74,None,15.36,12.60,18.74,10152,66096
IN-KL,Kerala,Male,Rural,70-74,Primary,11.52,9.45,14.05,7614,66096
IN-KL,Kerala,Male,Rural,70-74,Middle,8.78,7.20,10.71,5803,66096
IN-KL,Kerala,Male,Rural,70-74,Secondary,6.58,5.40,8.03,4349,66096
IN-KL,Kerala,Male,Rural,70-74,Higher,4.94,4.05,6.03,3265,66096
IN-KL,Kerala,Male,Rural,75-79,All,16.22,13.30,19.79,53603,330480
IN-KL,Kerala,Male,Rural,75-79,None,22.71,18.62,27.71,15010,66096
IN-KL,Kerala,Male,Rural,75-79,Primary,17.03,13.96,20.78,11256,66096
IN-KL,Kerala,Male,Rural,75-79,Middle,12.97,10.64,15.82,8572,66096
IN-KL,Kerala,Male,Rural,75-79,Secondary,9.73,7.98,11.87,6431,66096
IN-KL,Kerala,Male,Rural,75-79,Higher,7.30,5.99,8.91,4825,66096
IN-KL,Kerala,Male,Rural,80-84,All,22.90,18.78,27.94,75679,330480
IN-KL,Kerala,Male,Rural,80-84,None,32.06,26.29,39.11,21190,66096
IN-KL,Kerala,Male,Rural,80-84,Primary,24.04,19.71,29.33,15889,66096
IN-KL,Kerala,Male,Rural,80-84,Middle,18.32,15.02,22.35,12108,66096
IN-KL,Kerala,Male,Rural,80-84,Secondary,13.74,11.27,16.76,9081,66096
IN-KL,Kerala,Male,Rural,80-84,Higher,10.30,8.45,12.57,6807,66096
IN-KL,Kerala,Male,Rural,85+,All,31.48,25.81,38.41,104035,330480
IN-KL,Kerala,Male,Rural,85+,None,35.00,28.70,42.70,23133,66096
IN-KL,Kerala,Male,Rural,85+,Primary,33.06,27.11,40.33,21851,66096
IN-KL,Kerala,Male,Rural,85+,Middle,25.19,20.66,30.73,16649,66096
IN-KL,Kerala,Male,Rural,85+,Secondary,18.89,15.49,23.05,12485,66096
IN-KL,Kerala,Male,Rural,85+,Higher,14.17,11.62,17.29,9365,66096
IN-KL,Kerala,Female,All,60+,All,10.58,8.68,12.91,285660,2700000
IN-KL,Kerala,Female,All,60+,None,14.81,12.14,18.07,79974,540000
IN-KL,Kerala,Female,All,60+,Primary,11.11,9.11,13.55,59993,540000
IN-KL,Kerala,Female,All,60+,Middle,8.46,6.94,10.32,45684,540000
IN-KL,Kerala,Female,All,60+,Secondary,6.35,5.21,7.75,34290,540000
IN-KL,Kerala,Female,All,60+,Higher,4.76,3.90,5.81,25703,540000
IN-KL,Kerala,Female,All,60-64,All,4.76,3.90,5.81,23133,486000
IN-KL,Kerala,Female,All,60-64,None,6.67,5.47,8.14,6483,97199
IN-KL,Kerala,Female,All,60-64,Primary,5.00,4.10,6.10,4859,97199
IN-KL,Kerala,Female,All,60-64,Middle,3.81,3.12,4.65,3703,97199
IN-KL,Kerala,Female,All,60-64,Secondary,2.86,2.35,3.49,2779,97199
IN-KL,Kerala,Female,All,60-64,Higher,2.14,1.75,2.61,2080,97199
IN-KL,Kerala,Female,All,65-69,All,7.93,6.50,9.67,38539,486000
IN-KL,Kerala,Female,All,65-69,None,11.11,9.11,13.55,10798,97199
IN-KL,Kerala,Female,All,65-69,Primary,8.33,6.83,10.16,8096,97199
IN-KL,Kerala,Female,All,65-69,Middle,6.35,5.21,7.75,6172,97199
IN-KL,Kerala,Female,All,65-69,Secondary,4.76,3.90,5.81,4626,97199
IN-KL,Kerala,Female,All,65-69,Higher,3.57,2.93,4.36,3470,97199
IN-KL,Kerala,Female,All,70-74,All,12.17,9.98,14.85,59146,486000
IN-KL,Kerala,Female,All,70-74,None,17.03,13.96,20.78,16552,97199
IN-KL,Kerala,Female,All,70-74,Primary,12.78,10.48,15.59,12422,97199
IN-KL,Kerala,Female,All,70-74,Middle,9.73,7.98,11.87,9457,97199
IN-KL,Kerala,Female,All,70-74,Secondary,7.30,5.99,8.91,7095,97199
IN-KL,Kerala,Female,All,70-74,Higher,5.48,4.49,6.69,5326,97199
IN-KL,Kerala,Female,All,75-79,All,17.99,14.75,21.95,87431,486000
IN-KL,Kerala,Female,All,75-79,None,25.18,20.65,30.72,24474,97199
IN-KL,Kerala,Female,All,75-79,Primary,18.89,15.49,23.05,18360,97199
IN-KL,Kerala,Female,All,75-79,Middle,14.39,11.80,17.56,13986,97199
IN-KL,Kerala,Female,All,75-79,Secondary,10.79,8.85,13.16,10487,97199
IN-KL,Kerala,Female,All,75-79,Higher,8.09,6.63,9.87,7863,97199
IN-KL,Kerala,Female,All,80-84,All,25.39,20.82,30.98,123395,486000
IN-KL,Kerala,Female,All,80-84,None,35.00,28.70,42.70,34019,97199
IN-KL,Kerala,Female,All,80-84,Primary,26.66,21.86,32.53,25913,97199
IN-KL,Kerala,Female,All,80-84,Middle,20.31,16.65,24.78,19741,97199
IN-KL,Kerala,Female,All,80-84,Secondary,15.24,12.50,18.59,14813,97199
IN-KL,Kerala,Female,All,80-84,Higher,11.43,9.37,13.94,11109,97199
IN-KL,Kerala,Female,All,85+,All,34.91,28.63,42.59,169662,486000
IN-KL,Kerala,Female,All,85+,None,35.00,28.70,42.70,34019,97199
IN-KL,Kerala,Female,All,85+,Primary,35.00,28.70,42.70,34019,97199
IN-KL,Kerala,Female,All,85+,Middle,27.93,22.90,34.07,27147,97199
IN-KL,Kerala,Female,All,85+,Secondary,20.95,17.18,25.56,20363,97199
IN-KL,Kerala,Female,All,85+,Higher,15.71,12.88,19.17,15269,97199
IN-KL,Kerala,Female,Urban,60+,All,8.68,7.12,10.59,74995,864000
IN-KL,Kerala,Female,Urban,60+,None,12.15,9.96,14.82,20995,172800
IN-KL,Kerala,Female,Urban,60+,Primary,9.11,7.47,11.11,15742,172800
IN-KL,Kerala,Female,Urban,60+,Middle,6.94,5.69,8.47,11992,172800
IN-KL,Kerala,Female,Urban,60+,Secondary,5.21,4.27,6.36,9002,172800
IN-KL,Kerala,Female,Urban,60+,Higher,3.90,3.20,4.76,6739,172800
IN-KL,Kerala,Female,Urban,60-64,All,3.90,3.20,4.76,6065,155520
IN-KL,Kerala,Female,Urban,60-64,None,5.47,4.49,6.67,1701,31104
IN-KL,Kerala,Female,Urban,60-64,Primary,4.10,3.36,5.00,1275,31104
IN-KL,Kerala,Female,Urban,60-64,Middle,3.12,2.56,3.81,970,31104
IN-KL,Kerala,Female,Urban,60-64,Secondary,2.34,1.92,2.85,727,31104
IN-KL,Kerala,Female,Urban,60-64,Higher,1.76,1.44,2.15,547,31104
IN-KL,Kerala,Female,Urban,65-69,All,6.51,5.34,7.94,10124,155520
IN-KL,Kerala,Female,Urban,65-69,None,9.11,7.47,11.11,2833,31104
IN-KL,Kerala,Female,Urban,65-69,Primary,6.83,5.60,8.33,2124,31104
IN-KL,Kerala,Female,Urban,65-69,Middle,5.21,4.27,6.36,1620,31104
IN-KL,Kerala,Female,Urban,65-69,Secondary,3.90,3.20,4.76,1213,31104
IN-KL,Kerala,Female,Urban,65-69,Higher,2.93,2.40,3.57,911,31104
IN-KL,Kerala,Female,Urban,70-74,All,9.98,8.18,12.18,15520,155520
IN-KL,Kerala,Female,Urban,70-74,None,13.97,11.46,17.04,4345,31104
IN-KL,Kerala,Female,Urban,70-74,Primary,10.48,8.59,12.79,3259,31104
IN-KL,Kerala,Female,Urban,70-74,Middle,7.98,6.54,9.74,2482,31104
IN-KL,Kerala,Female,Urban,70-74,Secondary,5.99,4.91,7.31,1863,31104
IN-KL,Kerala,Female,Urban,70-74,Higher,4.49,3.68,5.48,1396,31104
IN-KL,Kerala,Female,Urban,75-79,All,14.75,12.10,18.00,22939,155520
IN-KL,Kerala,Female,Urban,75-79,None,20.65,16.93,25.19,6422,31104
IN-KL,Kerala,Female,Urban,75-79,Primary,15.49,12.70,18.90,4818,31104
IN-KL,Kerala,Female,Urban,75-79,Middle,11.80,9.68,14.40,3670,31104
IN-KL,Kerala,Female,Urban,75-79,Secondary,8.85,7.26,10.80,2752,31104
IN-KL,Kerala,Female,Urban,75-79,Higher,6.64,5.44,8.10,2065,31104
IN-KL,Kerala,Female,Urban,80-84,All,20.82,17.07,25.40,32379,155520
IN-KL,Kerala,Female,Urban,80-84,None,29.15,23.90,35.56,9066,31104
IN-KL,Kerala,Female,Urban,80-84,Primary,21.86,17.93,26.67,6799,31104
IN-KL,Kerala,Female,Urban,80-84,Middle,16.66,13.66,20.33,5181,31104
IN-KL,Kerala,Female,Urban,80-84,Secondary,12.49,10.24,15.24,3884,31104
IN-KL,Kerala,Female,Urban,80-84,Higher,9.37,7.68,11.43,2914,31104
IN-KL,Kerala,Female,Urban,85+,All,28.63,23.48,34.93,44525,155520
IN-KL,Kerala,Female,Urban,85+,None,35.00,28.70,42.70,10886,31104
IN-KL,Kerala,Female,Urban,85+,Primary,30.06,24.65,36.67,9349,31104
IN-KL,Kerala,Female,Urban,85+,Middle,22.90,18.78,27.94,7122,31104
IN-KL,Kerala,Female,Urban,85+,Secondary,17.18,14.09,20.96,5343,31104
IN-KL,Kerala,Female,Urban,85+,Higher,12.88,10.56,15.71,4006,31104
IN-KL,Kerala,Female,Rural,60+,All,12.91,10.59,15.75,237027,1836000
IN-KL,Kerala,Female,Rural,60+,None,18.07,14.82,22.05,66353,367200
IN-KL,Kerala,Female,Rural,60+,Primary,13.55,11.11,16.53,49755,367200
IN-KL,Kerala,Female,Rural,60+,Middle,10.33,8.47,12.60,37931,367200
IN-KL,Kerala,Female,Rural,60+,Secondary,7.74,6.35,9.44,28421,367200
IN-KL,Kerala,Female,Rural,60+,Higher,5.81,4.76,7.09,21334,367200
IN-KL,Kerala,Female,Rural,60-64,All,5.81,4.76,7.09,19200,330480
IN-KL,Kerala,Female,Rural,60-64,None,8.13,6.67,9.92,5373,66096
IN-KL,Kerala,Female,Rural,60-64,Primary,6.10,5.00,7.44,4031,66096
IN-KL,Kerala,Female,Rural,60-64,Middle,4.65,3.81,5.67,3073,66096
IN-KL,Kerala,Female,Rural,60-64,Secondary,3.49,2.86,4.26,2306,66096
IN-KL,Kerala,Female,Rural,60-64,Higher,2.61,2.14,3.18,1725,66096
IN-KL,Kerala,Female,Rural,65-69,All,9.68,7.94,11.81,31990,330480
IN-KL,Kerala,Female,Rural,65-69,None,13.55,11.11,16.53,8956,66096
IN-KL,Kerala,Female,Rural,65-69,Primary,10.16,8.33,12.40,6715,66096
IN-KL,Kerala,Female,Rural,65-69,Middle,7.74,6.35,9.44,5115,66096
IN-KL,Kerala,Female,Rural,65-69,Secondary,5.81,4.76,7.09,3840,66096
IN-KL,Kerala,Female,Rural,65-69,Higher,4.36,3.58,5.32,2881,66096
IN-KL,Kerala,Female,Rural,70-74,All,14.84,12.17,18.10,49043,330480
IN-KL,Kerala,Female,Rural,70-74,None,20.78,17.04,25.35,13734,66096
IN-KL,Kerala,Female,Rural,70-74,Primary,15.59,12.78,19.02,10304,66096
IN-KL,Kerala,Female,Rural,70-74,Middle,11.87,9.73,14.48,7845,66096
IN-KL,Kerala,Female,Rural,70-74,Secondary,8.91,7.31,10.87,5889,66096
IN-KL,Kerala,Female,Rural,70-74,Higher,6.68,5.48,8.15,4415,66096
IN-KL,Kerala,Female,Rural,75-79,All,21.94,17.99,26.77,72507,330480
IN-KL,Kerala,Female,Rural,75-79,None,30.72,25.19,37.48,20304,66096
IN-KL,Kerala,Female,Rural,75-79,Primary,23.04,18.89,28.11,15228,66096
IN-KL,Kerala,Female,Rural,75-79,Middle,17.55,14.39,21.41,11599,66096
IN-KL,Kerala,Female,Rural,75-79,Secondary,13.17,10.80,16.07,8704,66096
IN-KL,Kerala,Female,Rural,75-79,Higher,9.87,8.09,12.04,6523,66096
IN-KL,Kerala,Female,Rural,80-84,All,30.98,25.40,37.80,102382,330480
IN-KL,Kerala,Female,Rural,80-84,None,35.00,28.70,42.70,23133,66096
IN-KL,Kerala,Female,Rural,80-84,Primary,32.53,26.67,39.69,21501,66096
IN-KL,Kerala,Female,Rural,80-84,Middle,24.78,20.32,30.23,16378,66096
IN-KL,Kerala,Female,Rural,80-84,Secondary,18.59,15.24,22.68,12287,66096
IN-KL,Kerala,Female,Rural,80-84,Higher,13.94,11.43,17.01,9213,66096
IN-KL,Kerala,Female,Rural,85+,All,35.00,28.70,42.70,115667,330480
IN-KL,Kerala,Female,Rural,85+,None,35.00,28.70,42.70,23133,66096
IN-KL,Kerala,Female,Rural,85+,Primary,35.00,28.70,42.70,23133,66096
IN-KL,Kerala,Female,Rural,85+,Middle,34.08,27.95,41.58,22525,66096
IN-KL,Kerala,Female,Rural,85+,Secondary,25.56,20.96,31.18,16894,66096
IN-KL,Kerala,Female,Rural,85+,Higher,19.17,15.72,23.39,12670,66096
IN-TN,Tamil Nadu,Both,All,60+,All,8.80,7.22,10.74,809600,9200000
IN-TN,Tamil Nadu,Both,All,60+,None,12.32,10.10,15.03,226688,1840000
IN-TN,Tamil Nadu,Both,All,60+,Primary,9.24,7.58,11.27,170016,1840000
IN-TN,Tamil Nadu,Both,All,60+,Middle,7.04,5.77,8.59,129536,1840000
IN-TN,Tamil Nadu,Both,All,60+,Secondary,5.28,4.33,6.44,97152,1840000
IN-TN,Tamil Nadu,Both,All,60+,Higher,3.96,3.25,4.83,72864,1840000
IN-TN,Tamil Nadu,Both,All,60-64,All,3.96,3.25,4.83,65577,1656000
IN-TN,Tamil Nadu,Both,All,60-64,None,5.54,4.54,6.76,18348,331200
IN-TN,Tamil Nadu,Both,All,60-64,Primary,4.16,3.41,5.08,13777,331200
IN-TN,Tamil Nadu,Both,All,60-64,Middle,3.17,2.60,3.87,10499,331200
IN-TN,Tamil Nadu,Both,All,60-64,Secondary,2.38,1.95,2.90,7882,331200
IN-TN,Tamil Nadu,Both,All,60-64,Higher,1.78,1.46,2.17,5895,331200
IN-TN,Tamil Nadu,Both,All,65-69,All,6.60,5.41,8.05,109296,1656000
IN-TN,Tamil Nadu,Both,All,65-69,None,9.24,7.58,11.27,30602,331200
IN-TN,Tamil Nadu,Both,All,65-69,Primary,6.93,5.68,8.45,22952,331200
IN-TN,Tamil Nadu,Both,All,65-69,Middle,5.28,4.33,6.44,17487,331200
IN-TN,Tamil Nadu,Both,All,65-69,Secondary,3.96,3.25,4.83,13115,331200
IN-TN,Tamil Nadu,Both,All,65-69,Higher,2.97,2.44,3.62,9836,331200
IN-TN,Tamil Nadu,Both,All,70-74,All,10.12,8.30,12.35,167587,1656000
IN-TN,Tamil Nadu,Both,All,70-74,None,14.17,11.62,17.29,46931,331200
IN-TN,Tamil Nadu,Both,All,70-74,Primary,10.63,8.72,12.97,35206,331200
IN-TN,Tamil Nadu,Both,All,70-74,Middle,8.10,6.64,9.88,26827,331200
IN-TN,Tamil Nadu,Both,All,70-74,Secondary,6.07,4.98,7.41,20103,331200
IN-TN,Tamil Nadu,Both,All,70-74,Higher,4.55,3.73,5.55,15069,331200
IN-TN,Tamil Nadu,Both,All,75-79,All,14.96,12.27,18.25,247737,1656000
IN-TN,Tamil Nadu,Both,All,75-79,None,20.94,17.17,25.55,69353,331200
IN-TN,Tamil Nadu,Both,All,75-79,Primary,15.71,12.88,19.17,52031,331200
IN-TN,Tamil Nadu,Both,All,75-79,Middle,11.97,9.82,14.60,39644,331200
IN-TN,Tamil Nadu,Both,All,75-79,Secondary,8.98,7.36,10.96,29741,331200
IN-TN,Tamil Nadu,Both,All,75-79,Higher,6.73,5.52,8.21,22289,331200
IN-TN,Tamil Nadu,Both,All,80-84,All,21.12,17.32,25.77,349747,1656000
IN-TN,Tamil Nadu,Both,All,80-84,None,29.57,24.25,36.08,97935,331200
IN-TN,Tamil Nadu,Both,All,80-84,Primary,22.18,18.19,27.06,73460,331200
IN-TN,Tamil Nadu,Both,All,80-84,Middle,16.90,13.86,20.62,55972,331200
IN-TN,Tamil Nadu,Both,All,80-84,Secondary,12.67,10.39,15.46,41963,331200
IN-TN,Tamil Nadu,Both,All,80-84,Higher,9.50,7.79,11.59,31464,331200
IN-TN,Tamil Nadu,Both,All,85+,All,29.04,23.81,35.43,480902,1656000
IN-TN,Tamil Nadu,Both,All,85+,None,35.00,28.70,42.70,115919,331200
IN-TN,Tamil Nadu,Both,All,85+,Primary,30.49,25.00,37.20,100982,331200
IN-TN,Tamil Nadu,Both,All,85+,Middle,23.23,19.05,28.34,76937,331200
IN-TN,Tamil Nadu,Both,All,85+,Secondary,17.42,14.28,21.25,57695,331200
IN-TN,Tamil Nadu,Both,All,85+,Higher,13.07,10.72,15.95,43287,331200
IN-TN,Tamil Nadu,Both,Urban,60+,All,7.22,5.92,8.81,212556,2944000
IN-TN,Tamil Nadu,Both,Urban,60+,None,10.10,8.28,12.32,59468,588800
IN-TN,Tamil Nadu,Both,Urban,60+,Primary,7.58,6.22,9.25,44631,588800
IN-TN,Tamil Nadu,Both,Urban,60+,Middle,5.77,4.73,7.04,33973,588800
IN-TN,Tamil Nadu,Both,Urban,60+,Secondary,4.33,3.55,5.28,25495,588800
IN-TN,Tamil Nadu,Both,Urban,60+,Higher,3.25,2.67,3.97,19136,588800
IN-TN,Tamil Nadu,Both,Urban,60-64,All,3.25,2.67,3.97,17222,529920
IN-TN,Tamil Nadu,Both,Urban,60-64,None,4.55,3.73,5.55,4822,105984
IN-TN,Tamil Nadu,Both,Urban,60-64,Primary,3.41,2.80,4.16,3614,105984
IN-TN,Tamil Nadu,Both,Urban,60-64,Middle,2.60,2.13,3.17,2755,105984
IN-TN,Tamil Nadu,Both,Urban,60-64,Secondary,1.95,1.60,2.38,2066,105984
IN-TN,Tamil Nadu,Both,Urban,60-64,Higher,1.46,1.20,1.78,1547,105984
IN-TN,Tamil Nadu,Both,Urban,65-69,All,5.41,4.44,6.60,28668,529920
IN-TN,Tamil Nadu,Both,Urban,65-69,None,7.58,6.22,9.25,8033,105984
IN-TN,Tamil Nadu,Both,Urban,65-69,Primary,5.68,4.66,6.93,6019,105984
IN-TN,Tamil Nadu,Both,Urban,65-69,Middle,4.33,3.55,5.28,4589,105984
IN-TN,Tamil Nadu,Both,Urban,65-69,Secondary,3.25,2.67,3.97,3444,105984
IN-TN,Tamil Nadu,Both,Urban,65-69,Higher,2.44,2.00,2.98,2586,105984
IN-TN,Tamil Nadu,Both,Urban,70-74,All,8.30,6.81,10.13,43983,529920
IN-TN,Tamil Nadu,Both,Urban,70-74,None,11.62,9.53,14.18,12315,105984
IN-TN,Tamil Nadu,Both,Urban,70-74,Primary,8.71,7.14,10.63,9231,105984
IN-TN,Tamil Nadu,Both,Urban,70-74,Middle,6.64,5.44,8.10,7037,105984
IN-TN,Tamil Nadu,Both,Urban,70-74,Secondary,4.98,4.08,6.08,5278,105984
IN-TN,Tamil Nadu,Both,Urban,70-74,Higher,3.73,3.06,4.55,3953,105984
IN-TN,Tamil Nadu,Both,Urban,75-79,All,12.27,10.06,14.97,65021,529920
IN-TN,Tamil Nadu,Both,Urban,75-79,None,17.17,14.08,20.95,18197,105984
IN-TN,Tamil Nadu,Both,Urban,75-79,Primary,12.88,10.56,15.71,13650,105984
IN-TN,Tamil Nadu,Both,Urban,75-79,Middle,9.81,8.04,11.97,10397,105984
IN-TN,Tamil Nadu,Both,Urban,75-79,Secondary,7.36,6.04,8.98,7800,105984
IN-TN,Tamil Nadu,Both,Urban,75-79,Higher,5.52,4.53,6.73,5850,105984
IN-TN,Tamil Nadu,Both,Urban,80-84,All,17.32,14.20,21.13,91782,529920
IN-TN,Tamil Nadu,Both,Urban,80-84,None,24.25,19.88,29.59,25701,105984
IN-TN,Tamil Nadu,Both,Urban,80-84,Primary,18.18,14.91,22.18,19267,105984
IN-TN,Tamil Nadu,Both,Urban,80-84,Middle,13.85,11.36,16.90,14678,105984
IN-TN,Tamil Nadu,Both,Urban,80-84,Secondary,10.39,8.52,12.68,11011,105984
IN-TN,Tamil Nadu,Both,Urban,80-84,Higher,7.79,6.39,9.50,8256,105984
IN-TN,Tamil Nadu,Both,Urban,85+,All,23.81,19.52,29.05,126173,529920
IN-TN,Tamil Nadu,Both,Urban,85+,None,33.34,27.34,40.67,35335,105984
IN-TN,Tamil Nadu,Both,Urban,85+,Primary,25.00,20.50,30.50,26496,105984
IN-TN,Tamil Nadu,Both,Urban,85+,Middle,19.05,15.62,23.24,20189,105984
IN-TN,Tamil Nadu,Both,Urban,85+,Secondary,14.29,11.72,17.43,15145,105984
IN-TN,Tamil Nadu,Both,Urban,85+,Higher,10.72,8.79,13.08,11361,105984
IN-TN,Tamil Nadu,Both,Rural,60+,All,10.74,8.81,13.10,671894,6256000
IN-TN,Tamil Nadu,Both,Rural,60+,None,15.03,12.32,18.34,188055,1251200
IN-TN,Tamil Nadu,Both,Rural,60+,Primary,11.27,9.24,13.75,141010,1251200
IN-TN,Tamil Nadu,Both,Rural,60+,Middle,8.59,7.04,10.48,107478,1251200
IN-TN,Tamil Nadu,Both,Rural,60+,Secondary,6.44,5.28,7.86,80577,1251200
IN-TN,Tamil Nadu,Both,Rural,60+,Higher,4.83,3.96,5.89,60432,1251200
IN-TN,Tamil Nadu,Both,Rural,60-64,All,4.83,3.96,5.89,54389,1126080
IN-TN,Tamil Nadu,Both,Rural,60-64,None,6.76,5.54,8.25,15224,225216
IN-TN,Tamil Nadu,Both,Rural,60-64,Primary,5.07,4.16,6.19,11418,225216
IN-TN,Tamil Nadu,Both,Rural,60-64,Middle,3.86,3.17,4.71,8693,225216
IN-TN,Tamil Nadu,Both,Rural,60-64,Secondary,2.90,2.38,3.54,6531,225216
IN-TN,Tamil Nadu,Both,Rural,60-64,Higher,2.17,1.78,2.65,4887,225216
IN-TN,Tamil Nadu,Both,Rural,65-69,All,8.05,6.60,9.82,90649,1126080
IN-TN,Tamil Nadu,Both,Rural,65-69,None,11.27,9.24,13.75,25381,225216
IN-TN,Tamil Nadu,Both,Rural,65-69,Primary,8.45,6.93,10.31,19030,225216
IN-TN,Tamil Nadu,Both,Rural,65-69,Middle,6.44,5.28,7.86,14503,225216
IN-TN,Tamil Nadu,Both,Rural,65-69,Secondary,4.83,3.96,5.89,10877,225216
IN-TN,Tamil Nadu,Both,Rural,65-69,Higher,3.62,2.97,4.42,8152,225216
IN-TN,Tamil Nadu,Both,Rural,70-74,All,12.35,10.13,15.07,139070,1126080
IN-TN,Tamil Nadu,Both,Rural,70-74,None,17.28,14.17,21.08,38917,225216
IN-TN,Tamil Nadu,Both,Rural,70-74,Primary,12.96,10.63,15.81,29187,225216
IN-TN,Tamil Nadu,Both,Rural,70-74,Middle,9.88,8.10,12.05,22251,225216
IN-TN,Tamil Nadu,Both,Rural,70-74,Secondary,7.41,6.08,9.04,16688,225216
IN-TN,Tamil Nadu,Both,Rural,70-74,Higher,5.56,4.56,6.78,12522,225216
IN-TN,Tamil Nadu,Both,Rural,75-79,All,18.25,14.97,22.27,205509,1126080
IN-TN,Tamil Nadu,Both,Rural,75-79,None,25.55,20.95,31.17,57542,225216
IN-TN,Tamil Nadu,Both,Rural,75-79,Primary,19.16,15.71,23.38,43151,225216
IN-TN,Tamil Nadu,Both,Rural,75-79,Middle,14.60,11.97,17.81,32881,225216
IN-TN,Tamil Nadu,Both,Rural,75-79,Secondary,10.95,8.98,13.36,24661,225216
IN-TN,Tamil Nadu,Both,Rural,75-79,Higher,8.21,6.73,10.02,18490,225216
IN-TN,Tamil Nadu,Both,Rural,80-84,All,25.77,21.13,31.44,290190,1126080
IN-TN,Tamil Nadu,Both,Rural,80-84,None,35.00,28.70,42.70,78825,225216
IN-TN,Tamil Nadu,Both,Rural,80-84,Primary,27.05,22.18,33.00,60920,225216
IN-TN,Tamil Nadu,Both,Rural,80-84,Middle,20.61,16.90,25.14,46417,225216
IN-TN,Tamil Nadu,Both,Rural,80-84,Secondary,15.46,12.68,18.86,34818,225216
IN-TN,Tamil Nadu,Both,Rural,80-84,Higher,11.59,9.50,14.14,26102,225216
IN-TN,Tamil Nadu,Both,Rural,85+,All,35.00,28.70,42.70,394128,1126080
IN-TN,Tamil Nadu,Both,Rural,85+,None,35.00,28.70,42.70,78825,225216
IN-TN,Tamil Nadu,Both,Rural,85+,Primary,35.00,28.70,42.70,78825,225216
IN-TN,Tamil Nadu,Both,Rural,85+,Middle,28.34,23.24,34.57,63826,225216
IN-TN,Tamil Nadu,Both,Rural,85+,Secondary,21.26,17.43,25.94,47880,225216
IN-TN,Tamil Nadu,Both,Rural,85+,Higher,15.94,13.07,19.45,35899,225216
IN-TN,Tamil Nadu,Male,All,60+,All,7.48,6.13,9.13,344080,4600000
IN-TN,Tamil Nadu,Male,All,60+,None,10.47,8.59,12.77,96324,920000
IN-TN,Tamil Nadu,Male,All,60+,Primary,7.85,6.44,9.58,72220,920000
IN-TN,Tamil Nadu,Male,All,60+,Middle,5.98,4.90,7.30,55016,920000
IN-TN,Tamil Nadu,Male,All,60+,Secondary,4.49,3.68,5.48,41308,920000
IN-TN,Tamil Nadu,Male,All,60+,Higher,3.37,2.76,4.11,31004,920000
IN-TN,Tamil Nadu,Male,All,60-64,All,3.37,2.76,4.11,27903,828000
IN-TN,Tamil Nadu,Male,All,60-64,None,4.71,3.86,5.75,7799,165600
IN-TN,Tamil Nadu,Male,All,60-64,Primary,3.53,2.89,4.31,5845,165600
IN-TN,Tamil Nadu,Male,All,60-64,Middle,2.69,2.21,3.28,4454,165600
IN-TN,Tamil Nadu,Male,All,60-64,Secondary,2.02,1.66,2.46,3345,165600
IN-TN,Tamil Nadu,Male,All,60-64,Higher,1.51,1.24,1.84,2500,165600
IN-TN,Tamil Nadu,Male,All,65-69,All,5.61,4.60,6.84,46450,828000
IN-TN,Tamil Nadu,Male,All,65-69,None,7.85,6.44,9.58,12999,165600
IN-TN,Tamil Nadu,Male,All,65-69,Primary,5.89,4.83,7.19,9753,165600
IN-TN,Tamil Nadu,Male,All,65-69,Middle,4.49,3.68,5.48,7435,165600
IN-TN,Tamil Nadu,Male,All,65-69,Secondary,3.37,2.76,4.11,5580,165600
IN-TN,Tamil Nadu,Male,All,65-69,Higher,2.52,2.07,3.07,4173,165600
IN-TN,Tamil Nadu,Male,All,70-74,All,8.60,7.05,10.49,71208,828000
IN-TN,Tamil Nadu,Male,All,70-74,None,12.04,9.87,14.69,19938,165600
IN-TN,Tamil Nadu,Male,All,70-74,Primary,9.03,7.40,11.02,14953,165600
IN-TN,Tamil Nadu,Male,All,70-74,Middle,6.88,5.64,8.39,11393,165600
IN-TN,Tamil Nadu,Male,All,70-74,Secondary,5.16,4.23,6.30,8544,165600
IN-TN,Tamil Nadu,Male,All,70-74,Higher,3.87,3.17,4.72,6408,165600
IN-TN,Tamil Nadu,Male,All,75-79,All,12.72,10.43,15.52,105321,828000
IN-TN,Tamil Nadu,Male,All,75-79,None,17.80,14.60,21.72,29476,165600
IN-TN,Tamil Nadu,Male,All,75-79,Primary,13.35,10.95,16.29,22107,165600
IN-TN,Tamil Nadu,Male,All,75-79,Middle,10.17,8.34,12.41,16841,165600
IN-TN,Tamil Nadu,Male,All,75-79,Secondary,7.63,6.26,9.31,12635,165600
IN-TN,Tamil Nadu,Male,All,75-79,Higher,5.72,4.69,6.98,9472,165600
IN-TN,Tamil Nadu,Male,All,80-84,All,17.95,14.72,21.90,148626,828000
IN-TN,Tamil Nadu,Male,All,80-84,None,25.13,20.61,30.66,41615,165600
IN-TN,Tamil Nadu,Male,All,80-84,Primary,18.85,15.46,23.00,31215,165600
IN-TN,Tamil Nadu,Male,All,80-84,Middle,14.36,11.78,17.52,23780,165600
IN-TN,Tamil Nadu,Male,All,80-84,Secondary,10.77,8.83,13.14,17835,165600
IN-TN,Tamil Nadu,Male,All,80-84,Higher,8.08,6.63,9.86,13380,165600
IN-TN,Tamil Nadu,Male,All,85+,All,24.68,20.24,30.11,204350,828000
IN-TN,Tamil Nadu,Male,All,85+,None,34.56,28.34,42.16,57231,165600
IN-TN,Tamil Nadu,Male,All,85+,Primary,25.92,21.25,31.62,42923,165600
IN-TN,Tamil Nadu,Male,All,85+,Middle,19.75,16.20,24.10,32706,165600
IN-TN,Tamil Nadu,Male,All,85+,Secondary,14.81,12.14,18.07,24525,165600
IN-TN,Tamil Nadu,Male,All,85+,Higher,11.11,9.11,13.55,18398,165600
IN-TN,Tamil Nadu,Male,Urban,60+,All,6.13,5.03,7.48,90233,1472000
IN-TN,Tamil Nadu,Male,Urban,60+,None,8.59,7.04,10.48,25288,294400
IN-TN,Tamil Nadu,Male,Urban,60+,Primary,6.44,5.28,7.86,18959,294400
IN-TN,Tamil Nadu,Male,Urban,60+,Middle,4.91,4.03,5.99,14455,294400
IN-TN,Tamil Nadu,Male,Urban,60+,Secondary,3.68,3.02,4.49,10833,294400
IN-TN,Tamil Nadu,Male,Urban,60+,Higher,2.76,2.26,3.37,8125,294400
IN-TN,Tamil Nadu,Male,Urban,60-64,All,2.76,2.26,3.37,7312,264960
IN-TN,Tamil Nadu,Male,Urban,60-64,None,3.86,3.17,4.71,2045,52992
IN-TN,Tamil Nadu,Male,Urban,60-64,Primary,2.90,2.38,3.54,1536,52992
IN-TN,Tamil Nadu,Male,Urban,60-64,Middle,2.21,1.81,2.70,1171,52992
IN-TN,Tamil Nadu,Male,Urban,60-64,Secondary,1.66,1.36,2.03,879,52992
IN-TN,Tamil Nadu,Male,Urban,60-64,Higher,1.24,1.02,1.51,657,52992
IN-TN,Tamil Nadu,Male,Urban,65-69,All,4.60,3.77,5.61,12188,264960
IN-TN,Tamil Nadu,Male,Urban,65-69,None,6.44,5.28,7.86,3412,52992
IN-TN,Tamil Nadu,Male,Urban,65-69,Primary,4.83,3.96,5.89,2559,52992
IN-TN,Tamil Nadu,Male,Urban,65-69,Middle,3.68,3.02,4.49,1950,52992
IN-TN,Tamil Nadu,Male,Urban,65-69,Secondary,2.76,2.26,3.37,1462,52992
IN-TN,Tamil Nadu,Male,Urban,65-69,Higher,2.07,1.70,2.53,1096,52992
IN-TN,Tamil Nadu,Male,Urban,70-74,All,7.05,5.78,8.60,18679,264960
IN-TN,Tamil Nadu,Male,Urban,70-74,None,9.88,8.10,12.05,5235,52992
IN-TN,Tamil Nadu,Male,Urban,70-74,Primary,7.41,6.08,9.04,3926,52992
IN-TN,Tamil Nadu,Male,Urban,70-74,Middle,5.64,4.62,6.88,2988,52992
IN-TN,Tamil Nadu,Male,Urban,70-74,Secondary,4.23,3.47,5.16,2241,52992
IN-TN,Tamil Nadu,Male,Urban,70-74,Higher,3.17,2.60,3.87,1679,52992
IN-TN,Tamil Nadu,Male,Urban,75-79,All,10.43,8.55,12.72,27635,264960
IN-TN,Tamil Nadu,Male,Urban,75-79,None,14.60,11.97,17.81,7736,52992
IN-TN,Tamil Nadu,Male,Urban,75-79,Primary,10.95,8.98,13.36,5802,52992
IN-TN,Tamil Nadu,Male,Urban,75-79,Middle,8.34,6.84,10.17,4419,52992
IN-TN,Tamil Nadu,Male,Urban,75-79,Secondary,6.26,5.13,7.64,3317,52992
IN-TN,Tamil Nadu,Male,Urban,75-79,Higher,4.69,3.85,5.72,2485,52992
IN-TN,Tamil Nadu,Male,Urban,80-84,All,14.72,12.07,17.96,39002,264960
IN-TN,Tamil Nadu,Male,Urban,80-84,None,20.61,16.90,25.14,10921,52992
IN-TN,Tamil Nadu,Male,Urban,80-84,Primary,15.46,12.68,18.86,8192,52992
IN-TN,Tamil Nadu,Male,Urban,80-84,Middle,11.78,9.66,14.37,6242,52992
IN-TN,Tamil Nadu,Male,Urban,80-84,Secondary,8.83,7.24,10.77,4679,52992
IN-TN,Tamil Nadu,Male,Urban,80-84,Higher,6.62,5.43,8.08,3508,52992
IN-TN,Tamil Nadu,Male,Urban,85+,All,20.24,16.60,24.69,53627,264960
IN-TN,Tamil Nadu,Male,Urban,85+,None,28.34,23.24,34.57,15017,52992
IN-TN,Tamil Nadu,Male,Urban,85+,Primary,21.25,17.43,25.93,11260,52992
IN-TN,Tamil Nadu,Male,Urban,85+,Middle,16.19,13.28,19.75,8579,52992
IN-TN,Tamil Nadu,Male,Urban,85+,Secondary,12.14,9.95,14.81,6433,52992
IN-TN,Tamil Nadu,Male,Urban,85+,Higher,9.11,7.47,11.11,4827,52992
IN-TN,Tamil Nadu,Male,Rural,60+,All,9.13,7.49,11.14,285586,3128000
IN-TN,Tamil Nadu,Male,Rural,60+,None,12.78,10.48,15.59,79951,625600
IN-TN,Tamil Nadu,Male,Rural,60+,Primary,9.58,7.86,11.69,59932,625600
IN-TN,Tamil Nadu,Male,Rural,60+,Middle,7.30,5.99,8.91,45668,625600
IN-TN,Tamil Nadu,Male,Rural,60+,Secondary,5.48,4.49,6.69,34282,625600
IN-TN,Tamil Nadu,Male,Rural,60+,Higher,4.11,3.37,5.01,25712,625600
IN-TN,Tamil Nadu,Male,Rural,60-64,All,4.11,3.37,5.01,23140,563040
IN-TN,Tamil Nadu,Male,Rural,60-64,None,5.75,4.72,7.02,6474,112608
IN-TN,Tamil Nadu,Male,Rural,60-64,Primary,4.31,3.53,5.26,4853,112608
IN-TN,Tamil Nadu,Male,Rural,60-64,Middle,3.29,2.70,4.01,3704,112608
IN-TN,Tamil Nadu,Male,Rural,60-64,Secondary,2.46,2.02,3.00,2770,112608
IN-TN,Tamil Nadu,Male,Rural,60-64,Higher,1.85,1.52,2.26,2083,112608
IN-TN,Tamil Nadu,Male,Rural,65-69,All,6.84,5.61,8.34,38511,563040
IN-TN,Tamil Nadu,Male,Rural,65-69,None,9.58,7.86,11.69,10787,112608
IN-TN,Tamil Nadu,Male,Rural,65-69,Primary,7.19,5.90,8.77,8096,112608
IN-TN,Tamil Nadu,Male,Rural,65-69,Middle,5.48,4.49,6.69,6170,112608
IN-TN,Tamil Nadu,Male,Rural,65-69,Secondary,4.11,3.37,5.01,4628,112608
IN-TN,Tamil Nadu,Male,Rural,65-69,Higher,3.08,2.53,3.76,3468,112608
IN-TN,Tamil Nadu,Male,Rural,70-74,All,10.49,8.60,12.80,59062,563040
IN-TN,Tamil Nadu,Male,Rural,70-74,None,14.69,12.05,17.92,16542,112608
IN-TN,Tamil Nadu,Male,Rural,70-74,Primary,11.02,9.04,13.44,12409,112608
IN-TN,Tamil Nadu,Male,Rural,70-74,Middle,8.40,6.89,10.25,9459,112608
IN-TN,Tamil Nadu,Male,Rural,70-74,Secondary,6.30,5.17,7.69,7094,112608
IN-TN,Tamil Nadu,Male,Rural,70-74,Higher,4.72,3.87,5.76,5315,112608
IN-TN,Tamil Nadu,Male,Rural,75-79,All,15.51,12.72,18.92,87327,563040
IN-TN,Tamil Nadu,Male,Rural,75-79,None,21.72,17.81,26.50,24458,112608
IN-TN,Tamil Nadu,Male,Rural,75-79,Primary,16.29,13.36,19.87,18343,112608
IN-TN,Tamil Nadu,Male,Rural,75-79,Middle,12.41,10.18,15.14,13974,112608
IN-TN,Tamil Nadu,Male,Rural,75-79,Secondary,9.31,7.63,11.36,10483,112608
IN-TN,Tamil Nadu,Male,Rural,75-79,Higher,6.98,5.72,8.52,7860,112608
IN-TN,Tamil Nadu,Male,Rural,80-84,All,21.90,17.96,26.72,123305,563040
IN-TN,Tamil Nadu,Male,Rural,80-84,None,30.66,25.14,37.41,34525,112608
IN-TN,Tamil Nadu,Male,Rural,80-84,Primary,23.00,18.86,28.06,25899,112608
IN-TN,Tamil Nadu,Male,Rural,80-84,Middle,17.52,14.37,21.37,19728,112608
IN-TN,Tamil Nadu,Male,Rural,80-84,Secondary,13.14,10.77,16.03,14796,112608
IN-TN,Tamil Nadu,Male,Rural,80-84,Higher,9.86,8.09,12.03,11103,112608
IN-TN,Tamil Nadu,Male,Rural,85+,All,30.11,24.69,36.73,169531,563040
IN-TN,Tamil Nadu,Male,Rural,85+,None,35.00,28.70,42.70,39412,112608
IN-TN,Tamil Nadu,Male,Rural,85+,Primary,31.62,25.93,38.58,35606,112608
IN-TN,Tamil Nadu,Male,Rural,85+,Middle,24.09,19.75,29.39,27127,112608
IN-TN,Tamil Nadu,Male,Rural,85+,Secondary,18.07,14.82,22.05,20348,112608
IN-TN,Tamil Nadu,Male,Rural,85+,Higher,13.55,11.11,16.53,15258,112608
IN-TN,Tamil Nadu,Female,All,60+,All,10.12,8.30,12.35,465520,4600000
IN-TN,Tamil Nadu,Female,All,60+,None,14.17,11.62,17.29,130364,920000
IN-TN,Tamil Nadu,Female,All,60+,Primary,10.63,8.72,12.97,97796,920000
IN-TN,Tamil Nadu,Female,All,60+,Middle,8.10,6.64,9.88,74520,920000
IN-TN,Tamil Nadu,Female,All,60+,Secondary,6.07,4.98,7.41,55844,920000
IN-TN,Tamil Nadu,Female,All,60+,Higher,4.55,3.73,5.55,41860,920000
IN-TN,Tamil Nadu,Female,All,60-64,All,4.55,3.73,5.55,37674,828000
IN-TN,Tamil Nadu,Female,All,60-64,None,6.38,5.23,7.78,10565,165600
IN-TN,Tamil Nadu,Female,All,60-64,Primary,4.78,3.92,5.83,7915,165600
IN-TN,Tamil Nadu,Female,All,60-64,Middle,3.64,2.98,4.44,6027,165600
IN-TN,Tamil Nadu,Female,All,60-64,Secondary,2.73,2.24,3.33,4520,165600
IN-TN,Tamil Nadu,Female,All,60-64,Higher,2.05,1.68,2.50,3394,165600
IN-TN,Tamil Nadu,Female,All,65-69,All,7.59,6.22,9.26,62845,828000
IN-TN,Tamil Nadu,Female,All,65-69,None,10.63,8.72,12.97,17603,165600
IN-TN,Tamil Nadu,Female,All,65-69,Primary,7.97,6.54,9.72,13198,165600
IN-TN,Tamil Nadu,Female,All,65-69,Middle,6.07,4.98,7.41,10051,165600
IN-TN,Tamil Nadu,Female,All,65-69,Secondary,4.55,3.73,5.55,7534,165600
IN-TN,Tamil Nadu,Female,All,65-69,Higher,3.42,2.80,4.17,5663,165600
IN-TN,Tamil Nadu,Female,All,70-74,All,11.64,9.54,14.20,96379,828000
IN-TN,Tamil Nadu,Female,All,70-74,None,16.29,13.36,19.87,26976,165600
IN-TN,Tamil Nadu,Female,All,70-74,Primary,12.22,10.02,14.91,20236,165600
IN-TN,Tamil Nadu,Female,All,70-74,Middle,9.31,7.63,11.36,15417,165600
IN-TN,Tamil Nadu,Female,All,70-74,Secondary,6.98,5.72,8.52,11558,165600
IN-TN,Tamil Nadu,Female,All,70-74,Higher,5.24,4.30,6.39,8677,165600
IN-TN,Tamil Nadu,Female,All,75-79,All,17.20,14.10,20.98,142416,828000
IN-TN,Tamil Nadu,Female,All,75-79,None,24.09,19.75,29.39,39893,165600
IN-TN,Tamil Nadu,Female,All,75-79,Primary,18.06,14.81,22.03,29907,165600
IN-TN,Tamil Nadu,Female,All,75-79,Middle,13.76,11.28,16.79,22786,165600
IN-TN,Tamil Nadu,Female,All,75-79,Secondary,10.32,8.46,12.59,17089,165600
IN-TN,Tamil Nadu,Female,All,75-79,Higher,7.74,6.35,9.44,12817,165600
IN-TN,Tamil Nadu,Female,All,80-84,All,24.29,19.92,29.63,201121,828000
IN-TN,Tamil Nadu,Female,All,80-84,None,34.00,27.88,41.48,56304,165600
IN-TN,Tamil Nadu,Female,All,80-84,Primary,25.50,20.91,31.11,42228,165600
IN-TN,Tamil Nadu,Female,All,80-84,Middle,19.43,15.93,23.70,32176,165600
IN-TN,Tamil Nadu,Female,All,80-84,Secondary,14.57,11.95,17.78,24127,165600
IN-TN,Tamil Nadu,Female,All,80-84,Higher,10.93,8.96,13.33,18100,165600
IN-TN,Tamil Nadu,Female,All,85+,All,33.40,27.39,40.75,276551,828000
IN-TN,Tamil Nadu,Female,All,85+,None,35.00,28.70,42.70,57959,165600
IN-TN,Tamil Nadu,Female,All,85+,Primary,35.00,28.70,42.70,57959,165600
IN-TN,Tamil Nadu,Female,All,85+,Middle,26.72,21.91,32.60,44248,165600
IN-TN,Tamil Nadu,Female,All,85+,Secondary,20.04,16.43,24.45,33186,165600
IN-TN,Tamil Nadu,Female,All,85+,Higher,15.03,12.32,18.34,24889,165600
IN-TN,Tamil Nadu,Female,Urban,60+,All,8.30,6.81,10.13,122176,1472000
IN-TN,Tamil Nadu,Female,Urban,60+,None,11.62,9.53,14.18,34209,294400
IN-TN,Tamil Nadu,Female,Urban,60+,Primary,8.71,7.14,10.63,25642,294400
IN-TN,Tamil Nadu,Female,Urban,60+,Middle,6.64,5.44,8.10,19548,294400
IN-TN,Tamil Nadu,Female,Urban,60+,Secondary,4.98,4.08,6.08,14661,294400
IN-TN,Tamil Nadu,Female,Urban,60+,Higher,3.73,3.06,4.55,10981,294400
IN-TN,Tamil Nadu,Female,Urban,60-64,All,3.73,3.06,4.55,9883,264960
IN-TN,Tamil Nadu,Female,Urban,60-64,None,5.23,4.29,6.38,2771,52992
IN-TN,Tamil Nadu,Female,Urban,60-64,Primary,3.92,3.21,4.78,2077,52992
IN-TN,Tamil Nadu,Female,Urban,60-64,Middle,2.99,2.45,3.65,1584,52992
IN-TN,Tamil Nadu,Female,Urban,60-64,Secondary,2.24,1.84,2.73,1187,52992
IN-TN,Tamil Nadu,Female,Urban,60-64,Higher,1.68,1.38,2.05,890,52992
IN-TN,Tamil Nadu,Female,Urban,65-69,All,6.22,5.10,7.59,16480,264960
IN-TN,Tamil Nadu,Female,Urban,65-69,None,8.71,7.14,10.63,4615,52992
IN-TN,Tamil Nadu,Female,Urban,65-69,Primary,6.53,5.35,7.97,3460,52992
IN-TN,Tamil Nadu,Female,Urban,65-69,Middle,4.98,4.08,6.08,2639,52992
IN-TN,Tamil Nadu,Female,Urban,65-69,Secondary,3.73,3.06,4.55,1976,52992
IN-TN,Tamil Nadu,Female,Urban,65-69,Higher,2.80,2.30,3.42,1483,52992
IN-TN,Tamil Nadu,Female,Urban,70-74,All,9.54,7.82,11.64,25277,264960
IN-TN,Tamil Nadu,Female,Urban,70-74,None,13.36,10.96,16.30,7079,52992
IN-TN,Tamil Nadu,Female,Urban,70-74,Primary,10.02,8.22,12.22,5309,52992
IN-TN,Tamil Nadu,Female,Urban,70-74,Middle,7.63,6.26,9.31,4043,52992
IN-TN,Tamil Nadu,Female,Urban,70-74,Secondary,5.73,4.70,6.99,3036,52992
IN-TN,Tamil Nadu,Female,Urban,70-74,Higher,4.29,3.52,5.23,2273,52992
IN-TN,Tamil Nadu,Female,Urban,75-79,All,14.11,11.57,17.21,37385,264960
IN-TN,Tamil Nadu,Female,Urban,75-79,None,19.75,16.20,24.10,10465,52992
IN-TN,Tamil Nadu,Female,Urban,75-79,Primary,14.81,12.14,18.07,7848,52992
IN-TN,Tamil Nadu,Female,Urban,75-79,Middle,11.29,9.26,13.77,5982,52992
IN-TN,Tamil Nadu,Female,Urban,75-79,Secondary,8.46,6.94,10.32,4483,52992
IN-TN,Tamil Nadu,Female,Urban,75-79,Higher,6.35,5.21,7.75,3364,52992
IN-TN,Tamil Nadu,Female,Urban,80-84,All,19.92,16.33,24.30,52780,264960
IN-TN,Tamil Nadu,Female,Urban,80-84,None,27.88,22.86,34.01,14774,52992
IN-TN,Tamil Nadu,Female,Urban,80-84,Primary,20.91,17.15,25.51,11080,52992
IN-TN,Tamil Nadu,Female,Urban,80-84,Middle,15.93,13.06,19.43,8441,52992
IN-TN,Tamil Nadu,Female,Urban,80-84,Secondary,11.95,9.80,14.58,6332,52992
IN-TN,Tamil Nadu,Female,Urban,80-84,Higher,8.96,7.35,10.93,4748,52992
IN-TN,Tamil Nadu,Female,Urban,85+,All,27.38,22.45,33.40,72546,264960
IN-TN,Tamil Nadu,Female,Urban,85+,None,35.00,28.70,42.70,18547,52992
IN-TN,Tamil Nadu,Female,Urban,85+,Primary,28.75,23.58,35.07,15235,52992
IN-TN,Tamil Nadu,Female,Urban,85+,Middle,21.91,17.97,26.73,11610,52992
IN-TN,Tamil Nadu,Female,Urban,85+,Secondary,16.43,13.47,20.04,8706,52992
IN-TN,Tamil Nadu,Female,Urban,85+,Higher,12.32,10.10,15.03,6528,52992
IN-TN,Tamil Nadu,Female,Rural,60+,All,12.35,10.13,15.07,386308,3128000
IN-TN,Tamil Nadu,Female,Rural,60+,None,17.28,14.17,21.08,108103,625600
IN-TN,Tamil Nadu,Female,Rural,60+,Primary,12.96,10.63,15.81,81077,625600
IN-TN,Tamil Nadu,Female,Rural,60+,Middle,9.88,8.10,12.05,61809,625600
IN-TN,Tamil Nadu,Female,Rural,60+,Secondary,7.41,6.08,9.04,46356,625600
IN-TN,Tamil Nadu,Female,Rural,60+,Higher,5.56,4.56,6.78,34783,625600
IN-TN,Tamil Nadu,Female,Rural,60-64,All,5.56,4.56,6.78,31305,563040
IN-TN,Tamil Nadu,Female,Rural,60-64,None,7.78,6.38,9.49,8760,112608
IN-TN,Tamil Nadu,Female,Rural,60-64,Primary,5.83,4.78,7.11,6565,112608
IN-TN,Tamil Nadu,Female,Rural,60-64,Middle,4.44,3.64,5.42,4999,112608
IN-TN,Tamil Nadu,Female,Rural,60-64,Secondary,3.33,2.73,4.06,3749,112608
IN-TN,Tamil Nadu,Female,Rural,60-64,Higher,2.50,2.05,3.05,2815,112608
IN-TN,Tamil Nadu,Female,Rural,65-69,All,9.26,7.59,11.30,52137,563040
IN-TN,Tamil Nadu,Female,Rural,65-69,None,12.96,10.63,15.81,14593,112608
IN-TN,Tamil Nadu,Female,Rural,65-69,Primary,9.72,7.97,11.86,10945,112608
IN-TN,Tamil Nadu,Female,Rural,65-69,Middle,7.41,6.08,9.04,8344,112608
IN-TN,Tamil Nadu,Female,Rural,65-69,Secondary,5.56,4.56,6.78,6261,112608
IN-TN,Tamil Nadu,Female,Rural,65-69,Higher,4.17,3.42,5.09,4695,112608
IN-TN,Tamil Nadu,Female,Rural,70-74,All,14.20,11.64,17.32,79951,563040
IN-TN,Tamil Nadu,Female,Rural,70-74,None,19.88,16.30,24.25,22386,112608
IN-TN,Tamil Nadu,Female,Rural,70-74,Primary,14.91,12.23,18.19,16789,112608
IN-TN,Tamil Nadu,Female,Rural,70-74,Middle,11.36,9.32,13.86,12792,112608
IN-TN,Tamil Nadu,Female,Rural,70-74,Secondary,8.52,6.99,10.39,9594,112608
IN-TN,Tamil Nadu,Female,Rural,70-74,Higher,6.39,5.24,7.80,7195,112608
IN-TN,Tamil Nadu,Female,Rural,75-79,All,20.99,17.21,25.61,118182,563040
IN-TN,Tamil Nadu,Female,Rural,75-79,None,29.38,24.09,35.84,33084,112608
IN-TN,Tamil Nadu,Female,Rural,75-79,Primary,22.04,18.07,26.89,24818,112608
IN-TN,Tamil Nadu,Female,Rural,75-79,Middle,16.79,13.77,20.48,18906,112608
IN-TN,Tamil Nadu,Female,Rural,75-79,Secondary,12.59,10.32,15.36,14177,112608
IN-TN,Tamil Nadu,Female,Rural,75-79,Higher,9.44,7.74,11.52,10630,112608
IN-TN,Tamil Nadu,Female,Rural,80-84,All,29.63,24.30,36.15,166828,563040
IN-TN,Tamil Nadu,Female,Rural,80-84,None,35.00,28.70,42.70,39412,112608
IN-TN,Tamil Nadu,Female,Rural,80-84,Primary,31.11,25.51,37.95,35032,112608
IN-TN,Tamil Nadu,Female,Rural,80-84,Middle,23.71,19.44,28.93,26699,112608
IN-TN,Tamil Nadu,Female,Rural,80-84,Secondary,17.78,14.58,21.69,20021,112608
IN-TN,Tamil Nadu,Female,Rural,80-84,Higher,13.33,10.93,16.26,15010,112608
IN-TN,Tamil Nadu,Female,Rural,85+,All,35.00,28.70,42.70,197064,563040
IN-TN,Tamil Nadu,Female,Rural,85+,None,35.00,28.70,42.70,39412,112608
IN-TN,Tamil Nadu,Female,Rural,85+,Primary,35.00,28.70,42.70,39412,112608
IN-TN,Tamil Nadu,Female,Rural,85+,Middle,32.59,26.72,39.76,36698,112608
IN-TN,Tamil Nadu,Female,Rural,85+,Secondary,24.45,20.05,29.83,27532,112608
IN-TN,Tamil Nadu,Female,Rural,85+,Higher,18.33,15.03,22.36,20641,112608
IN-GA,Goa,Both,All,60+,All,8.60,7.05,10.49,18920,220000
IN-GA,Goa,Both,All,60+,None,12.04,9.87,14.69,5297,44000
IN-GA,Goa,Both,All,60+,Primary,9.03,7.40,11.02,3973,44000
IN-GA,Goa,Both,All,60+,Middle,6.88,5.64,8.39,3027,44000
IN-GA,Goa,Both,All,60+,Secondary,5.16,4.23,6.30,2270,44000
IN-GA,Goa,Both,All,60+,Higher,3.87,3.17,4.72,1702,44000
IN-GA,Goa,Both,All,60-64,All,3.87,3.17,4.72,1532,39600
IN-GA,Goa,Both,All,60-64,None,5.42,4.44,6.61,429,7919
IN-GA,Goa,Both,All,60-64,Primary,4.06,3.33,4.95,321,7919
IN-GA,Goa,Both,All,60-64,Middle,3.10,2.54,3.78,245,7919
IN-GA,Goa,Both,All,60-64,Secondary,2.32,1.90,2.83,183,7919
IN-GA,Goa,Both,All,60-64,Higher,1.74,1.43,2.12,137,7919
IN-GA,Goa,Both,All,65-69,All,6.45,5.29,7.87,2554,39600
IN-GA,Goa,Both,All,65-69,None,9.03,7.40,11.02,715,7919
IN-GA,Goa,Both,All,65-69,Primary,6.77,5.55,8.26,536,7919
IN-GA,Goa,Both,All,65-69,Middle,5.16,4.23,6.30,408,7919
IN-GA,Goa,Both,All,65-69,Secondary,3.87,3.17,4.72,306,7919
IN-GA,Goa,Both,All,65-69,Higher,2.90,2.38,3.54,229,7919
IN-GA,Goa,Both,All,70-74,All,9.89,8.11,12.07,3916,39600
IN-GA,Goa,Both,All,70-74,None,13.85,11.36,16.90,1096,7919
IN-GA,Goa,Both,All,70-74,Primary,10.38,8.51,12.66,821,7919
IN-GA,Goa,Both,All,70-74,Middle,7.91,6.49,9.65,626,7919
IN-GA,Goa,Both,All,70-74,Secondary,5.93,4.86,7.23,469,7919
IN-GA,Goa,Both,All,70-74,Higher,4.45,3.65,5.43,352,7919
IN-GA,Goa,Both,All,75-79,All,14.62,11.99,17.84,5789,39600
IN-GA,Goa,Both,All,75-79,None,20.47,16.79,24.97,1621,7919
IN-GA,Goa,Both,All,75-79,Primary,15.35,12.59,18.73,1215,7919
IN-GA,Goa,Both,All,75-79,Middle,11.70,9.59,14.27,926,7919
IN-GA,Goa,Both,All,75-79,Secondary,8.77,7.19,10.70,694,7919
IN-GA,Goa,Both,All,75-79,Higher,6.58,5.40,8.03,521,7919
IN-GA,Goa,Both,All,80-84,All,20.64,16.92,25.18,8173,39600
IN-GA,Goa,Both,All,80-84,None,28.90,23.70,35.26,2288,7919
IN-GA,Goa,Both,All,80-84,Primary,21.67,17.77,26.44,1716,7919
IN-GA,Goa,Both,All,80-84,Middle,16.51,13.54,20.14,1307,7919
IN-GA,Goa,Both,All,80-84,Secondary,12.38,10.15,15.10,980,7919
IN-GA,Goa,Both,All,80-84,Higher,9.29,7.62,11.33,735,7919
IN-GA,Goa,Both,All,85+,All,28.38,23.27,34.62,11238,39600
IN-GA,Goa,Both,All,85+,None,35.00,28.70,42.70,2771,7919
IN-GA,Goa,Both,All,85+,Primary,29.80,24.44,36.36,2359,7919
IN-GA,Goa,Both,All,85+,Middle,22.70,18.61,27.69,1797,7919
IN-GA,Goa,Both,All,85+,Secondary,17.03,13.96,20.78,1348,7919
IN-GA,Goa,Both,All,85+,Higher,12.77,10.47,15.58,1011,7919
IN-GA,Goa,Both,Urban,60+,All,7.05,5.78,8.60,4963,70400
IN-GA,Goa,Both,Urban,60+,None,9.87,8.09,12.04,1389,14080
IN-GA,Goa,Both,Urban,60+,Primary,7.40,6.07,9.03,1041,14080
IN-GA,Goa,Both,Urban,60+,Middle,5.64,4.62,6.88,794,14080
IN-GA,Goa,Both,Urban,60+,Secondary,4.23,3.47,5.16,595,14080
IN-GA,Goa,Both,Urban,60+,Higher,3.17,2.60,3.87,446,14080
IN-GA,Goa,Both,Urban,60-64,All,3.17,2.60,3.87,401,12672
IN-GA,Goa,Both,Urban,60-64,None,4.44,3.64,5.42,112,2534
IN-GA,Goa,Both,Urban,60-64,Primary,3.33,2.73,4.06,84,2534
IN-GA,Goa,Both,Urban,60-64,Middle,2.54,2.08,3.10,64,2534
IN-GA,Goa,Both,Urban,60-64,Secondary,1.90,1.56,2.32,48,2534
IN-GA,Goa,Both,Urban,60-64,Higher,1.43,1.17,1.74,36,2534
IN-GA,Goa,Both,Urban,65-69,All,5.29,4.34,6.45,670,12672
IN-GA,Goa,Both,Urban,65-69,None,7.40,6.07,9.03,187,2534
IN-GA,Goa,Both,Urban,65-69,Primary,5.55,4.55,6.77,140,2534
IN-GA,Goa,Both,Urban,65-69,Middle,4.23,3.47,5.16,107,2534
IN-GA,Goa,Both,Urban,65-69,Secondary,3.17,2.60,3.87,80,2534
IN-GA,Goa,Both,Urban,65-69,Higher,2.38,1.95,2.90,60,2534
IN-GA,Goa,Both,Urban,70-74,All,8.11,6.65,9.89,1027,12672
IN-GA,Goa,Both,Urban,70-74,None,11.35,9.31,13.85,287,2534
IN-GA,Goa,Both,Urban,70-74,Primary,8.52,6.99,10.39,215,2534
IN-GA,Goa,Both,Urban,70-74,Middle,6.49,5.32,7.92,164,2534
IN-GA,Goa,Both,Urban,70-74,Secondary,4.87,3.99,5.94,123,2534
IN-GA,Goa,Both,Urban,70-74,Higher,3.65,2.99,4.45,92,2534
IN-GA,Goa,Both,Urban,75-79,All,11.99,9.83,14.63,1519,12672
IN-GA,Goa,Both,Urban,75-79,None,16.78,13.76,20.47,425,2534
IN-GA,Goa,Both,Urban,75-79,Primary,12.59,10.32,15.36,319,2534
IN-GA,Goa,Both,Urban,75-79,Middle,9.59,7.86,11.70,243,2534
IN-GA,Goa,Both,Urban,75-79,Secondary,7.19,5.90,8.77,182,2534
IN-GA,Goa,Both,Urban,75-79,Higher,5.39,4.42,6.58,136,2534
IN-GA,Goa,Both,Urban,80-84,All,16.92,13.87,20.64,2144,12672
IN-GA,Goa,Both,Urban,80-84,None,23.69,19.43,28.90,600,2534
IN-GA,Goa,Both,Urban,80-84,Primary,17.77,14.57,21.68,450,2534
IN-GA,Goa,Both,Urban,80-84,Middle,13.54,11.10,16.52,343,2534
IN-GA,Goa,Both,Urban,80-84,Secondary,10.15,8.32,12.38,257,2534
IN-GA,Goa,Both,Urban,80-84,Higher,7.62,6.25,9.30,193,2534
IN-GA,Goa,Both,Urban,85+,All,23.27,19.08,28.39,2948,12672
IN-GA,Goa,Both,Urban,85+,None,32.58,26.72,39.75,825,2534
IN-GA,Goa,Both,Urban,85+,Primary,24.44,20.04,29.82,619,2534
IN-GA,Goa,Both,Urban,85+,Middle,18.62,15.27,22.72,471,2534
IN-GA,Goa,Both,Urban,85+,Secondary,13.96,11.45,17.03,353,2534
IN-GA,Goa,Both,Urban,85+,Higher,10.47,8.59,12.77,265,2534
IN-GA,Goa,Both,Rural,60+,All,10.49,8.60,12.80,15693,149600
IN-GA,Goa,Both,Rural,60+,None,14.69,12.05,17.92,4395,29920
IN-GA,Goa,Both,Rural,60+,Primary,11.02,9.04,13.44,3297,29920
IN-GA,Goa,Both,Rural,60+,Middle,8.39,6.88,10.24,2510,29920
IN-GA,Goa,Both,Rural,60+,Secondary,6.30,5.17,7.69,1884,29920
IN-GA,Goa,Both,Rural,60+,Higher,4.72,3.87,5.76,1412,29920
IN-GA,Goa,Both,Rural,60-64,All,4.72,3.87,5.76,1271,26928
IN-GA,Goa,Both,Rural,60-64,None,6.61,5.42,8.06,355,5385
IN-GA,Goa,Both,Rural,60-64,Primary,4.96,4.07,6.05,267,5385
IN-GA,Goa,Both,Rural,60-64,Middle,3.78,3.10,4.61,203,5385
IN-GA,Goa,Both,Rural,60-64,Secondary,2.83,2.32,3.45,152,5385
IN-GA,Goa,Both,Rural,60-64,Higher,2.12,1.74,2.59,114,5385
IN-GA,Goa,Both,Rural,65-69,All,7.87,6.45,9.60,2119,26928
IN-GA,Goa,Both,Rural,65-69,None,11.02,9.04,13.44,593,5385
IN-GA,Goa,Both,Rural,65-69,Primary,8.26,6.77,10.08,444,5385
IN-GA,Goa,Both,Rural,65-69,Middle,6.30,5.17,7.69,339,5385
IN-GA,Goa,Both,Rural,65-69,Secondary,4.72,3.87,5.76,254,5385
IN-GA,Goa,Both,Rural,65-69,Higher,3.54,2.90,4.32,190,5385
IN-GA,Goa,Both,Rural,70-74,All,12.07,9.90,14.73,3250,26928
IN-GA,Goa,Both,Rural,70-74,None,16.89,13.85,20.61,909,5385
IN-GA,Goa,Both,Rural,70-74,Primary,12.67,10.39,15.46,682,5385
IN-GA,Goa,Both,Rural,70-74,Middle,9.65,7.91,11.77,519,5385
IN-GA,Goa,Both,Rural,70-74,Secondary,7.24,5.94,8.83,389,5385
IN-GA,Goa,Both,Rural,70-74,Higher,5.43,4.45,6.62,292,5385
IN-GA,Goa,Both,Rural,75-79,All,17.84,14.63,21.76,4803,26928
IN-GA,Goa,Both,Rural,75-79,None,24.97,20.48,30.46,1344,5385
IN-GA,Goa,Both,Rural,75-79,Primary,18.73,15.36,22.85,1008,5385
IN-GA,Goa,Both,Rural,75-79,Middle,14.27,11.70,17.41,768,5385
IN-GA,Goa,Both,Rural,75-79,Secondary,10.70,8.77,13.05,576,5385
IN-GA,Goa,Both,Rural,75-79,Higher,8.03,6.58,9.80,432,5385
IN-GA,Goa,Both,Rural,80-84,All,25.18,20.65,30.72,6780,26928
IN-GA,Goa,Both,Rural,80-84,None,35.00,28.70,42.70,1884,5385
IN-GA,Goa,Both,Rural,80-84,Primary,26.44,21.68,32.26,1423,5385
IN-GA,Goa,Both,Rural,80-84,Middle,20.14,16.51,24.57,1084,5385
IN-GA,Goa,Both,Rural,80-84,Secondary,15.11,12.39,18.43,813,5385
IN-GA,Goa,Both,Rural,80-84,Higher,11.33,9.29,13.82,610,5385
IN-GA,Goa,Both,Rural,85+,All,34.62,28.39,42.24,9322,26928
IN-GA,Goa,Both,Rural,85+,None,35.00,28.70,42.70,1884,5385
IN-GA,Goa,Both,Rural,85+,Primary,35.00,28.70,42.70,1884,5385
IN-GA,Goa,Both,Rural,85+,Middle,27.70,22.71,33.79,1491,5385
IN-GA,Goa,Both,Rural,85+,Secondary,20.77,17.03,25.34,1118,5385
IN-GA,Goa,Both,Rural,85+,Higher,15.58,12.78,19.01,838,5385
IN-GA,Goa,Male,All,60+,All,7.31,5.99,8.92,8041,110000
IN-GA,Goa,Male,All,60+,None,10.23,8.39,12.48,2250,22000
IN-GA,Goa,Male,All,60+,Primary,7.68,6.30,9.37,1689,22000
IN-GA,Goa,Male,All,60+,Middle,5.85,4.80,7.14,1287,22000
IN-GA,Goa,Male,All,60+,Secondary,4.39,3.60,5.36,965,22000
IN-GA,Goa,Male,All,60+,Higher,3.29,2.70,4.01,723,22000
IN-GA,Goa,Male,All,60-64,All,3.29,2.70,4.01,651,19800
IN-GA,Goa,Male,All,60-64,None,4.61,3.78,5.62,182,3959
IN-GA,Goa,Male,All,60-64,Primary,3.45,2.83,4.21,136,3959
IN-GA,Goa,Male,All,60-64,Middle,2.63,2.16,3.21,104,3959
IN-GA,Goa,Male,All,60-64,Secondary,1.97,1.62,2.40,77,3959
IN-GA,Goa,Male,All,60-64,Higher,1.48,1.21,1.81,58,3959
IN-GA,Goa,Male,All,65-69,All,5.48,4.49,6.69,1085,19800
IN-GA,Goa,Male,All,65-69,None,7.68,6.30,9.37,304,3959
IN-GA,Goa,Male,All,65-69,Primary,5.76,4.72,7.03,228,3959
IN-GA,Goa,Male,All,65-69,Middle,4.39,3.60,5.36,173,3959
IN-GA,Goa,Male,All,65-69,Secondary,3.29,2.70,4.01,130,3959
IN-GA,Goa,Male,All,65-69,Higher,2.47,2.03,3.01,97,3959
IN-GA,Goa,Male,All,70-74,All,8.41,6.90,10.26,1665,19800
IN-GA,Goa,Male,All,70-74,None,11.77,9.65,14.36,465,3959
IN-GA,Goa,Male,All,70-74,Primary,8.83,7.24,10.77,349,3959
IN-GA,Goa,Male,All,70-74,Middle,6.73,5.52,8.21,266,3959
IN-GA,Goa,Male,All,70-74,Secondary,5.04,4.13,6.15,199,3959
IN-GA,Goa,Male,All,70-74,Higher,3.78,3.10,4.61,149,3959
IN-GA,Goa,Male,All,75-79,All,12.43,10.19,15.16,2461,19800
IN-GA,Goa,Male,All,75-79,None,17.40,14.27,21.23,688,3959
IN-GA,Goa,Male,All,75-79,Primary,13.05,10.70,15.92,516,3959
IN-GA,Goa,Male,All,75-79,Middle,9.94,8.15,12.13,393,3959
IN-GA,Goa,Male,All,75-79,Secondary,7.46,6.12,9.10,295,3959
IN-GA,Goa,Male,All,75-79,Higher,5.59,4.58,6.82,221,3959
IN-GA,Goa,Male,All,80-84,All,17.54,14.38,21.40,3472,19800
IN-GA,Goa,Male,All,80-84,None,24.56,20.14,29.96,972,3959
IN-GA,Goa,Male,All,80-84,Primary,18.42,15.10,22.47,729,3959
IN-GA,Goa,Male,All,80-84,Middle,14.04,11.51,17.13,555,3959
IN-GA,Goa,Male,All,80-84,Secondary,10.53,8.63,12.85,416,3959
IN-GA,Goa,Male,All,80-84,Higher,7.89,6.47,9.63,312,3959
IN-GA,Goa,Male,All,85+,All,24.12,19.78,29.43,4775,19800
IN-GA,Goa,Male,All,85+,None,33.77,27.69,41.20,1336,3959
IN-GA,Goa,Male,All,85+,Primary,25.33,20.77,30.90,1002,3959
IN-GA,Goa,Male,All,85+,Middle,19.30,15.83,23.55,764,3959
IN-GA,Goa,Male,All,85+,Secondary,14.47,11.87,17.65,572,3959
IN-GA,Goa,Male,All,85+,Higher,10.86,8.91,13.25,429,3959
IN-GA,Goa,Male,Urban,60+,All,5.99,4.91,7.31,2108,35200
IN-GA,Goa,Male,Urban,60+,None,8.39,6.88,10.24,590,7040
IN-GA,Goa,Male,Urban,60+,Primary,6.29,5.16,7.67,442,7040
IN-GA,Goa,Male,Urban,60+,Middle,4.80,3.94,5.86,337,7040
IN-GA,Goa,Male,Urban,60+,Secondary,3.60,2.95,4.39,253,7040
IN-GA,Goa,Male,Urban,60+,Higher,2.70,2.21,3.29,190,7040
IN-GA,Goa,Male,Urban,60-64,All,2.70,2.21,3.29,171,6336
IN-GA,Goa,Male,Urban,60-64,None,3.78,3.10,4.61,47,1267
IN-GA,Goa,Male,Urban,60-64,Primary,2.83,2.32,3.45,35,1267
IN-GA,Goa,Male,Urban,60-64,Middle,2.16,1.77,2.64,27,1267
IN-GA,Goa,Male,Urban,60-64,Secondary,1.62,1.33,1.98,20,1267
IN-GA,Goa,Male,Urban,60-64,Higher,1.21,0.99,1.48,15,1267
IN-GA,Goa,Male,Urban,65-69,All,4.50,3.69,5.49,285,6336
IN-GA,Goa,Male,Urban,65-69,None,6.29,5.16,7.67,79,1267
IN-GA,Goa,Male,Urban,65-69,Primary,4.72,3.87,5.76,59,1267
IN-GA,Goa,Male,Urban,65-69,Middle,3.60,2.95,4.39,45,1267
IN-GA,Goa,Male,Urban,65-69,Secondary,2.70,2.21,3.29,34,1267
IN-GA,Goa,Male,Urban,65-69,Higher,2.02,1.66,2.46,25,1267
IN-GA,Goa,Male,Urban,70-74,All,6.89,5.65,8.41,436,6336
IN-GA,Goa,Male,Urban,70-74,None,9.65,7.91,11.77,122,1267
IN-GA,Goa,Male,Urban,70-74,Primary,7.24,5.94,8.83,91,1267
IN-GA,Goa,Male,Urban,70-74,Middle,5.51,4.52,6.72,69,1267
IN-GA,Goa,Male,Urban,70-74,Secondary,4.14,3.39,5.05,52,1267
IN-GA,Goa,Male,Urban,70-74,Higher,3.10,2.54,3.78,39,1267
IN-GA,Goa,Male,Urban,75-79,All,10.19,8.36,12.43,645,6336
IN-GA,Goa,Male,Urban,75-79,None,14.27,11.70,17.41,180,1267
IN-GA,Goa,Male,Urban,75-79,Primary,10.70,8.77,13.05,135,1267
IN-GA,Goa,Male,Urban,75-79,Middle,8.15,6.68,9.94,103,1267
IN-GA,Goa,Male,Urban,75-79,Secondary,6.11,5.01,7.45,77,1267
IN-GA,Goa,Male,Urban,75-79,Higher,4.59,3.76,5.60,58,1267
IN-GA,Goa,Male,Urban,80-84,All,14.39,11.80,17.56,911,6336
IN-GA,Goa,Male,Urban,80-84,None,20.14,16.51,24.57,255,1267
IN-GA,Goa,Male,Urban,80-84,Primary,15.11,12.39,18.43,191,1267
IN-GA,Goa,Male,Urban,80-84,Middle,11.51,9.44,14.04,145,1267
IN-GA,Goa,Male,Urban,80-84,Secondary,8.63,7.08,10.53,109,1267
IN-GA,Goa,Male,Urban,80-84,Higher,6.47,5.31,7.89,81,1267
IN-GA,Goa,Male,Urban,85+,All,19.78,16.22,24.13,1253,6336
IN-GA,Goa,Male,Urban,85+,None,27.69,22.71,33.78,350,1267
IN-GA,Goa,Male,Urban,85+,Primary,20.77,17.03,25.34,263,1267
IN-GA,Goa,Male,Urban,85+,Middle,15.82,12.97,19.30,200,1267
IN-GA,Goa,Male,Urban,85+,Secondary,11.87,9.73,14.48,150,1267
IN-GA,Goa,Male,Urban,85+,Higher,8.90,7.30,10.86,112,1267
IN-GA,Goa,Male,Rural,60+,All,8.92,7.31,10.88,6672,74800
IN-GA,Goa,Male,Rural,60+,None,12.49,10.24,15.24,1868,14960
IN-GA,Goa,Male,Rural,60+,Primary,9.36,7.68,11.42,1400,14960
IN-GA,Goa,Male,Rural,60+,Middle,7.13,5.85,8.70,1066,14960
IN-GA,Goa,Male,Rural,60+,Secondary,5.35,4.39,6.53,800,14960
IN-GA,Goa,Male,Rural,60+,Higher,4.01,3.29,4.89,599,14960
IN-GA,Goa,Male,Rural,60-64,All,4.01,3.29,4.89,539,13464
IN-GA,Goa,Male,Rural,60-64,None,5.62,4.61,6.86,151,2692
IN-GA,Goa,Male,Rural,60-64,Primary,4.21,3.45,5.14,113,2692
IN-GA,Goa,Male,Rural,60-64,Middle,3.21,2.63,3.92,86,2692
IN-GA,Goa,Male,Rural,60-64,Secondary,2.41,1.98,2.94,64,2692
IN-GA,Goa,Male,Rural,60-64,Higher,1.81,1.48,2.21,48,2692
IN-GA,Goa,Male,Rural,65-69,All,6.69,5.49,8.16,900,13464
IN-GA,Goa,Male,Rural,65-69,None,9.36,7.68,11.42,251,2692
IN-GA,Goa,Male,Rural,65-69,Primary,7.02,5.76,8.56,188,2692
IN-GA,Goa,Male,Rural,65-69,Middle,5.35,4.39,6.53,144,2692
IN-GA,Goa,Male,Rural,65-69,Secondary,4.01,3.29,4.89,107,2692
IN-GA,Goa,Male,Rural,65-69,Higher,3.01,2.47,3.67,81,2692
IN-GA,Goa,Male,Rural,70-74,All,10.26,8.41,12.52,1381,13464
IN-GA,Goa,Male,Rural,70-74,None,14.36,11.78,17.52,386,2692
IN-GA,Goa,Male,Rural,70-74,Primary,10.77,8.83,13.14,289,2692
IN-GA,Goa,Male,Rural,70-74,Middle,8.20,6.72,10.00,220,2692
IN-GA,Goa,Male,Rural,70-74,Secondary,6.15,5.04,7.50,165,2692
IN-GA,Goa,Male,Rural,70-74,Higher,4.62,3.79,5.64,124,2692
IN-GA,Goa,Male,Rural,75-79,All,15.16,12.43,18.50,2041,13464
IN-GA,Goa,Male,Rural,75-79,None,21.23,17.41,25.90,571,2692
IN-GA,Goa,Male,Rural,75-79,Primary,15.92,13.05,19.42,428,2692
IN-GA,Goa,Male,Rural,75-79,Middle,12.13,9.95,14.80,326,2692
IN-GA,Goa,Male,Rural,75-79,Secondary,9.10,7.46,11.10,244,2692
IN-GA,Goa,Male,Rural,75-79,Higher,6.82,5.59,8.32,183,2692
IN-GA,Goa,Male,Rural,80-84,All,21.40,17.55,26.11,2881,13464
IN-GA,Goa,Male,Rural,80-84,None,29.97,24.58,36.56,806,2692
IN-GA,Goa,Male,Rural,80-84,Primary,22.47,18.43,27.41,604,2692
IN-GA,Goa,Male,Rural,80-84,Middle,17.12,14.04,20.89,460,2692
IN-GA,Goa,Male,Rural,80-84,Secondary,12.84,10.53,15.66,345,2692
IN-GA,Goa,Male,Rural,80-84,Higher,9.63,7.90,11.75,259,2692
IN-GA,Goa,Male,Rural,85+,All,29.43,24.13,35.90,3962,13464
IN-GA,Goa,Male,Rural,85+,None,35.00,28.70,42.70,942,2692
IN-GA,Goa,Male,Rural,85+,Primary,30.90,25.34,37.70,831,2692
IN-GA,Goa,Male,Rural,85+,Middle,23.54,19.30,28.72,633,2692
IN-GA,Goa,Male,Rural,85+,Secondary,17.66,14.48,21.55,475,2692
IN-GA,Goa,Male,Rural,85+,Higher,13.24,10.86,16.15,356,2692
IN-GA,Goa,Female,All,60+,All,9.89,8.11,12.07,10879,110000
IN-GA,Goa,Female,All,60+,None,13.85,11.36,16.90,3046,22000
IN-GA,Goa,Female,All,60+,Primary,10.38,8.51,12.66,2283,22000
IN-GA,Goa,Female,All,60+,Middle,7.91,6.49,9.65,1740,22000
IN-GA,Goa,Female,All,60+,Secondary,5.93,4.86,7.23,1304,22000
IN-GA,Goa,Female,All,60+,Higher,4.45,3.65,5.43,979,22000
IN-GA,Goa,Female,All,60-64,All,4.45,3.65,5.43,881,19800
IN-GA,Goa,Female,All,60-64,None,6.23,5.11,7.60,246,3959
IN-GA,Goa,Female,All,60-64,Primary,4.67,3.83,5.70,184,3959
IN-GA,Goa,Female,All,60-64,Middle,3.56,2.92,4.34,140,3959
IN-GA,Goa,Female,All,60-64,Secondary,2.67,2.19,3.26,105,3959
IN-GA,Goa,Female,All,60-64,Higher,2.00,1.64,2.44,79,3959
IN-GA,Goa,Female,All,65-69,All,7.42,6.08,9.05,1469,19800
IN-GA,Goa,Female,All,65-69,None,10.38,8.51,12.66,410,3959
IN-GA,Goa,Female,All,65-69,Primary,7.79,6.39,9.50,308,3959
IN-GA,Goa,Female,All,65-69,Middle,5.93,4.86,7.23,234,3959
IN-GA,Goa,Female,All,65-69,Secondary,4.45,3.65,5.43,176,3959
IN-GA,Goa,Female,All,65-69,Higher,3.34,2.74,4.07,132,3959
IN-GA,Goa,Female,All,70-74,All,11.37,9.32,13.87,2251,19800
IN-GA,Goa,Female,All,70-74,None,15.92,13.05,19.42,630,3959
IN-GA,Goa,Female,All,70-74,Primary,11.94,9.79,14.57,472,3959
IN-GA,Goa,Female,All,70-74,Middle,9.10,7.46,11.10,360,3959
IN-GA,Goa,Female,All,70-74,Secondary,6.82,5.59,8.32,270,3959
IN-GA,Goa,Female,All,70-74,Higher,5.12,4.20,6.25,202,3959
IN-GA,Goa,Female,All,75-79,All,16.81,13.78,20.51,3328,19800
IN-GA,Goa,Female,All,75-79,None,23.54,19.30,28.72,931,3959
IN-GA,Goa,Female,All,75-79,Primary,17.65,14.47,21.53,698,3959
IN-GA,Goa,Female,All,75-79,Middle,13.45,11.03,16.41,532,3959
IN-GA,Goa,Female,All,75-79,Secondary,10.09,8.27,12.31,399,3959
IN-GA,Goa,Female,All,75-79,Higher,7.57,6.21,9.24,299,3959
IN-GA,Goa,Female,All,80-84,All,23.74,19.47,28.96,4700,19800
IN-GA,Goa,Female,All,80-84,None,33.23,27.25,40.54,1315,3959
IN-GA,Goa,Female,All,80-84,Primary,24.92,20.43,30.40,986,3959
IN-GA,Goa,Female,All,80-84,Middle,18.99,15.57,23.17,751,3959
IN-GA,Goa,Female,All,80-84,Secondary,14.24,11.68,17.37,563,3959
IN-GA,Goa,Female,All,80-84,Higher,10.68,8.76,13.03,422,3959
IN-GA,Goa,Female,All,85+,All,32.64,26.76,39.82,6462,19800
IN-GA,Goa,Female,All,85+,None,35.00,28.70,42.70,1385,3959
IN-GA,Goa,Female,All,85+,Primary,34.27,28.10,41.81,1356,3959
IN-GA,Goa,Female,All,85+,Middle,26.11,21.41,31.85,1033,3959
IN-GA,Goa,Female,All,85+,Secondary,19.58,16.06,23.89,775,3959
IN-GA,Goa,Female,All,85+,Higher,14.69,12.05,17.92,581,3959
IN-GA,Goa,Female,Urban,60+,All,8.11,6.65,9.89,2854,35200
IN-GA,Goa,Female,Urban,60+,None,11.35,9.31,13.85,799,7040
IN-GA,Goa,Female,Urban,60+,Primary,8.52,6.99,10.39,599,7040
IN-GA,Goa,Female,Urban,60+,Middle,6.49,5.32,7.92,456,7040
IN-GA,Goa,Female,Urban,60+,Secondary,4.87,3.99,5.94,342,7040
IN-GA,Goa,Female,Urban,60+,Higher,3.65,2.99,4.45,256,7040
IN-GA,Goa,Female,Urban,60-64,All,3.65,2.99,4.45,231,6336
IN-GA,Goa,Female,Urban,60-64,None,5.11,4.19,6.23,64,1267
IN-GA,Goa,Female,Urban,60-64,Primary,3.83,3.14,4.67,48,1267
IN-GA,Goa,Female,Urban,60-64,Middle,2.92,2.39,3.56,36,1267
IN-GA,Goa,Female,Urban,60-64,Secondary,2.19,1.80,2.67,27,1267
IN-GA,Goa,Female,Urban,60-64,Higher,1.64,1.34,2.00,20,1267
IN-GA,Goa,Female,Urban,65-69,All,6.08,4.99,7.42,385,6336
IN-GA,Goa,Female,Urban,65-69,None,8.52,6.99,10.39,107,1267
IN-GA,Goa,Female,Urban,65-69,Primary,6.39,5.24,7.80,80,1267
IN-GA,Goa,Female,Urban,65-69,Middle,4.87,3.99,5.94,61,1267
IN-GA,Goa,Female,Urban,65-69,Secondary,3.65,2.99,4.45,46,1267
IN-GA,Goa,Female,Urban,65-69,Higher,2.74,2.25,3.34,34,1267
IN-GA,Goa,Female,Urban,70-74,All,9.33,7.65,11.38,591,6336
IN-GA,Goa,Female,Urban,70-74,None,13.06,10.71,15.93,165,1267
IN-GA,Goa,Female,Urban,70-74,Primary,9.79,8.03,11.94,124,1267
IN-GA,Goa,Female,Urban,70-74,Middle,7.46,6.12,9.10,94,1267
IN-GA,Goa,Female,Urban,70-74,Secondary,5.60,4.59,6.83,70,1267
IN-GA,Goa,Female,Urban,70-74,Higher,4.20,3.44,5.12,53,1267
IN-GA,Goa,Female,Urban,75-79,All,13.79,11.31,16.82,873,6336
IN-GA,Goa,Female,Urban,75-79,None,19.30,15.83,23.55,244,1267
IN-GA,Goa,Female,Urban,75-79,Primary,14.48,11.87,17.67,183,1267
IN-GA,Goa,Female,Urban,75-79,Middle,11.03,9.04,13.46,139,1267
IN-GA,Goa,Female,Urban,75-79,Secondary,8.27,6.78,10.09,104,1267
IN-GA,Goa,Female,Urban,75-79,Higher,6.20,5.08,7.56,78,1267
IN-GA,Goa,Female,Urban,80-84,All,19.46,15.96,23.74,1232,6336
IN-GA,Goa,Female,Urban,80-84,None,27.25,22.35,33.24,345,1267
IN-GA,Goa,Female,Urban,80-84,Primary,20.44,16.76,24.94,258,1267
IN-GA,Goa,Female,Urban,80-84,Middle,15.57,12.77,19.00,197,1267
IN-GA,Goa,Female,Urban,80-84,Secondary,11.68,9.58,14.25,147,1267
IN-GA,Goa,Female,Urban,80-84,Higher,8.76,7.18,10.69,110,1267
IN-GA,Goa,Female,Urban,85+,All,26.76,21.94,32.65,1695,6336
IN-GA,Goa,Female,Urban,85+,None,35.00,28.70,42.70,443,1267
IN-GA,Goa,Female,Urban,85+,Primary,28.10,23.04,34.28,356,1267
IN-GA,Goa,Female,Urban,85+,Middle,21.41,17.56,26.12,271,1267
IN-GA,Goa,Female,Urban,85+,Secondary,16.06,13.17,19.59,203,1267
IN-GA,Goa,Female,Urban,85+,Higher,12.04,9.87,14.69,152,1267
IN-GA,Goa,Female,Rural,60+,All,12.07,9.90,14.73,9028,74800
IN-GA,Goa,Female,Rural,60+,None,16.89,13.85,20.61,2526,14960
IN-GA,Goa,Female,Rural,60+,Primary,12.67,10.39,15.46,1895,14960
IN-GA,Goa,Female,Rural,60+,Middle,9.65,7.91,11.77,1443,14960
IN-GA,Goa,Female,Rural,60+,Secondary,7.24,5.94,8.83,1083,14960
IN-GA,Goa,Female,Rural,60+,Higher,5.43,4.45,6.62,812,14960
IN-GA,Goa,Female,Rural,60-64,All,5.43,4.45,6.62,731,13464
IN-GA,Goa,Female,Rural,60-64,None,7.60,6.23,9.27,204,2692
IN-GA,Goa,Female,Rural,60-64,Primary,5.70,4.67,6.95,153,2692
IN-GA,Goa,Female,Rural,60-64,Middle,4.34,3.56,5.29,116,2692
IN-GA,Goa,Female,Rural,60-64,Secondary,3.26,2.67,3.98,87,2692
IN-GA,Goa,Female,Rural,60-64,Higher,2.44,2.00,2.98,65,2692
IN-GA,Goa,Female,Rural,65-69,All,9.05,7.42,11.04,1218,13464
IN-GA,Goa,Female,Rural,65-69,None,12.67,10.39,15.46,341,2692
IN-GA,Goa,Female,Rural,65-69,Primary,9.50,7.79,11.59,255,2692
IN-GA,Goa,Female,Rural,65-69,Middle,7.24,5.94,8.83,194,2692
IN-GA,Goa,Female,Rural,65-69,Secondary,5.43,4.45,6.62,146,2692
IN-GA,Goa,Female,Rural,65-69,Higher,4.07,3.34,4.97,109,2692
IN-GA,Goa,Female,Rural,70-74,All,13.88,11.38,16.93,1868,13464
IN-GA,Goa,Female,Rural,70-74,None,19.43,15.93,23.70,523,2692
IN-GA,Goa,Female,Rural,70-74,Primary,14.57,11.95,17.78,392,2692
IN-GA,Goa,Female,Rural,70-74,Middle,11.10,9.10,13.54,298,2692
IN-GA,Goa,Female,Rural,70-74,Secondary,8.33,6.83,10.16,224,2692
IN-GA,Goa,Female,Rural,70-74,Higher,6.24,5.12,7.61,167,2692
IN-GA,Goa,Female,Rural,75-79,All,20.51,16.82,25.02,2761,13464
IN-GA,Goa,Female,Rural,75-79,None,28.72,23.55,35.04,773,2692
IN-GA,Goa,Female,Rural,75-79,Primary,21.54,17.66,26.28,579,2692
IN-GA,Goa,Female,Rural,75-79,Middle,16.41,13.46,20.02,441,2692
IN-GA,Goa,Female,Rural,75-79,Secondary,12.31,10.09,15.02,331,2692
IN-GA,Goa,Female,Rural,75-79,Higher,9.23,7.57,11.26,248,2692
IN-GA,Goa,Female,Rural,80-84,All,28.96,23.75,35.33,3899,13464
IN-GA,Goa,Female,Rural,80-84,None,35.00,28.70,42.70,942,2692
IN-GA,Goa,Female,Rural,80-84,Primary,30.41,24.94,37.10,818,2692
IN-GA,Goa,Female,Rural,80-84,Middle,23.17,19.00,28.27,623,2692
IN-GA,Goa,Female,Rural,80-84,Secondary,17.37,14.24,21.19,467,2692
IN-GA,Goa,Female,Rural,80-84,Higher,13.03,10.68,15.90,350,2692
IN-GA,Goa,Female,Rural,85+,All,35.00,28.70,42.70,4712,13464
IN-GA,Goa,Female,Rural,85+,None,35.00,28.70,42.70,942,2692
IN-GA,Goa,Female,Rural,85+,Primary,35.00,28.70,42.70,942,2692
IN-GA,Goa,Female,Rural,85+,Middle,31.85,26.12,38.86,857,2692
IN-GA,Goa,Female,Rural,85+,Secondary,23.89,19.59,29.15,643,2692
IN-GA,Goa,Female,Rural,85+,Higher,17.92,14.69,21.86,482,2692
IN-HP,Himachal Pradesh,Both,All,60+,All,8.20,6.72,10.00,69699,850000
IN-HP,Himachal Pradesh,Both,All,60+,None,11.48,9.41,14.01,19516,170000
IN-HP,Himachal Pradesh,Both,All,60+,Primary,8.61,7.06,10.50,14637,170000
IN-HP,Himachal Pradesh,Both,All,60+,Middle,6.56,5.38,8.00,11151,170000
IN-HP,Himachal Pradesh,Both,All,60+,Secondary,4.92,4.03,6.00,8364,170000
IN-HP,Himachal Pradesh,Both,All,60+,Higher,3.69,3.03,4.50,6273,170000
IN-HP,Himachal Pradesh,Both,All,60-64,All,3.69,3.03,4.50,5645,153000
IN-HP,Himachal Pradesh,Both,All,60-64,None,5.17,4.24,6.31,1581,30599
IN-HP,Himachal Pradesh,Both,All,60-64,Primary,3.87,3.17,4.72,1184,30599
IN-HP,Himachal Pradesh,Both,All,60-64,Middle,2.95,2.42,3.60,902,30599
IN-HP,Himachal Pradesh,Both,All,60-64,Secondary,2.21,1.81,2.70,676,30599
IN-HP,Himachal Pradesh,Both,All,60-64,Higher,1.66,1.36,2.03,507,30599
IN-HP,Himachal Pradesh,Both,All,65-69,All,6.15,5.04,7.50,9409,153000
IN-HP,Himachal Pradesh,Both,All,65-69,None,8.61,7.06,10.50,2634,30599
IN-HP,Himachal Pradesh,Both,All,65-69,Primary,6.46,5.30,7.88,1976,30599
IN-HP,Himachal Pradesh,Both,All,65-69,Middle,4.92,4.03,6.00,1505,30599
IN-HP,Himachal Pradesh,Both,All,65-69,Secondary,3.69,3.03,4.50,1129,30599
IN-HP,Himachal Pradesh,Both,All,65-69,Higher,2.77,2.27,3.38,847,30599
IN-HP,Himachal Pradesh,Both,All,70-74,All,9.43,7.73,11.50,14427,153000
IN-HP,Himachal Pradesh,Both,All,70-74,None,13.20,10.82,16.10,4039,30599
IN-HP,Himachal Pradesh,Both,All,70-74,Primary,9.90,8.12,12.08,3029,30599
IN-HP,Himachal Pradesh,Both,All,70-74,Middle,7.54,6.18,9.20,2307,30599
IN-HP,Himachal Pradesh,Both,All,70-74,Secondary,5.66,4.64,6.91,1731,30599
IN-HP,Himachal Pradesh,Both,All,70-74,Higher,4.24,3.48,5.17,1297,30599
IN-HP,Himachal Pradesh,Both,All,75-79,All,13.94,11.43,17.01,21328,153000
IN-HP,Himachal Pradesh,Both,All,75-79,None,19.52,16.01,23.81,5972,30599
IN-HP,Himachal Pradesh,Both,All,75-79,Primary,14.64,12.00,17.86,4479,30599
IN-HP,Himachal Pradesh,Both,All,75-79,Middle,11.15,9.14,13.60,3411,30599
IN-HP,Himachal Pradesh,Both,All,75-79,Secondary,8.36,6.86,10.20,2558,30599
IN-HP,Himachal Pradesh,Both,All,75-79,Higher,6.27,5.14,7.65,1918,30599
IN-HP,Himachal Pradesh,Both,All,80-84,All,19.68,16.14,24.01,30110,153000
IN-HP,Himachal Pradesh,Both,All,80-84,None,27.55,22.59,33.61,8430,30599
IN-HP,Himachal Pradesh,Both,All,80-84,Primary,20.66,16.94,25.21,6321,30599
IN-HP,Himachal Pradesh,Both,All,80-84,Middle,15.74,12.91,19.20,4816,30599
IN-HP,Himachal Pradesh,Both,All,80-84,Secondary,11.81,9.68,14.41,3613,30599
IN-HP,Himachal Pradesh,Both,All,80-84,Higher,8.86,7.27,10.81,2711,30599
IN-HP,Himachal Pradesh,Both,All,85+,All,27.06,22.19,33.01,41401,153000
IN-HP,Himachal Pradesh,Both,All,85+,None,35.00,28.70,42.70,10709,30599
IN-HP,Himachal Pradesh,Both,All,85+,Primary,28.41,23.30,34.66,8693,30599
IN-HP,Himachal Pradesh,Both,All,85+,Middle,21.65,17.75,26.41,6624,30599
IN-HP,Himachal Pradesh,Both,All,85+,Secondary,16.24,13.32,19.81,4969,30599
IN-HP,Himachal Pradesh,Both,All,85+,Higher,12.18,9.99,14.86,3726,30599
IN-HP,Himachal Pradesh,Both,Urban,60+,All,6.72,5.51,8.20,18278,272000
IN-HP,Himachal Pradesh,Both,Urban,60+,None,9.41,7.72,11.48,5119,54400
IN-HP,Himachal Pradesh,Both,Urban,60+,Primary,7.06,5.79,8.61,3840,54400
IN-HP,Himachal Pradesh,Both,Urban,60+,Middle,5.38,4.41,6.56,2926,54400
IN-HP,Himachal Pradesh,Both,Urban,60+,Secondary,4.03,3.30,4.92,2192,54400
IN-HP,Himachal Pradesh,Both,Urban,60+,Higher,3.03,2.48,3.70,1648,54400
IN-HP,Himachal Pradesh,Both,Urban,60-64,All,3.03,2.48,3.70,1483,48960
IN-HP,Himachal Pradesh,Both,Urban,60-64,None,4.24,3.48,5.17,415,9792
IN-HP,Himachal Pradesh,Both,Urban,60-64,Primary,3.18,2.61,3.88,311,9792
IN-HP,Himachal Pradesh,Both,Urban,60-64,Middle,2.42,1.98,2.95,236,9792
IN-HP,Himachal Pradesh,Both,Urban,60-64,Secondary,1.82,1.49,2.22,178,9792
IN-HP,Himachal Pradesh,Both,Urban,60-64,Higher,1.36,1.12,1.66,133,9792
IN-HP,Himachal Pradesh,Both,Urban,65-69,All,5.04,4.13,6.15,2467,48960
IN-HP,Himachal Pradesh,Both,Urban,65-69,None,7.06,5.79,8.61,691,9792
IN-HP,Himachal Pradesh,Both,Urban,65-69,Primary,5.30,4.35,6.47,518,9792
IN-HP,Himachal Pradesh,Both,Urban,65-69,Middle,4.03,3.30,4.92,394,9792
IN-HP,Himachal Pradesh,Both,Urban,65-69,Secondary,3.03,2.48,3.70,296,9792
IN-HP,Himachal Pradesh,Both,Urban,65-69,Higher,2.27,1.86,2.77,222,9792
IN-HP,Himachal Pradesh,Both,Urban,70-74,All,7.73,6.34,9.43,3784,48960
IN-HP,Himachal Pradesh,Both,Urban,70-74,None,10.83,8.88,13.21,1060,9792
IN-HP,Himachal Pradesh,Both,Urban,70-74,Primary,8.12,6.66,9.91,795,9792
IN-HP,Himachal Pradesh,Both,Urban,70-74,Middle,6.19,5.08,7.55,606,9792
IN-HP,Himachal Pradesh,Both,Urban,70-74,Secondary,4.64,3.80,5.66,454,9792
IN-HP,Himachal Pradesh,Both,Urban,70-74,Higher,3.48,2.85,4.25,340,9792
IN-HP,Himachal Pradesh,Both,Urban,75-79,All,11.43,9.37,13.94,5596,48960
IN-HP,Himachal Pradesh,Both,Urban,75-79,None,16.00,13.12,19.52,1566,9792
IN-HP,Himachal Pradesh,Both,Urban,75-79,Primary,12.00,9.84,14.64,1175,9792
IN-HP,Himachal Pradesh,Both,Urban,75-79,Middle,9.14,7.49,11.15,894,9792
IN-HP,Himachal Pradesh,Both,Urban,75-79,Secondary,6.86,5.63,8.37,671,9792
IN-HP,Himachal Pradesh,Both,Urban,75-79,Higher,5.14,4.21,6.27,503,9792
IN-HP,Himachal Pradesh,Both,Urban,80-84,All,16.14,13.23,19.69,7902,48960
IN-HP,Himachal Pradesh,Both,Urban,80-84,None,22.59,18.52,27.56,2212,9792
IN-HP,Himachal Pradesh,Both,Urban,80-84,Primary,16.94,13.89,20.67,1658,9792
IN-HP,Himachal Pradesh,Both,Urban,80-84,Middle,12.91,10.59,15.75,1264,9792
IN-HP,Himachal Pradesh,Both,Urban,80-84,Secondary,9.68,7.94,11.81,947,9792
IN-HP,Himachal Pradesh,Both,Urban,80-84,Higher,7.26,5.95,8.86,710,9792
IN-HP,Himachal Pradesh,Both,Urban,85+,All,22.19,18.20,27.07,10864,48960
IN-HP,Himachal Pradesh,Both,Urban,85+,None,31.06,25.47,37.89,3041,9792
IN-HP,Himachal Pradesh,Both,Urban,85+,Primary,23.30,19.11,28.43,2281,9792
IN-HP,Himachal Pradesh,Both,Urban,85+,Middle,17.75,14.56,21.66,1738,9792
IN-HP,Himachal Pradesh,Both,Urban,85+,Secondary,13.31,10.91,16.24,1303,9792
IN-HP,Himachal Pradesh,Both,Urban,85+,Higher,9.99,8.19,12.19,978,9792
IN-HP,Himachal Pradesh,Both,Rural,60+,All,10.00,8.20,12.20,57800,578000
IN-HP,Himachal Pradesh,Both,Rural,60+,None,14.01,11.49,17.09,16195,115600
IN-HP,Himachal Pradesh,Both,Rural,60+,Primary,10.50,8.61,12.81,12138,115600
IN-HP,Himachal Pradesh,Both,Rural,60+,Middle,8.00,6.56,9.76,9248,115600
IN-HP,Himachal Pradesh,Both,Rural,60+,Secondary,6.00,4.92,7.32,6936,115600
IN-HP,Himachal Pradesh,Both,Rural,60+,Higher,4.50,3.69,5.49,5202,115600
IN-HP,Himachal Pradesh,Both,Rural,60-64,All,4.50,3.69,5.49,4681,104040
IN-HP,Himachal Pradesh,Both,Rural,60-64,None,6.30,5.17,7.69,1310,20808
IN-HP,Himachal Pradesh,Both,Rural,60-64,Primary,4.73,3.88,5.77,984,20808
IN-HP,Himachal Pradesh,Both,Rural,60-64,Middle,3.60,2.95,4.39,749,20808
IN-HP,Himachal Pradesh,Both,Rural,60-64,Secondary,2.70,2.21,3.29,561,20808
IN-HP,Himachal Pradesh,Both,Rural,60-64,Higher,2.03,1.66,2.48,422,20808
IN-HP,Himachal Pradesh,Both,Rural,65-69,All,7.50,6.15,9.15,7803,104040
IN-HP,Himachal Pradesh,Both,Rural,65-69,None,10.50,8.61,12.81,2184,20808
IN-HP,Himachal Pradesh,Both,Rural,65-69,Primary,7.88,6.46,9.61,1639,20808
IN-HP,Himachal Pradesh,Both,Rural,65-69,Middle,6.00,4.92,7.32,1248,20808
IN-HP,Himachal Pradesh,Both,Rural,65-69,Secondary,4.50,3.69,5.49,936,20808
IN-HP,Himachal Pradesh,Both,Rural,65-69,Higher,3.38,2.77,4.12,703,20808
IN-HP,Himachal Pradesh,Both,Rural,70-74,All,11.50,9.43,14.03,11964,104040
IN-HP,Himachal Pradesh,Both,Rural,70-74,None,16.11,13.21,19.65,3352,20808
IN-HP,Himachal Pradesh,Both,Rural,70-74,Primary,12.08,9.91,14.74,2513,20808
IN-HP,Himachal Pradesh,Both,Rural,70-74,Middle,9.20,7.54,11.22,1914,20808
IN-HP,Himachal Pradesh,Both,Rural,70-74,Secondary,6.90,5.66,8.42,1435,20808
IN-HP,Himachal Pradesh,Both,Rural,70-74,Higher,5.18,4.25,6.32,1077,20808
IN-HP,Himachal Pradesh,Both,Rural,75-79,All,17.01,13.95,20.75,17697,104040
IN-HP,Himachal Pradesh,Both,Rural,75-79,None,23.81,19.52,29.05,4954,20808
IN-HP,Himachal Pradesh,Both,Rural,75-79,Primary,17.86,14.65,21.79,3716,20808
IN-HP,Himachal Pradesh,Both,Rural,75-79,Middle,13.61,11.16,16.60,2831,20808
IN-HP,Himachal Pradesh,Both,Rural,75-79,Secondary,10.20,8.36,12.44,2122,20808
IN-HP,Himachal Pradesh,Both,Rural,75-79,Higher,7.65,6.27,9.33,1591,20808
IN-HP,Himachal Pradesh,Both,Rural,80-84,All,24.01,19.69,29.29,24980,104040
IN-HP,Himachal Pradesh,Both,Rural,80-84,None,33.61,27.56,41.00,6993,20808
IN-HP,Himachal Pradesh,Both,Rural,80-84,Primary,25.21,20.67,30.76,5245,20808
IN-HP,Himachal Pradesh,Both,Rural,80-84,Middle,19.21,15.75,23.44,3997,20808
IN-HP,Himachal Pradesh,Both,Rural,80-84,Secondary,14.41,11.82,17.58,2998,20808
IN-HP,Himachal Pradesh,Both,Rural,80-84,Higher,10.80,8.86,13.18,2247,20808
IN-HP,Himachal Pradesh,Both,Rural,85+,All,33.01,27.07,40.27,34343,104040
IN-HP,Himachal Pradesh,Both,Rural,85+,None,35.00,28.70,42.70,7282,20808
IN-HP,Himachal Pradesh,Both,Rural,85+,Primary,34.66,28.42,42.29,7212,20808
IN-HP,Himachal Pradesh,Both,Rural,85+,Middle,26.41,21.66,32.22,5495,20808
IN-HP,Himachal Pradesh,Both,Rural,85+,Secondary,19.81,16.24,24.17,4122,20808
IN-HP,Himachal Pradesh,Both,Rural,85+,Higher,14.86,12.19,18.13,3092,20808
IN-HP,Himachal Pradesh,Male,All,60+,All,6.97,5.72,8.50,29622,425000
IN-HP,Himachal Pradesh,Male,All,60+,None,9.76,8.00,11.91,8296,85000
IN-HP,Himachal Pradesh,Male,All,60+,Primary,7.32,6.00,8.93,6222,85000
IN-HP,Himachal Pradesh,Male,All,60+,Middle,5.58,4.58,6.81,4743,85000
IN-HP,Himachal Pradesh,Male,All,60+,Secondary,4.18,3.43,5.10,3552,85000
IN-HP,Himachal Pradesh,Male,All,60+,Higher,3.14,2.57,3.83,2669,85000
IN-HP,Himachal Pradesh,Male,All,60-64,All,3.14,2.57,3.83,2402,76500
IN-HP,Himachal Pradesh,Male,All,60-64,None,4.39,3.60,5.36,671,15299
IN-HP,Himachal Pradesh,Male,All,60-64,Primary,3.29,2.70,4.01,503,15299
IN-HP,Himachal Pradesh,Male,All,60-64,Middle,2.51,2.06,3.06,384,15299
IN-HP,Himachal Pradesh,Male,All,60-64,Secondary,1.88,1.54,2.29,287,15299
IN-HP,Himachal Pradesh,Male,All,60-64,Higher,1.41,1.16,1.72,215,15299
IN-HP,Himachal Pradesh,Male,All,65-69,All,5.23,4.29,6.38,4000,76500
IN-HP,Himachal Pradesh,Male,All,65-69,None,7.32,6.00,8.93,1119,15299
IN-HP,Himachal Pradesh,Male,All,65-69,Primary,5.49,4.50,6.70,839,15299
IN-HP,Himachal Pradesh,Male,All,65-69,Middle,4.18,3.43,5.10,639,15299
IN-HP,Himachal Pradesh,Male,All,65-69,Secondary,3.14,2.57,3.83,480,15299
IN-HP,Himachal Pradesh,Male,All,65-69,Higher,2.35,1.93,2.87,359,15299
IN-HP,Himachal Pradesh,Male,All,70-74,All,8.02,6.58,9.78,6135,76500
IN-HP,Himachal Pradesh,Male,All,70-74,None,11.22,9.20,13.69,1716,15299
IN-HP,Himachal Pradesh,Male,All,70-74,Primary,8.42,6.90,10.27,1288,15299
IN-HP,Himachal Pradesh,Male,All,70-74,Middle,6.41,5.26,7.82,980,15299
IN-HP,Himachal Pradesh,Male,All,70-74,Secondary,4.81,3.94,5.87,735,15299
IN-HP,Himachal Pradesh,Male,All,70-74,Higher,3.61,2.96,4.40,552,15299
IN-HP,Himachal Pradesh,Male,All,75-79,All,11.85,9.72,14.46,9065,76500
IN-HP,Himachal Pradesh,Male,All,75-79,None,16.59,13.60,20.24,2538,15299
IN-HP,Himachal Pradesh,Male,All,75-79,Primary,12.44,10.20,15.18,1903,15299
IN-HP,Himachal Pradesh,Male,All,75-79,Middle,9.48,7.77,11.57,1450,15299
IN-HP,Himachal Pradesh,Male,All,75-79,Secondary,7.11,5.83,8.67,1087,15299
IN-HP,Himachal Pradesh,Male,All,75-79,Higher,5.33,4.37,6.50,815,15299
IN-HP,Himachal Pradesh,Male,All,80-84,All,16.73,13.72,20.41,12798,76500
IN-HP,Himachal Pradesh,Male,All,80-84,None,23.42,19.20,28.57,3583,15299
IN-HP,Himachal Pradesh,Male,All,80-84,Primary,17.56,14.40,21.42,2686,15299
IN-HP,Himachal Pradesh,Male,All,80-84,Middle,13.38,10.97,16.32,2047,15299
IN-HP,Himachal Pradesh,Male,All,80-84,Secondary,10.04,8.23,12.25,1536,15299
IN-HP,Himachal Pradesh,Male,All,80-84,Higher,7.53,6.17,9.19,1152,15299
IN-HP,Himachal Pradesh,Male,All,85+,All,23.00,18.86,28.06,17595,76500
IN-HP,Himachal Pradesh,Male,All,85+,None,32.20,26.40,39.28,4926,15299
IN-HP,Himachal Pradesh,Male,All,85+,Primary,24.15,19.80,29.46,3694,15299
IN-HP,Himachal Pradesh,Male,All,85+,Middle,18.40,15.09,22.45,2815,15299
IN-HP,Himachal Pradesh,Male,All,85+,Secondary,13.80,11.32,16.84,2111,15299
IN-HP,Himachal Pradesh,Male,All,85+,Higher,10.35,8.49,12.63,1583,15299
IN-HP,Himachal Pradesh,Male,Urban,60+,All,5.72,4.69,6.98,7779,136000
IN-HP,Himachal Pradesh,Male,Urban,60+,None,8.00,6.56,9.76,2176,27200
IN-HP,Himachal Pradesh,Male,Urban,60+,Primary,6.00,4.92,7.32,1632,27200
IN-HP,Himachal Pradesh,Male,Urban,60+,Middle,4.57,3.75,5.58,1243,27200
IN-HP,Himachal Pradesh,Male,Urban,60+,Secondary,3.43,2.81,4.18,932,27200
IN-HP,Himachal Pradesh,Male,Urban,60+,Higher,2.57,2.11,3.14,699,27200
IN-HP,Himachal Pradesh,Male,Urban,60-64,All,2.57,2.11,3.14,629,24480
IN-HP,Himachal Pradesh,Male,Urban,60-64,None,3.60,2.95,4.39,176,4896
IN-HP,Himachal Pradesh,Male,Urban,60-64,Primary,2.70,2.21,3.29,132,4896
IN-HP,Himachal Pradesh,Male,Urban,60-64,Middle,2.06,1.69,2.51,100,4896
IN-HP,Himachal Pradesh,Male,Urban,60-64,Secondary,1.54,1.26,1.88,75,4896
IN-HP,Himachal Pradesh,Male,Urban,60-64,Higher,1.16,0.95,1.42,56,4896
IN-HP,Himachal Pradesh,Male,Urban,65-69,All,4.29,3.52,5.23,1050,24480
IN-HP,Himachal Pradesh,Male,Urban,65-69,None,6.00,4.92,7.32,293,4896
IN-HP,Himachal Pradesh,Male,Urban,65-69,Primary,4.50,3.69,5.49,220,4896
IN-HP,Himachal Pradesh,Male,Urban,65-69,Middle,3.43,2.81,4.18,167,4896
IN-HP,Himachal Pradesh,Male,Urban,65-69,Secondary,2.57,2.11,3.14,125,4896
IN-HP,Himachal Pradesh,Male,Urban,65-69,Higher,1.93,1.58,2.35,94,4896
IN-HP,Himachal Pradesh,Male,Urban,70-74,All,6.57,5.39,8.02,1608,24480
IN-HP,Himachal Pradesh,Male,Urban,70-74,None,9.20,7.54,11.22,450,4896
IN-HP,Himachal Pradesh,Male,Urban,70-74,Primary,6.90,5.66,8.42,337,4896
IN-HP,Himachal Pradesh,Male,Urban,70-74,Middle,5.26,4.31,6.42,257,4896
IN-HP,Himachal Pradesh,Male,Urban,70-74,Secondary,3.94,3.23,4.81,192,4896
IN-HP,Himachal Pradesh,Male,Urban,70-74,Higher,2.96,2.43,3.61,144,4896
IN-HP,Himachal Pradesh,Male,Urban,75-79,All,9.72,7.97,11.86,2379,24480
IN-HP,Himachal Pradesh,Male,Urban,75-79,None,13.60,11.15,16.59,665,4896
IN-HP,Himachal Pradesh,Male,Urban,75-79,Primary,10.20,8.36,12.44,499,4896
IN-HP,Himachal Pradesh,Male,Urban,75-79,Middle,7.77,6.37,9.48,380,4896
IN-HP,Himachal Pradesh,Male,Urban,75-79,Secondary,5.83,4.78,7.11,285,4896
IN-HP,Himachal Pradesh,Male,Urban,75-79,Higher,4.37,3.58,5.33,213,4896
IN-HP,Himachal Pradesh,Male,Urban,80-84,All,13.72,11.25,16.74,3358,24480
IN-HP,Himachal Pradesh,Male,Urban,80-84,None,19.20,15.74,23.42,940,4896
IN-HP,Himachal Pradesh,Male,Urban,80-84,Primary,14.40,11.81,17.57,705,4896
IN-HP,Himachal Pradesh,Male,Urban,80-84,Middle,10.97,9.00,13.38,537,4896
IN-HP,Himachal Pradesh,Male,Urban,80-84,Secondary,8.23,6.75,10.04,402,4896
IN-HP,Himachal Pradesh,Male,Urban,80-84,Higher,6.17,5.06,7.53,302,4896
IN-HP,Himachal Pradesh,Male,Urban,85+,All,18.86,15.47,23.01,4616,24480
IN-HP,Himachal Pradesh,Male,Urban,85+,None,26.41,21.66,32.22,1293,4896
IN-HP,Himachal Pradesh,Male,Urban,85+,Primary,19.80,16.24,24.16,969,4896
IN-HP,Himachal Pradesh,Male,Urban,85+,Middle,15.09,12.37,18.41,738,4896
IN-HP,Himachal Pradesh,Male,Urban,85+,Secondary,11.32,9.28,13.81,554,4896
IN-HP,Himachal Pradesh,Male,Urban,85+,Higher,8.49,6.96,10.36,415,4896
IN-HP,Himachal Pradesh,Male,Rural,60+,All,8.50,6.97,10.37,24565,289000
IN-HP,Himachal Pradesh,Male,Rural,60+,None,11.90,9.76,14.52,6878,57800
IN-HP,Himachal Pradesh,Male,Rural,60+,Primary,8.93,7.32,10.89,5161,57800
IN-HP,Himachal Pradesh,Male,Rural,60+,Middle,6.80,5.58,8.30,3930,57800
IN-HP,Himachal Pradesh,Male,Rural,60+,Secondary,5.10,4.18,6.22,2947,57800
IN-HP,Himachal Pradesh,Male,Rural,60+,Higher,3.83,3.14,4.67,2213,57800
IN-HP,Himachal Pradesh,Male,Rural,60-64,All,3.83,3.14,4.67,1992,52020
IN-HP,Himachal Pradesh,Male,Rural,60-64,None,5.36,4.40,6.54,557,10404
IN-HP,Himachal Pradesh,Male,Rural,60-64,Primary,4.02,3.30,4.90,418,10404
IN-HP,Himachal Pradesh,Male,Rural,60-64,Middle,3.06,2.51,3.73,318,10404
IN-HP,Himachal Pradesh,Male,Rural,60-64,Secondary,2.30,1.89,2.81,239,10404
IN-HP,Himachal Pradesh,Male,Rural,60-64,Higher,1.72,1.41,2.10,178,10404
IN-HP,Himachal Pradesh,Male,Rural,65-69,All,6.38,5.23,7.78,3318,52020
IN-HP,Himachal Pradesh,Male,Rural,65-69,None,8.93,7.32,10.89,929,10404
IN-HP,Himachal Pradesh,Male,Rural,65-69,Primary,6.70,5.49,8.17,697,10404
IN-HP,Himachal Pradesh,Male,Rural,65-69,Middle,5.10,4.18,6.22,530,10404
IN-HP,Himachal Pradesh,Male,Rural,65-69,Secondary,3.83,3.14,4.67,398,10404
IN-HP,Himachal Pradesh,Male,Rural,65-69,Higher,2.87,2.35,3.50,298,10404
IN-HP,Himachal Pradesh,Male,Rural,70-74,All,9.78,8.02,11.93,5087,52020
IN-HP,Himachal Pradesh,Male,Rural,70-74,None,13.69,11.23,16.70,1424,10404
IN-HP,Himachal Pradesh,Male,Rural,70-74,Primary,10.27,8.42,12.53,1068,10404
IN-HP,Himachal Pradesh,Male,Rural,70-74,Middle,7.82,6.41,9.54,813,10404
IN-HP,Himachal Pradesh,Male,Rural,70-74,Secondary,5.87,4.81,7.16,610,10404
IN-HP,Himachal Pradesh,Male,Rural,70-74,Higher,4.40,3.61,5.37,457,10404
IN-HP,Himachal Pradesh,Male,Rural,75-79,All,14.46,11.86,17.64,7522,52020
IN-HP,Himachal Pradesh,Male,Rural,75-79,None,20.24,16.60,24.69,2105,10404
IN-HP,Himachal Pradesh,Male,Rural,75-79,Primary,15.18,12.45,18.52,1579,10404
IN-HP,Himachal Pradesh,Male,Rural,75-79,Middle,11.56,9.48,14.10,1202,10404
IN-HP,Himachal Pradesh,Male,Rural,75-79,Secondary,8.67,7.11,10.58,902,10404
IN-HP,Himachal Pradesh,Male,Rural,75-79,Higher,6.51,5.34,7.94,677,10404
IN-HP,Himachal Pradesh,Male,Rural,80-84,All,20.41,16.74,24.90,10617,52020
IN-HP,Himachal Pradesh,Male,Rural,80-84,None,28.57,23.43,34.86,2972,10404
IN-HP,Himachal Pradesh,Male,Rural,80-84,Primary,21.43,17.57,26.14,2229,10404
IN-HP,Himachal Pradesh,Male,Rural,80-84,Middle,16.33,13.39,19.92,1698,10404
IN-HP,Himachal Pradesh,Male,Rural,80-84,Secondary,12.24,10.04,14.93,1273,10404
IN-HP,Himachal Pradesh,Male,Rural,80-84,Higher,9.18,7.53,11.20,955,10404
IN-HP,Himachal Pradesh,Male,Rural,85+,All,28.06,23.01,34.23,14596,52020
IN-HP,Himachal Pradesh,Male,Rural,85+,None,35.00,28.70,42.70,3641,10404
IN-HP,Himachal Pradesh,Male,Rural,85+,Primary,29.46,24.16,35.94,3065,10404
IN-HP,Himachal Pradesh,Male,Rural,85+,Middle,22.45,18.41,27.39,2335,10404
IN-HP,Himachal Pradesh,Male,Rural,85+,Secondary,16.84,13.81,20.54,1752,10404
IN-HP,Himachal Pradesh,Male,Rural,85+,Higher,12.63,10.36,15.41,1314,10404
IN-HP,Himachal Pradesh,Female,All,60+,All,9.43,7.73,11.50,40077,425000
IN-HP,Himachal Pradesh,Female,All,60+,None,13.20,10.82,16.10,11220,85000
IN-HP,Himachal Pradesh,Female,All,60+,Primary,9.90,8.12,12.08,8415,85000
IN-HP,Himachal Pradesh,Female,All,60+,Middle,7.54,6.18,9.20,6409,85000
IN-HP,Himachal Pradesh,Female,All,60+,Secondary,5.66,4.64,6.91,4811,85000
IN-HP,Himachal Pradesh,Female,All,60+,Higher,4.24,3.48,5.17,3604,85000
IN-HP,Himachal Pradesh,Female,All,60-64,All,4.24,3.48,5.17,3243,76500
IN-HP,Himachal Pradesh,Female,All,60-64,None,5.94,4.87,7.25,908,15299
IN-HP,Himachal Pradesh,Female,All,60-64,Primary,4.46,3.66,5.44,682,15299
IN-HP,Himachal Pradesh,Female,All,60-64,Middle,3.39,2.78,4.14,518,15299
IN-HP,Himachal Pradesh,Female,All,60-64,Secondary,2.55,2.09,3.11,390,15299
IN-HP,Himachal Pradesh,Female,All,60-64,Higher,1.91,1.57,2.33,292,15299
IN-HP,Himachal Pradesh,Female,All,65-69,All,7.07,5.80,8.63,5408,76500
IN-HP,Himachal Pradesh,Female,All,65-69,None,9.90,8.12,12.08,1514,15299
IN-HP,Himachal Pradesh,Female,All,65-69,Primary,7.43,6.09,9.06,1136,15299
IN-HP,Himachal Pradesh,Female,All,65-69,Middle,5.66,4.64,6.91,865,15299
IN-HP,Himachal Pradesh,Female,All,65-69,Secondary,4.24,3.48,5.17,648,15299
IN-HP,Himachal Pradesh,Female,All,65-69,Higher,3.18,2.61,3.88,486,15299
IN-HP,Himachal Pradesh,Female,All,70-74,All,10.84,8.89,13.22,8292,76500
IN-HP,Himachal Pradesh,Female,All,70-74,None,15.18,12.45,18.52,2322,15299
IN-HP,Himachal Pradesh,Female,All,70-74,Primary,11.39,9.34,13.90,1742,15299
IN-HP,Himachal Pradesh,Female,All,70-74,Middle,8.68,7.12,10.59,1327,15299
IN-HP,Himachal Pradesh,Female,All,70-74,Secondary,6.51,5.34,7.94,995,15299
IN-HP,Himachal Pradesh,Female,All,70-74,Higher,4.88,4.00,5.95,746,15299
IN-HP,Himachal Pradesh,Female,All,75-79,All,16.03,13.14,19.56,12262,76500
IN-HP,Himachal Pradesh,Female,All,75-79,None,22.44,18.40,27.38,3433,15299
IN-HP,Himachal Pradesh,Female,All,75-79,Primary,16.83,13.80,20.53,2574,15299
IN-HP,Himachal Pradesh,Female,All,75-79,Middle,12.82,10.51,15.64,1961,15299
IN-HP,Himachal Pradesh,Female,All,75-79,Secondary,9.62,7.89,11.74,1471,15299
IN-HP,Himachal Pradesh,Female,All,75-79,Higher,7.21,5.91,8.80,1103,15299
IN-HP,Himachal Pradesh,Female,All,80-84,All,22.63,18.56,27.61,17311,76500
IN-HP,Himachal Pradesh,Female,All,80-84,None,31.68,25.98,38.65,4846,15299
IN-HP,Himachal Pradesh,Female,All,80-84,Primary,23.76,19.48,28.99,3635,15299
IN-HP,Himachal Pradesh,Female,All,80-84,Middle,18.11,14.85,22.09,2770,15299
IN-HP,Himachal Pradesh,Female,All,80-84,Secondary,13.58,11.14,16.57,2077,15299
IN-HP,Himachal Pradesh,Female,All,80-84,Higher,10.18,8.35,12.42,1557,15299
IN-HP,Himachal Pradesh,Female,All,85+,All,31.12,25.52,37.97,23806,76500
IN-HP,Himachal Pradesh,Female,All,85+,None,35.00,28.70,42.70,5354,15299
IN-HP,Himachal Pradesh,Female,All,85+,Primary,32.67,26.79,39.86,4998,15299
IN-HP,Himachal Pradesh,Female,All,85+,Middle,24.90,20.42,30.38,3809,15299
IN-HP,Himachal Pradesh,Female,All,85+,Secondary,18.67,15.31,22.78,2856,15299
IN-HP,Himachal Pradesh,Female,All,85+,Higher,14.00,11.48,17.08,2141,15299
IN-HP,Himachal Pradesh,Female,Urban,60+,All,7.73,6.34,9.43,10512,136000
IN-HP,Himachal Pradesh,Female,Urban,60+,None,10.83,8.88,13.21,2945,27200
IN-HP,Himachal Pradesh,Female,Urban,60+,Primary,8.12,6.66,9.91,2208,27200
IN-HP,Himachal Pradesh,Female,Urban,60+,Middle,6.19,5.08,7.55,1683,27200
IN-HP,Himachal Pradesh,Female,Urban,60+,Secondary,4.64,3.80,5.66,1262,27200
IN-HP,Himachal Pradesh,Female,Urban,60+,Higher,3.48,2.85,4.25,946,27200
IN-HP,Himachal Pradesh,Female,Urban,60-64,All,3.48,2.85,4.25,851,24480
IN-HP,Himachal Pradesh,Female,Urban,60-64,None,4.87,3.99,5.94,238,4896
IN-HP,Himachal Pradesh,Female,Urban,60-64,Primary,3.65,2.99,4.45,178,4896
IN-HP,Himachal Pradesh,Female,Urban,60-64,Middle,2.78,2.28,3.39,136,4896
IN-HP,Himachal Pradesh,Female,Urban,60-64,Secondary,2.09,1.71,2.55,102,4896
IN-HP,Himachal Pradesh,Female,Urban,60-64,Higher,1.57,1.29,1.92,76,4896
IN-HP,Himachal Pradesh,Female,Urban,65-69,All,5.80,4.76,7.08,1419,24480
IN-HP,Himachal Pradesh,Female,Urban,65-69,None,8.12,6.66,9.91,397,4896
IN-HP,Himachal Pradesh,Female,Urban,65-69,Primary,6.09,4.99,7.43,298,4896
IN-HP,Himachal Pradesh,Female,Urban,65-69,Middle,4.64,3.80,5.66,227,4896
IN-HP,Himachal Pradesh,Female,Urban,65-69,Secondary,3.48,2.85,4.25,170,4896
IN-HP,Himachal Pradesh,Female,Urban,65-69,Higher,2.61,2.14,3.18,127,4896
IN-HP,Himachal Pradesh,Female,Urban,70-74,All,8.89,7.29,10.85,2176,24480
IN-HP,Himachal Pradesh,Female,Urban,70-74,None,12.45,10.21,15.19,609,4896
IN-HP,Himachal Pradesh,Female,Urban,70-74,Primary,9.34,7.66,11.39,457,4896
IN-HP,Himachal Pradesh,Female,Urban,70-74,Middle,7.11,5.83,8.67,348,4896
IN-HP,Himachal Pradesh,Female,Urban,70-74,Secondary,5.34,4.38,6.51,261,4896
IN-HP,Himachal Pradesh,Female,Urban,70-74,Higher,4.00,3.28,4.88,195,4896
IN-HP,Himachal Pradesh,Female,Urban,75-79,All,13.15,10.78,16.04,3219,24480
IN-HP,Himachal Pradesh,Female,Urban,75-79,None,18.40,15.09,22.45,900,4896
IN-HP,Himachal Pradesh,Female,Urban,75-79,Primary,13.80,11.32,16.84,675,4896
IN-HP,Himachal Pradesh,Female,Urban,75-79,Middle,10.52,8.63,12.83,515,4896
IN-HP,Himachal Pradesh,Female,Urban,75-79,Secondary,7.89,6.47,9.63,386,4896
IN-HP,Himachal Pradesh,Female,Urban,75-79,Higher,5.92,4.85,7.22,289,4896
IN-HP,Himachal Pradesh,Female,Urban,80-84,All,18.56,15.22,22.64,4543,24480
IN-HP,Himachal Pradesh,Female,Urban,80-84,None,25.98,21.30,31.70,1271,4896
IN-HP,Himachal Pradesh,Female,Urban,80-84,Primary,19.49,15.98,23.78,954,4896
IN-HP,Himachal Pradesh,Female,Urban,80-84,Middle,14.85,12.18,18.12,727,4896
IN-HP,Himachal Pradesh,Female,Urban,80-84,Secondary,11.13,9.13,13.58,544,4896
IN-HP,Himachal Pradesh,Female,Urban,80-84,Higher,8.35,6.85,10.19,408,4896
IN-HP,Himachal Pradesh,Female,Urban,85+,All,25.52,20.93,31.13,6247,24480
IN-HP,Himachal Pradesh,Female,Urban,85+,None,35.00,28.70,42.70,1713,4896
IN-HP,Himachal Pradesh,Female,Urban,85+,Primary,26.79,21.97,32.68,1311,4896
IN-HP,Himachal Pradesh,Female,Urban,85+,Middle,20.41,16.74,24.90,999,4896
IN-HP,Himachal Pradesh,Female,Urban,85+,Secondary,15.31,12.55,18.68,749,4896
IN-HP,Himachal Pradesh,Female,Urban,85+,Higher,11.48,9.41,14.01,562,4896
IN-HP,Himachal Pradesh,Female,Rural,60+,All,11.50,9.43,14.03,33235,289000
IN-HP,Himachal Pradesh,Female,Rural,60+,None,16.11,13.21,19.65,9311,57800
IN-HP,Himachal Pradesh,Female,Rural,60+,Primary,12.08,9.91,14.74,6982,57800
IN-HP,Himachal Pradesh,Female,Rural,60+,Middle,9.20,7.54,11.22,5317,57800
IN-HP,Himachal Pradesh,Female,Rural,60+,Secondary,6.90,5.66,8.42,3988,57800
IN-HP,Himachal Pradesh,Female,Rural,60+,Higher,5.18,4.25,6.32,2994,57800
IN-HP,Himachal Pradesh,Female,Rural,60-64,All,5.18,4.25,6.32,2694,52020
IN-HP,Himachal Pradesh,Female,Rural,60-64,None,7.25,5.94,8.85,754,10404
IN-HP,Himachal Pradesh,Female,Rural,60-64,Primary,5.44,4.46,6.64,565,10404
IN-HP,Himachal Pradesh,Female,Rural,60-64,Middle,4.14,3.39,5.05,430,10404
IN-HP,Himachal Pradesh,Female,Rural,60-64,Secondary,3.11,2.55,3.79,323,10404
IN-HP,Himachal Pradesh,Female,Rural,60-64,Higher,2.33,1.91,2.84,242,10404
IN-HP,Himachal Pradesh,Female,Rural,65-69,All,8.63,7.08,10.53,4489,52020
IN-HP,Himachal Pradesh,Female,Rural,65-69,None,12.08,9.91,14.74,1256,10404
IN-HP,Himachal Pradesh,Female,Rural,65-69,Primary,9.06,7.43,11.05,942,10404
IN-HP,Himachal Pradesh,Female,Rural,65-69,Middle,6.90,5.66,8.42,717,10404
IN-HP,Himachal Pradesh,Female,Rural,65-69,Secondary,5.18,4.25,6.32,538,10404
IN-HP,Himachal Pradesh,Female,Rural,65-69,Higher,3.88,3.18,4.73,403,10404
IN-HP,Himachal Pradesh,Female,Rural,70-74,All,13.23,10.85,16.14,6882,52020
IN-HP,Himachal Pradesh,Female,Rural,70-74,None,18.52,15.19,22.59,1926,10404
IN-HP,Himachal Pradesh,Female,Rural,70-74,Primary,13.89,11.39,16.95,1445,10404
IN-HP,Himachal Pradesh,Female,Rural,70-74,Middle,10.58,8.68,12.91,1100,10404
IN-HP,Himachal Pradesh,Female,Rural,70-74,Secondary,7.94,6.51,9.69,826,10404
IN-HP,Himachal Pradesh,Female,Rural,70-74,Higher,5.95,4.88,7.26,619,10404
IN-HP,Himachal Pradesh,Female,Rural,75-79,All,19.56,16.04,23.86,10175,52020
IN-HP,Himachal Pradesh,Female,Rural,75-79,None,27.38,22.45,33.40,2848,10404
IN-HP,Himachal Pradesh,Female,Rural,75-79,Primary,20.54,16.84,25.06,2136,10404
IN-HP,Himachal Pradesh,Female,Rural,75-79,Middle,15.65,12.83,19.09,1628,10404
IN-HP,Himachal Pradesh,Female,Rural,75-79,Secondary,11.73,9.62,14.31,1220,10404
IN-HP,Himachal Pradesh,Female,Rural,75-79,Higher,8.80,7.22,10.74,915,10404
IN-HP,Himachal Pradesh,Female,Rural,80-84,All,27.61,22.64,33.68,14362,52020
IN-HP,Himachal Pradesh,Female,Rural,80-84,None,35.00,28.70,42.70,3641,10404
IN-HP,Himachal Pradesh,Female,Rural,80-84,Primary,28.99,23.77,35.37,3016,10404
IN-HP,Himachal Pradesh,Female,Rural,80-84,Middle,22.09,18.11,26.95,2298,10404
IN-HP,Himachal Pradesh,Female,Rural,80-84,Secondary,16.57,13.59,20.22,1723,10404
IN-HP,Himachal Pradesh,Female,Rural,80-84,Higher,12.42,10.18,15.15,1292,10404
IN-HP,Himachal Pradesh,Female,Rural,85+,All,35.00,28.70,42.70,18207,52020
IN-HP,Himachal Pradesh,Female,Rural,85+,None,35.00,28.70,42.70,3641,10404
IN-HP,Himachal Pradesh,Female,Rural,85+,Primary,35.00,28.70,42.70,3641,10404
IN-HP,Himachal Pradesh,Female,Rural,85+,Middle,30.37,24.90,37.05,3159,10404
IN-HP,Himachal Pradesh,Female,Rural,85+,Secondary,22.78,18.68,27.79,2370,10404
IN-HP,Himachal Pradesh,Female,Rural,85+,Higher,17.08,14.01,20.84,1777,10404
IN-AP,Andhra Pradesh,Both,All,60+,All,8.10,6.64,9.88,526500,6500000
IN-AP,Andhra Pradesh,Both,All,60+,None,11.34,9.30,13.83,147420,1300000
IN-AP,Andhra Pradesh,Both,All,60+,Primary,8.51,6.98,10.38,110630,1300000
IN-AP,Andhra Pradesh,Both,All,60+,Middle,6.48,5.31,7.91,84240,1300000
IN-AP,Andhra Pradesh,Both,All,60+,Secondary,4.86,3.99,5.93,63180,1300000
IN-AP,Andhra Pradesh,Both,All,60+,Higher,3.65,2.99,4.45,47450,1300000
IN-AP,Andhra Pradesh,Both,All,60-64,All,3.65,2.99,4.45,42705,1170000
IN-AP,Andhra Pradesh,Both,All,60-64,None,5.10,4.18,6.22,11933,233999
IN-AP,Andhra Pradesh,Both,All,60-64,Primary,3.83,3.14,4.67,8962,233999
IN-AP,Andhra Pradesh,Both,All,60-64,Middle,2.92,2.39,3.56,6832,233999
IN-AP,Andhra Pradesh,Both,All,60-64,Secondary,2.19,1.80,2.67,5124,233999
IN-AP,Andhra Pradesh,Both,All,60-64,Higher,1.64,1.34,2.00,3837,233999
IN-AP,Andhra Pradesh,Both,All,65-69,All,6.07,4.98,7.41,71019,1170000
IN-AP,Andhra Pradesh,Both,All,65-69,None,8.50,6.97,10.37,19889,233999
IN-AP,Andhra Pradesh,Both,All,65-69,Primary,6.38,5.23,7.78,14929,233999
IN-AP,Andhra Pradesh,Both,All,65-69,Middle,4.86,3.99,5.93,11372,233999
IN-AP,Andhra Pradesh,Both,All,65-69,Secondary,3.64,2.98,4.44,8517,233999
IN-AP,Andhra Pradesh,Both,All,65-69,Higher,2.73,2.24,3.33,6388,233999
IN-AP,Andhra Pradesh,Both,All,70-74,All,9.32,7.64,11.37,109044,1170000
IN-AP,Andhra Pradesh,Both,All,70-74,None,13.04,10.69,15.91,30513,233999
IN-AP,Andhra Pradesh,Both,All,70-74,Primary,9.78,8.02,11.93,22885,233999
IN-AP,Andhra Pradesh,Both,All,70-74,Middle,7.45,6.11,9.09,17432,233999
IN-AP,Andhra Pradesh,Both,All,70-74,Secondary,5.59,4.58,6.82,13080,233999
IN-AP,Andhra Pradesh,Both,All,70-74,Higher,4.19,3.44,5.11,9804,233999
IN-AP,Andhra Pradesh,Both,All,75-79,All,13.77,11.29,16.80,161109,1170000
IN-AP,Andhra Pradesh,Both,All,75-79,None,19.28,15.81,23.52,45115,233999
IN-AP,Andhra Pradesh,Both,All,75-79,Primary,14.46,11.86,17.64,33836,233999
IN-AP,Andhra Pradesh,Both,All,75-79,Middle,11.02,9.04,13.44,25786,233999
IN-AP,Andhra Pradesh,Both,All,75-79,Secondary,8.26,6.77,10.08,19328,233999
IN-AP,Andhra Pradesh,Both,All,75-79,Higher,6.20,5.08,7.56,14507,233999
IN-AP,Andhra Pradesh,Both,All,80-84,All,19.44,15.94,23.72,227448,1170000
IN-AP,Andhra Pradesh,Both,All,80-84,None,27.22,22.32,33.21,63694,233999
IN-AP,Andhra Pradesh,Both,All,80-84,Primary,20.41,16.74,24.90,47759,233999
IN-AP,Andhra Pradesh,Both,All,80-84,Middle,15.55,12.75,18.97,36386,233999
IN-AP,Andhra Pradesh,Both,All,80-84,Secondary,11.66,9.56,14.23,27284,233999
IN-AP,Andhra Pradesh,Both,All,80-84,Higher,8.75,7.18,10.68,20474,233999
IN-AP,Andhra Pradesh,Both,All,85+,All,26.73,21.92,32.61,312741,1170000
IN-AP,Andhra Pradesh,Both,All,85+,None,35.00,28.70,42.70,81899,233999
IN-AP,Andhra Pradesh,Both,All,85+,Primary,28.07,23.02,34.25,65683,233999
IN-AP,Andhra Pradesh,Both,All,85+,Middle,21.38,17.53,26.08,50028,233999
IN-AP,Andhra Pradesh,Both,All,85+,Secondary,16.04,13.15,19.57,37533,233999
IN-AP,Andhra Pradesh,Both,All,85+,Higher,12.03,9.86,14.68,28150,233999
IN-AP,Andhra Pradesh,Both,Urban,60+,All,6.64,5.44,8.10,138112,2080000
IN-AP,Andhra Pradesh,Both,Urban,60+,None,9.30,7.63,11.35,38688,416000
IN-AP,Andhra Pradesh,Both,Urban,60+,Primary,6.97,5.72,8.50,28995,416000
IN-AP,Andhra Pradesh,Both,Urban,60+,Middle,5.31,4.35,6.48,22089,416000
IN-AP,Andhra Pradesh,Both,Urban,60+,Secondary,3.99,3.27,4.87,16598,416000
IN-AP,Andhra Pradesh,Both,Urban,60+,Higher,2.99,2.45,3.65,12438,416000
IN-AP,Andhra Pradesh,Both,Urban,60-64,All,2.99,2.45,3.65,11194,374400
IN-AP,Andhra Pradesh,Both,Urban,60-64,None,4.18,3.43,5.10,3129,74880
IN-AP,Andhra Pradesh,Both,Urban,60-64,Primary,3.14,2.57,3.83,2351,74880
IN-AP,Andhra Pradesh,Both,Urban,60-64,Middle,2.39,1.96,2.92,1789,74880
IN-AP,Andhra Pradesh,Both,Urban,60-64,Secondary,1.79,1.47,2.18,1340,74880
IN-AP,Andhra Pradesh,Both,Urban,60-64,Higher,1.35,1.11,1.65,1010,74880
IN-AP,Andhra Pradesh,Both,Urban,65-69,All,4.98,4.08,6.08,18645,374400
IN-AP,Andhra Pradesh,Both,Urban,65-69,None,6.97,5.72,8.50,5219,74880
IN-AP,Andhra Pradesh,Both,Urban,65-69,Primary,5.23,4.29,6.38,3916,74880
IN-AP,Andhra Pradesh,Both,Urban,65-69,Middle,3.99,3.27,4.87,2987,74880
IN-AP,Andhra Pradesh,Both,Urban,65-69,Secondary,2.99,2.45,3.65,2238,74880
IN-AP,Andhra Pradesh,Both,Urban,65-69,Higher,2.24,1.84,2.73,1677,74880
IN-AP,Andhra Pradesh,Both,Urban,70-74,All,7.64,6.26,9.32,28604,374400
IN-AP,Andhra Pradesh,Both,Urban,70-74,None,10.69,8.77,13.04,8004,74880
IN-AP,Andhra Pradesh,Both,Urban,70-74,Primary,8.02,6.58,9.78,6005,74880
IN-AP,Andhra Pradesh,Both,Urban,70-74,Middle,6.11,5.01,7.45,4575,74880
IN-AP,Andhra Pradesh,Both,Urban,70-74,Secondary,4.58,3.76,5.59,3429,74880
IN-AP,Andhra Pradesh,Both,Urban,70-74,Higher,3.44,2.82,4.20,2575,74880
IN-AP,Andhra Pradesh,Both,Urban,75-79,All,11.29,9.26,13.77,42269,374400
IN-AP,Andhra Pradesh,Both,Urban,75-79,None,15.81,12.96,19.29,11838,74880
IN-AP,Andhra Pradesh,Both,Urban,75-79,Primary,11.86,9.73,14.47,8880,74880
IN-AP,Andhra Pradesh,Both,Urban,75-79,Middle,9.03,7.40,11.02,6761,74880
IN-AP,Andhra Pradesh,Both,Urban,75-79,Secondary,6.77,5.55,8.26,5069,74880
IN-AP,Andhra Pradesh,Both,Urban,75-79,Higher,5.08,4.17,6.20,3803,74880
IN-AP,Andhra Pradesh,Both,Urban,80-84,All,15.94,13.07,19.45,59679,374400
IN-AP,Andhra Pradesh,Both,Urban,80-84,None,22.32,18.30,27.23,16713,74880
IN-AP,Andhra Pradesh,Both,Urban,80-84,Primary,16.74,13.73,20.42,12534,74880
IN-AP,Andhra Pradesh,Both,Urban,80-84,Middle,12.75,10.46,15.56,9547,74880
IN-AP,Andhra Pradesh,Both,Urban,80-84,Secondary,9.56,7.84,11.66,7158,74880
IN-AP,Andhra Pradesh,Both,Urban,80-84,Higher,7.17,5.88,8.75,5368,74880
IN-AP,Andhra Pradesh,Both,Urban,85+,All,21.92,17.97,26.74,82068,374400
IN-AP,Andhra Pradesh,Both,Urban,85+,None,30.69,25.17,37.44,22980,74880
IN-AP,Andhra Pradesh,Both,Urban,85+,Primary,23.01,18.87,28.07,17229,74880
IN-AP,Andhra Pradesh,Both,Urban,85+,Middle,17.53,14.37,21.39,13126,74880
IN-AP,Andhra Pradesh,Both,Urban,85+,Secondary,13.15,10.78,16.04,9846,74880
IN-AP,Andhra Pradesh,Both,Urban,85+,Higher,9.86,8.09,12.03,7383,74880
IN-AP,Andhra Pradesh,Both,Rural,60+,All,9.88,8.10,12.05,436696,4420000
IN-AP,Andhra Pradesh,Both,Rural,60+,None,13.83,11.34,16.87,122257,884000
IN-AP,Andhra Pradesh,Both,Rural,60+,Primary,10.38,8.51,12.66,91759,884000
IN-AP,Andhra Pradesh,Both,Rural,60+,Middle,7.91,6.49,9.65,69924,884000
IN-AP,Andhra Pradesh,Both,Rural,60+,Secondary,5.93,4.86,7.23,52421,884000
IN-AP,Andhra Pradesh,Both,Rural,60+,Higher,4.45,3.65,5.43,39338,884000
IN-AP,Andhra Pradesh,Both,Rural,60-64,All,4.45,3.65,5.43,35404,795600
IN-AP,Andhra Pradesh,Both,Rural,60-64,None,6.23,5.11,7.60,9913,159120
IN-AP,Andhra Pradesh,Both,Rural,60-64,Primary,4.67,3.83,5.70,7430,159120
IN-AP,Andhra Pradesh,Both,Rural,60-64,Middle,3.56,2.92,4.34,5664,159120
IN-AP,Andhra Pradesh,Both,Rural,60-64,Secondary,2.67,2.19,3.26,4248,159120
IN-AP,Andhra Pradesh,Both,Rural,60-64,Higher,2.00,1.64,2.44,3182,159120
IN-AP,Andhra Pradesh,Both,Rural,65-69,All,7.41,6.08,9.04,58953,795600
IN-AP,Andhra Pradesh,Both,Rural,65-69,None,10.38,8.51,12.66,16516,159120
IN-AP,Andhra Pradesh,Both,Rural,65-69,Primary,7.78,6.38,9.49,12379,159120
IN-AP,Andhra Pradesh,Both,Rural,65-69,Middle,5.93,4.86,7.23,9435,159120
IN-AP,Andhra Pradesh,Both,Rural,65-69,Secondary,4.45,3.65,5.43,7080,159120
IN-AP,Andhra Pradesh,Both,Rural,65-69,Higher,3.34,2.74,4.07,5314,159120
IN-AP,Andhra Pradesh,Both,Rural,70-74,All,11.36,9.32,13.86,90380,795600
IN-AP,Andhra Pradesh,Both,Rural,70-74,None,15.91,13.05,19.41,25315,159120
IN-AP,Andhra Pradesh,Both,Rural,70-74,Primary,11.93,9.78,14.55,18983,159120
IN-AP,Andhra Pradesh,Both,Rural,70-74,Middle,9.09,7.45,11.09,14464,159120
IN-AP,Andhra Pradesh,Both,Rural,70-74,Secondary,6.82,5.59,8.32,10851,159120
IN-AP,Andhra Pradesh,Both,Rural,70-74,Higher,5.11,4.19,6.23,8131,159120
IN-AP,Andhra Pradesh,Both,Rural,75-79,All,16.80,13.78,20.50,133660,795600
IN-AP,Andhra Pradesh,Both,Rural,75-79,None,23.52,19.29,28.69,37425,159120
IN-AP,Andhra Pradesh,Both,Rural,75-79,Primary,17.64,14.46,21.52,28068,159120
IN-AP,Andhra Pradesh,Both,Rural,75-79,Middle,13.44,11.02,16.40,21385,159120
IN-AP,Andhra Pradesh,Both,Rural,75-79,Secondary,10.08,8.27,12.30,16039,159120
IN-AP,Andhra Pradesh,Both,Rural,75-79,Higher,7.56,6.20,9.22,12029,159120
IN-AP,Andhra Pradesh,Both,Rural,80-84,All,23.72,19.45,28.94,188716,795600
IN-AP,Andhra Pradesh,Both,Rural,80-84,None,33.20,27.22,40.50,52827,159120
IN-AP,Andhra Pradesh,Both,Rural,80-84,Primary,24.90,20.42,30.38,39620,159120
IN-AP,Andhra Pradesh,Both,Rural,80-84,Middle,18.97,15.56,23.14,30185,159120
IN-AP,Andhra Pradesh,Both,Rural,80-84,Secondary,14.23,11.67,17.36,22642,159120
IN-AP,Andhra Pradesh,Both,Rural,80-84,Higher,10.67,8.75,13.02,16978,159120
IN-AP,Andhra Pradesh,Both,Rural,85+,All,32.61,26.74,39.78,259445,795600
IN-AP,Andhra Pradesh,Both,Rural,85+,None,35.00,28.70,42.70,55692,159120
IN-AP,Andhra Pradesh,Both,Rural,85+,Primary,34.24,28.08,41.77,54482,159120
IN-AP,Andhra Pradesh,Both,Rural,85+,Middle,26.09,21.39,31.83,41514,159120
IN-AP,Andhra Pradesh,Both,Rural,85+,Secondary,19.57,16.05,23.88,31139,159120
IN-AP,Andhra Pradesh,Both,Rural,85+,Higher,14.67,12.03,17.90,23342,159120
IN-AP,Andhra Pradesh,Male,All,60+,All,6.89,5.65,8.41,223925,3250000
IN-AP,Andhra Pradesh,Male,All,60+,None,9.64,7.90,11.76,62660,650000
IN-AP,Andhra Pradesh,Male,All,60+,Primary,7.23,5.93,8.82,46995,650000
IN-AP,Andhra Pradesh,Male,All,60+,Middle,5.51,4.52,6.72,35815,650000
IN-AP,Andhra Pradesh,Male,All,60+,Secondary,4.13,3.39,5.04,26844,650000
IN-AP,Andhra Pradesh,Male,All,60+,Higher,3.10,2.54,3.78,20150,650000
IN-AP,Andhra Pradesh,Male,All,60-64,All,3.10,2.54,3.78,18135,585000
IN-AP,Andhra Pradesh,Male,All,60-64,None,4.34,3.56,5.29,5077,116999
IN-AP,Andhra Pradesh,Male,All,60-64,Primary,3.25,2.67,3.97,3802,116999
IN-AP,Andhra Pradesh,Male,All,60-64,Middle,2.48,2.03,3.03,2901,116999
IN-AP,Andhra Pradesh,Male,All,60-64,Secondary,1.86,1.53,2.27,2176,116999
IN-AP,Andhra Pradesh,Male,All,60-64,Higher,1.39,1.14,1.70,1626,116999
IN-AP,Andhra Pradesh,Male,All,65-69,All,5.16,4.23,6.30,30186,585000
IN-AP,Andhra Pradesh,Male,All,65-69,None,7.23,5.93,8.82,8459,116999
IN-AP,Andhra Pradesh,Male,All,65-69,Primary,5.42,4.44,6.61,6341,116999
IN-AP,Andhra Pradesh,Male,All,65-69,Middle,4.13,3.39,5.04,4832,116999
IN-AP,Andhra Pradesh,Male,All,65-69,Secondary,3.10,2.54,3.78,3626,116999
IN-AP,Andhra Pradesh,Male,All,65-69,Higher,2.32,1.90,2.83,2714,116999
IN-AP,Andhra Pradesh,Male,All,70-74,All,7.92,6.49,9.66,46331,585000
IN-AP,Andhra Pradesh,Male,All,70-74,None,11.08,9.09,13.52,12963,116999
IN-AP,Andhra Pradesh,Male,All,70-74,Primary,8.31,6.81,10.14,9722,116999
IN-AP,Andhra Pradesh,Male,All,70-74,Middle,6.33,5.19,7.72,7406,116999
IN-AP,Andhra Pradesh,Male,All,70-74,Secondary,4.75,3.89,5.80,5557,116999
IN-AP,Andhra Pradesh,Male,All,70-74,Higher,3.56,2.92,4.34,4165,116999
IN-AP,Andhra Pradesh,Male,All,75-79,All,11.70,9.59,14.27,68445,585000
IN-AP,Andhra Pradesh,Male,All,75-79,None,16.39,13.44,20.00,19176,116999
IN-AP,Andhra Pradesh,Male,All,75-79,Primary,12.29,10.08,14.99,14379,116999
IN-AP,Andhra Pradesh,Male,All,75-79,Middle,9.36,7.68,11.42,10951,116999
IN-AP,Andhra Pradesh,Male,All,75-79,Secondary,7.02,5.76,8.56,8213,116999
IN-AP,Andhra Pradesh,Male,All,75-79,Higher,5.27,4.32,6.43,6165,116999
IN-AP,Andhra Pradesh,Male,All,80-84,All,16.52,13.55,20.15,96641,585000
IN-AP,Andhra Pradesh,Male,All,80-84,None,23.13,18.97,28.22,27061,116999
IN-AP,Andhra Pradesh,Male,All,80-84,Primary,17.35,14.23,21.17,20299,116999
IN-AP,Andhra Pradesh,Male,All,80-84,Middle,13.22,10.84,16.13,15467,116999
IN-AP,Andhra Pradesh,Male,All,80-84,Secondary,9.91,8.13,12.09,11594,116999
IN-AP,Andhra Pradesh,Male,All,80-84,Higher,7.44,6.10,9.08,8704,116999
IN-AP,Andhra Pradesh,Male,All,85+,All,22.72,18.63,27.72,132912,585000
IN-AP,Andhra Pradesh,Male,All,85+,None,31.81,26.08,38.81,37217,116999
IN-AP,Andhra Pradesh,Male,All,85+,Primary,23.86,19.57,29.11,27915,116999
IN-AP,Andhra Pradesh,Male,All,85+,Middle,18.18,14.91,22.18,21270,116999
IN-AP,Andhra Pradesh,Male,All,85+,Secondary,13.63,11.18,16.63,15946,116999
IN-AP,Andhra Pradesh,Male,All,85+,Higher,10.22,8.38,12.47,11957,116999
IN-AP,Andhra Pradesh,Male,Urban,60+,All,5.65,4.63,6.89,58760,1040000
IN-AP,Andhra Pradesh,Male,Urban,60+,None,7.90,6.48,9.64,16432,208000
IN-AP,Andhra Pradesh,Male,Urban,60+,Primary,5.93,4.86,7.23,12334,208000
IN-AP,Andhra Pradesh,Male,Urban,60+,Middle,4.52,3.71,5.51,9401,208000
IN-AP,Andhra Pradesh,Male,Urban,60+,Secondary,3.39,2.78,4.14,7051,208000
IN-AP,Andhra Pradesh,Male,Urban,60+,Higher,2.54,2.08,3.10,5283,208000
IN-AP,Andhra Pradesh,Male,Urban,60-64,All,2.54,2.08,3.10,4754,187200
IN-AP,Andhra Pradesh,Male,Urban,60-64,None,3.56,2.92,4.34,1332,37440
IN-AP,Andhra Pradesh,Male,Urban,60-64,Primary,2.67,2.19,3.26,999,37440
IN-AP,Andhra Pradesh,Male,Urban,60-64,Middle,2.03,1.66,2.48,760,37440
IN-AP,Andhra Pradesh,Male,Urban,60-64,Secondary,1.52,1.25,1.85,569,37440
IN-AP,Andhra Pradesh,Male,Urban,60-64,Higher,1.14,0.93,1.39,426,37440
IN-AP,Andhra Pradesh,Male,Urban,65-69,All,4.23,3.47,5.16,7918,187200
IN-AP,Andhra Pradesh,Male,Urban,65-69,None,5.93,4.86,7.23,2220,37440
IN-AP,Andhra Pradesh,Male,Urban,65-69,Primary,4.45,3.65,5.43,1666,37440
IN-AP,Andhra Pradesh,Male,Urban,65-69,Middle,3.39,2.78,4.14,1269,37440
IN-AP,Andhra Pradesh,Male,Urban,65-69,Secondary,2.54,2.08,3.10,950,37440
IN-AP,Andhra Pradesh,Male,Urban,65-69,Higher,1.91,1.57,2.33,715,37440
IN-AP,Andhra Pradesh,Male,Urban,70-74,All,6.49,5.32,7.92,12149,187200
IN-AP,Andhra Pradesh,Male,Urban,70-74,None,9.09,7.45,11.09,3403,37440
IN-AP,Andhra Pradesh,Male,Urban,70-74,Primary,6.82,5.59,8.32,2553,37440
IN-AP,Andhra Pradesh,Male,Urban,70-74,Middle,5.19,4.26,6.33,1943,37440
IN-AP,Andhra Pradesh,Male,Urban,70-74,Secondary,3.90,3.20,4.76,1460,37440
IN-AP,Andhra Pradesh,Male,Urban,70-74,Higher,2.92,2.39,3.56,1093,37440
IN-AP,Andhra Pradesh,Male,Urban,75-79,All,9.60,7.87,11.71,17971,187200
IN-AP,Andhra Pradesh,Male,Urban,75-79,None,13.44,11.02,16.40,5031,37440
IN-AP,Andhra Pradesh,Male,Urban,75-79,Primary,10.08,8.27,12.30,3773,37440
IN-AP,Andhra Pradesh,Male,Urban,75-79,Middle,7.68,6.30,9.37,2875,37440
IN-AP,Andhra Pradesh,Male,Urban,75-79,Secondary,5.76,4.72,7.03,2156,37440
IN-AP,Andhra Pradesh,Male,Urban,75-79,Higher,4.32,3.54,5.27,1617,37440
IN-AP,Andhra Pradesh,Male,Urban,80-84,All,13.55,11.11,16.53,25365,187200
IN-AP,Andhra Pradesh,Male,Urban,80-84,None,18.97,15.56,23.14,7102,37440
IN-AP,Andhra Pradesh,Male,Urban,80-84,Primary,14.23,11.67,17.36,5327,37440
IN-AP,Andhra Pradesh,Male,Urban,80-84,Middle,10.84,8.89,13.22,4058,37440
IN-AP,Andhra Pradesh,Male,Urban,80-84,Secondary,8.13,6.67,9.92,3043,37440
IN-AP,Andhra Pradesh,Male,Urban,80-84,Higher,6.10,5.00,7.44,2283,37440
IN-AP,Andhra Pradesh,Male,Urban,85+,All,18.63,15.28,22.73,34875,187200
IN-AP,Andhra Pradesh,Male,Urban,85+,None,26.08,21.39,31.82,9764,37440
IN-AP,Andhra Pradesh,Male,Urban,85+,Primary,19.56,16.04,23.86,7323,37440
IN-AP,Andhra Pradesh,Male,Urban,85+,Middle,14.90,12.22,18.18,5578,37440
IN-AP,Andhra Pradesh,Male,Urban,85+,Secondary,11.18,9.17,13.64,4185,37440
IN-AP,Andhra Pradesh,Male,Urban,85+,Higher,8.38,6.87,10.22,3137,37440
IN-AP,Andhra Pradesh,Male,Rural,60+,All,8.40,6.89,10.25,185640,2210000
IN-AP,Andhra Pradesh,Male,Rural,60+,None,11.76,9.64,14.35,51979,442000
IN-AP,Andhra Pradesh,Male,Rural,60+,Primary,8.82,7.23,10.76,38984,442000
IN-AP,Andhra Pradesh,Male,Rural,60+,Middle,6.72,5.51,8.20,29702,442000
IN-AP,Andhra Pradesh,Male,Rural,60+,Secondary,5.04,4.13,6.15,22276,442000
IN-AP,Andhra Pradesh,Male,Rural,60+,Higher,3.78,3.10,4.61,16707,442000
IN-AP,Andhra Pradesh,Male,Rural,60-64,All,3.78,3.10,4.61,15036,397800
IN-AP,Andhra Pradesh,Male,Rural,60-64,None,5.29,4.34,6.45,4208,79560
IN-AP,Andhra Pradesh,Male,Rural,60-64,Primary,3.97,3.26,4.84,3158,79560
IN-AP,Andhra Pradesh,Male,Rural,60-64,Middle,3.02,2.48,3.68,2402,79560
IN-AP,Andhra Pradesh,Male,Rural,60-64,Secondary,2.27,1.86,2.77,1806,79560
IN-AP,Andhra Pradesh,Male,Rural,60-64,Higher,1.70,1.39,2.07,1352,79560
IN-AP,Andhra Pradesh,Male,Rural,65-69,All,6.30,5.17,7.69,25061,397800
IN-AP,Andhra Pradesh,Male,Rural,65-69,None,8.82,7.23,10.76,7017,79560
IN-AP,Andhra Pradesh,Male,Rural,65-69,Primary,6.61,5.42,8.06,5258,79560
IN-AP,Andhra Pradesh,Male,Rural,65-69,Middle,5.04,4.13,6.15,4009,79560
IN-AP,Andhra Pradesh,Male,Rural,65-69,Secondary,3.78,3.10,4.61,3007,79560
IN-AP,Andhra Pradesh,Male,Rural,65-69,Higher,2.83,2.32,3.45,2251,79560
IN-AP,Andhra Pradesh,Male,Rural,70-74,All,9.66,7.92,11.79,38427,397800
IN-AP,Andhra Pradesh,Male,Rural,70-74,None,13.52,11.09,16.49,10756,79560
IN-AP,Andhra Pradesh,Male,Rural,70-74,Primary,10.14,8.31,12.37,8067,79560
IN-AP,Andhra Pradesh,Male,Rural,70-74,Middle,7.73,6.34,9.43,6149,79560
IN-AP,Andhra Pradesh,Male,Rural,70-74,Secondary,5.80,4.76,7.08,4614,79560
IN-AP,Andhra Pradesh,Male,Rural,70-74,Higher,4.35,3.57,5.31,3460,79560
IN-AP,Andhra Pradesh,Male,Rural,75-79,All,14.28,11.71,17.42,56805,397800
IN-AP,Andhra Pradesh,Male,Rural,75-79,None,19.99,16.39,24.39,15904,79560
IN-AP,Andhra Pradesh,Male,Rural,75-79,Primary,14.99,12.29,18.29,11926,79560
IN-AP,Andhra Pradesh,Male,Rural,75-79,Middle,11.42,9.36,13.93,9085,79560
IN-AP,Andhra Pradesh,Male,Rural,75-79,Secondary,8.57,7.03,10.46,6818,79560
IN-AP,Andhra Pradesh,Male,Rural,75-79,Higher,6.43,5.27,7.84,5115,79560
IN-AP,Andhra Pradesh,Male,Rural,80-84,All,20.16,16.53,24.60,80196,397800
IN-AP,Andhra Pradesh,Male,Rural,80-84,None,28.22,23.14,34.43,22451,79560
IN-AP,Andhra Pradesh,Male,Rural,80-84,Primary,21.17,17.36,25.83,16842,79560
IN-AP,Andhra Pradesh,Male,Rural,80-84,Middle,16.13,13.23,19.68,12833,79560
IN-AP,Andhra Pradesh,Male,Rural,80-84,Secondary,12.10,9.92,14.76,9626,79560
IN-AP,Andhra Pradesh,Male,Rural,80-84,Higher,9.07,7.44,11.07,7216,79560
IN-AP,Andhra Pradesh,Male,Rural,85+,All,27.72,22.73,33.82,110270,397800
IN-AP,Andhra Pradesh,Male,Rural,85+,None,35.00,28.70,42.70,27846,79560
IN-AP,Andhra Pradesh,Male,Rural,85+,Primary,29.10,23.86,35.50,23151,79560
IN-AP,Andhra Pradesh,Male,Rural,85+,Middle,22.18,18.19,27.06,17646,79560
IN-AP,Andhra Pradesh,Male,Rural,85+,Secondary,16.63,13.64,20.29,13230,79560
IN-AP,Andhra Pradesh,Male,Rural,85+,Higher,12.47,10.23,15.21,9921,79560
IN-AP,Andhra Pradesh,Female,All,60+,All,9.32,7.64,11.37,302900,3250000
IN-AP,Andhra Pradesh,Female,All,60+,None,13.04,10.69,15.91,84759,650000
IN-AP,Andhra Pradesh,Female,All,60+,Primary,9.78,8.02,11.93,63570,650000
IN-AP,Andhra Pradesh,Female,All,60+,Middle,7.45,6.11,9.09,48425,650000
IN-AP,Andhra Pradesh,Female,All,60+,Secondary,5.59,4.58,6.82,36335,650000
IN-AP,Andhra Pradesh,Female,All,60+,Higher,4.19,3.44,5.11,27235,650000
IN-AP,Andhra Pradesh,Female,All,60-64,All,4.19,3.44,5.11,24511,585000
IN-AP,Andhra Pradesh,Female,All,60-64,None,5.87,4.81,7.16,6867,116999
IN-AP,Andhra Pradesh,Female,All,60-64,Primary,4.40,3.61,5.37,5147,116999
IN-AP,Andhra Pradesh,Female,All,60-64,Middle,3.35,2.75,4.09,3919,116999
IN-AP,Andhra Pradesh,Female,All,60-64,Secondary,2.52,2.07,3.07,2948,116999
IN-AP,Andhra Pradesh,Female,All,60-64,Higher,1.89,1.55,2.31,2211,116999
IN-AP,Andhra Pradesh,Female,All,65-69,All,6.99,5.73,8.53,40891,585000
IN-AP,Andhra Pradesh,Female,All,65-69,None,9.78,8.02,11.93,11442,116999
IN-AP,Andhra Pradesh,Female,All,65-69,Primary,7.34,6.02,8.95,8587,116999
IN-AP,Andhra Pradesh,Female,All,65-69,Middle,5.59,4.58,6.82,6540,116999
IN-AP,Andhra Pradesh,Female,All,65-69,Secondary,4.19,3.44,5.11,4902,116999
IN-AP,Andhra Pradesh,Female,All,65-69,Higher,3.14,2.57,3.83,3673,116999
IN-AP,Andhra Pradesh,Female,All,70-74,All,10.71,8.78,13.07,62653,585000
IN-AP,Andhra Pradesh,Female,All,70-74,None,15.00,12.30,18.30,17549,116999
IN-AP,Andhra Pradesh,Female,All,70-74,Primary,11.25,9.23,13.73,13162,116999
IN-AP,Andhra Pradesh,Female,All,70-74,Middle,8.57,7.03,10.46,10026,116999
IN-AP,Andhra Pradesh,Female,All,70-74,Secondary,6.43,5.27,7.84,7523,116999
IN-AP,Andhra Pradesh,Female,All,70-74,Higher,4.82,3.95,5.88,5639,116999
IN-AP,Andhra Pradesh,Female,All,75-79,All,15.84,12.99,19.32,92663,585000
IN-AP,Andhra Pradesh,Female,All,75-79,None,22.17,18.18,27.05,25938,116999
IN-AP,Andhra Pradesh,Female,All,75-79,Primary,16.63,13.64,20.29,19456,116999
IN-AP,Andhra Pradesh,Female,All,75-79,Middle,12.67,10.39,15.46,14823,116999
IN-AP,Andhra Pradesh,Female,All,75-79,Secondary,9.50,7.79,11.59,11114,116999
IN-AP,Andhra Pradesh,Female,All,75-79,Higher,7.13,5.85,8.70,8342,116999
IN-AP,Andhra Pradesh,Female,All,80-84,All,22.36,18.34,27.28,130806,585000
IN-AP,Andhra Pradesh,Female,All,80-84,None,31.30,25.67,38.19,36620,116999
IN-AP,Andhra Pradesh,Female,All,80-84,Primary,23.47,19.25,28.63,27459,116999
IN-AP,Andhra Pradesh,Female,All,80-84,Middle,17.88,14.66,21.81,20919,116999
IN-AP,Andhra Pradesh,Female,All,80-84,Secondary,13.41,11.00,16.36,15689,116999
IN-AP,Andhra Pradesh,Female,All,80-84,Higher,10.06,8.25,12.27,11770,116999
IN-AP,Andhra Pradesh,Female,All,85+,All,30.74,25.21,37.50,179829,585000
IN-AP,Andhra Pradesh,Female,All,85+,None,35.00,28.70,42.70,40949,116999
IN-AP,Andhra Pradesh,Female,All,85+,Primary,32.28,26.47,39.38,37767,116999
IN-AP,Andhra Pradesh,Female,All,85+,Middle,24.59,20.16,30.00,28770,116999
IN-AP,Andhra Pradesh,Female,All,85+,Secondary,18.44,15.12,22.50,21574,116999
IN-AP,Andhra Pradesh,Female,All,85+,Higher,13.83,11.34,16.87,16180,116999
IN-AP,Andhra Pradesh,Female,Urban,60+,All,7.64,6.26,9.32,79456,1040000
IN-AP,Andhra Pradesh,Female,Urban,60+,None,10.69,8.77,13.04,22235,208000
IN-AP,Andhra Pradesh,Female,Urban,60+,Primary,8.02,6.58,9.78,16681,208000
IN-AP,Andhra Pradesh,Female,Urban,60+,Middle,6.11,5.01,7.45,12708,208000
IN-AP,Andhra Pradesh,Female,Urban,60+,Secondary,4.58,3.76,5.59,9526,208000
IN-AP,Andhra Pradesh,Female,Urban,60+,Higher,3.44,2.82,4.20,7155,208000
IN-AP,Andhra Pradesh,Female,Urban,60-64,All,3.44,2.82,4.20,6439,187200
IN-AP,Andhra Pradesh,Female,Urban,60-64,None,4.81,3.94,5.87,1800,37440
IN-AP,Andhra Pradesh,Female,Urban,60-64,Primary,3.61,2.96,4.40,1351,37440
IN-AP,Andhra Pradesh,Female,Urban,60-64,Middle,2.75,2.26,3.36,1029,37440
IN-AP,Andhra Pradesh,Female,Urban,60-64,Secondary,2.06,1.69,2.51,771,37440
IN-AP,Andhra Pradesh,Female,Urban,60-64,Higher,1.55,1.27,1.89,580,37440
IN-AP,Andhra Pradesh,Female,Urban,65-69,All,5.73,4.70,6.99,10726,187200
IN-AP,Andhra Pradesh,Female,Urban,65-69,None,8.02,6.58,9.78,3002,37440
IN-AP,Andhra Pradesh,Female,Urban,65-69,Primary,6.02,4.94,7.34,2253,37440
IN-AP,Andhra Pradesh,Female,Urban,65-69,Middle,4.58,3.76,5.59,1714,37440
IN-AP,Andhra Pradesh,Female,Urban,65-69,Secondary,3.44,2.82,4.20,1287,37440
IN-AP,Andhra Pradesh,Female,Urban,65-69,Higher,2.58,2.12,3.15,965,37440
IN-AP,Andhra Pradesh,Female,Urban,70-74,All,8.78,7.20,10.71,16436,187200
IN-AP,Andhra Pradesh,Female,Urban,70-74,None,12.30,10.09,15.01,4605,37440
IN-AP,Andhra Pradesh,Female,Urban,70-74,Primary,9.22,7.56,11.25,3451,37440
IN-AP,Andhra Pradesh,Female,Urban,70-74,Middle,7.03,5.76,8.58,2632,37440
IN-AP,Andhra Pradesh,Female,Urban,70-74,Secondary,5.27,4.32,6.43,1973,37440
IN-AP,Andhra Pradesh,Female,Urban,70-74,Higher,3.95,3.24,4.82,1478,37440
IN-AP,Andhra Pradesh,Female,Urban,75-79,All,12.99,10.65,15.85,24317,187200
IN-AP,Andhra Pradesh,Female,Urban,75-79,None,18.18,14.91,22.18,6806,37440
IN-AP,Andhra Pradesh,Female,Urban,75-79,Primary,13.63,11.18,16.63,5103,37440
IN-AP,Andhra Pradesh,Female,Urban,75-79,Middle,10.39,8.52,12.68,3890,37440
IN-AP,Andhra Pradesh,Female,Urban,75-79,Secondary,7.79,6.39,9.50,2916,37440
IN-AP,Andhra Pradesh,Female,Urban,75-79,Higher,5.84,4.79,7.12,2186,37440
IN-AP,Andhra Pradesh,Female,Urban,80-84,All,18.33,15.03,22.36,34313,187200
IN-AP,Andhra Pradesh,Female,Urban,80-84,None,25.66,21.04,31.31,9607,37440
IN-AP,Andhra Pradesh,Female,Urban,80-84,Primary,19.25,15.78,23.49,7207,37440
IN-AP,Andhra Pradesh,Female,Urban,80-84,Middle,14.67,12.03,17.90,5492,37440
IN-AP,Andhra Pradesh,Female,Urban,80-84,Secondary,11.00,9.02,13.42,4118,37440
IN-AP,Andhra Pradesh,Female,Urban,80-84,Higher,8.25,6.77,10.07,3088,37440
IN-AP,Andhra Pradesh,Female,Urban,85+,All,25.21,20.67,30.76,47193,187200
IN-AP,Andhra Pradesh,Female,Urban,85+,None,35.00,28.70,42.70,13104,37440
IN-AP,Andhra Pradesh,Female,Urban,85+,Primary,26.47,21.71,32.29,9910,37440
IN-AP,Andhra Pradesh,Female,Urban,85+,Middle,20.17,16.54,24.61,7551,37440
IN-AP,Andhra Pradesh,Female,Urban,85+,Secondary,15.12,12.40,18.45,5660,37440
IN-AP,Andhra Pradesh,Female,Urban,85+,Higher,11.34,9.30,13.83,4245,37440
IN-AP,Andhra Pradesh,Female,Rural,60+,All,11.36,9.32,13.86,251055,2210000
IN-AP,Andhra Pradesh,Female,Rural,60+,None,15.91,13.05,19.41,70322,442000
IN-AP,Andhra Pradesh,Female,Rural,60+,Primary,11.93,9.78,14.55,52730,442000
IN-AP,Andhra Pradesh,Female,Rural,60+,Middle,9.09,7.45,11.09,40177,442000
IN-AP,Andhra Pradesh,Female,Rural,60+,Secondary,6.82,5.59,8.32,30144,442000
IN-AP,Andhra Pradesh,Female,Rural,60+,Higher,5.11,4.19,6.23,22586,442000
IN-AP,Andhra Pradesh,Female,Rural,60-64,All,5.11,4.19,6.23,20327,397800
IN-AP,Andhra Pradesh,Female,Rural,60-64,None,7.16,5.87,8.74,5696,79560
IN-AP,Andhra Pradesh,Female,Rural,60-64,Primary,5.37,4.40,6.55,4272,79560
IN-AP,Andhra Pradesh,Female,Rural,60-64,Middle,4.09,3.35,4.99,3254,79560
IN-AP,Andhra Pradesh,Female,Rural,60-64,Secondary,3.07,2.52,3.75,2442,79560
IN-AP,Andhra Pradesh,Female,Rural,60-64,Higher,2.30,1.89,2.81,1829,79560
IN-AP,Andhra Pradesh,Female,Rural,65-69,All,8.52,6.99,10.39,33892,397800
IN-AP,Andhra Pradesh,Female,Rural,65-69,None,11.93,9.78,14.55,9491,79560
IN-AP,Andhra Pradesh,Female,Rural,65-69,Primary,8.95,7.34,10.92,7120,79560
IN-AP,Andhra Pradesh,Female,Rural,65-69,Middle,6.82,5.59,8.32,5425,79560
IN-AP,Andhra Pradesh,Female,Rural,65-69,Secondary,5.11,4.19,6.23,4065,79560
IN-AP,Andhra Pradesh,Female,Rural,65-69,Higher,3.84,3.15,4.68,3055,79560
IN-AP,Andhra Pradesh,Female,Rural,70-74,All,13.07,10.72,15.95,51992,397800
IN-AP,Andhra Pradesh,Female,Rural,70-74,None,18.30,15.01,22.33,14559,79560
IN-AP,Andhra Pradesh,Female,Rural,70-74,Primary,13.72,11.25,16.74,10915,79560
IN-AP,Andhra Pradesh,Female,Rural,70-74,Middle,10.46,8.58,12.76,8321,79560
IN-AP,Andhra Pradesh,Female,Rural,70-74,Secondary,7.84,6.43,9.56,6237,79560
IN-AP,Andhra Pradesh,Female,Rural,70-74,Higher,5.88,4.82,7.17,4678,79560
IN-AP,Andhra Pradesh,Female,Rural,75-79,All,19.32,15.84,23.57,76854,397800
IN-AP,Andhra Pradesh,Female,Rural,75-79,None,27.05,22.18,33.00,21520,79560
IN-AP,Andhra Pradesh,Female,Rural,75-79,Primary,20.29,16.64,24.75,16142,79560
IN-AP,Andhra Pradesh,Female,Rural,75-79,Middle,15.46,12.68,18.86,12299,79560
IN-AP,Andhra Pradesh,Female,Rural,75-79,Secondary,11.59,9.50,14.14,9221,79560
IN-AP,Andhra Pradesh,Female,Rural,75-79,Higher,8.69,7.13,10.60,6913,79560
IN-AP,Andhra Pradesh,Female,Rural,80-84,All,27.27,22.36,33.27,108480,397800
IN-AP,Andhra Pradesh,Female,Rural,80-84,None,35.00,28.70,42.70,27846,79560
IN-AP,Andhra Pradesh,Female,Rural,80-84,Primary,28.64,23.48,34.94,22785,79560
IN-AP,Andhra Pradesh,Female,Rural,80-84,Middle,21.82,17.89,26.62,17359,79560
IN-AP,Andhra Pradesh,Female,Rural,80-84,Secondary,16.36,13.42,19.96,13016,79560
IN-AP,Andhra Pradesh,Female,Rural,80-84,Higher,12.27,10.06,14.97,9762,79560
IN-AP,Andhra Pradesh,Female,Rural,85+,All,35.00,28.70,42.70,139230,397800
IN-AP,Andhra Pradesh,Female,Rural,85+,None,35.00,28.70,42.70,27846,79560
IN-AP,Andhra Pradesh,Female,Rural,85+,Primary,35.00,28.70,42.70,27846,79560
IN-AP,Andhra Pradesh,Female,Rural,85+,Middle,30.00,24.60,36.60,23868,79560
IN-AP,Andhra Pradesh,Female,Rural,85+,Secondary,22.50,18.45,27.45,17901,79560
IN-AP,Andhra Pradesh,Female,Rural,85+,Higher,16.88,13.84,20.59,13429,79560
IN-KA,Karnataka,Both,All,60+,All,7.90,6.48,9.64,537200,6800000
IN-KA,Karnataka,Both,All,60+,None,11.06,9.07,13.49,150416,1360000
IN-KA,Karnataka,Both,All,60+,Primary,8.30,6.81,10.13,112880,1360000
IN-KA,Karnataka,Both,All,60+,Middle,6.32,5.18,7.71,85952,1360000
IN-KA,Karnataka,Both,All,60+,Secondary,4.74,3.89,5.78,64464,1360000
IN-KA,Karnataka,Both,All,60+,Higher,3.56,2.92,4.34,48416,1360000
IN-KA,Karnataka,Both,All,60-64,All,3.56,2.92,4.34,43574,1224000
IN-KA,Karnataka,Both,All,60-64,None,4.98,4.08,6.08,12190,244799
IN-KA,Karnataka,Both,All,60-64,Primary,3.73,3.06,4.55,9131,244799
IN-KA,Karnataka,Both,All,60-64,Middle,2.84,2.33,3.46,6952,244799
IN-KA,Karnataka,Both,All,60-64,Secondary,2.13,1.75,2.60,5214,244799
IN-KA,Karnataka,Both,All,60-64,Higher,1.60,1.31,1.95,3916,244799
IN-KA,Karnataka,Both,All,65-69,All,5.93,4.86,7.23,72583,1224000
IN-KA,Karnataka,Both,All,65-69,None,8.29,6.80,10.11,20293,244799
IN-KA,Karnataka,Both,All,65-69,Primary,6.22,5.10,7.59,15226,244799
IN-KA,Karnataka,Both,All,65-69,Middle,4.74,3.89,5.78,11603,244799
IN-KA,Karnataka,Both,All,65-69,Secondary,3.56,2.92,4.34,8714,244799
IN-KA,Karnataka,Both,All,65-69,Higher,2.67,2.19,3.26,6536,244799
IN-KA,Karnataka,Both,All,70-74,All,9.08,7.45,11.08,111139,1224000
IN-KA,Karnataka,Both,All,70-74,None,12.72,10.43,15.52,31138,244799
IN-KA,Karnataka,Both,All,70-74,Primary,9.54,7.82,11.64,23353,244799
IN-KA,Karnataka,Both,All,70-74,Middle,7.27,5.96,8.87,17796,244799
IN-KA,Karnataka,Both,All,70-74,Secondary,5.45,4.47,6.65,13341,244799
IN-KA,Karnataka,Both,All,70-74,Higher,4.09,3.35,4.99,10012,244799
IN-KA,Karnataka,Both,All,75-79,All,13.43,11.01,16.38,164383,1224000
IN-KA,Karnataka,Both,All,75-79,None,18.80,15.42,22.94,46022,244799
IN-KA,Karnataka,Both,All,75-79,Primary,14.10,11.56,17.20,34516,244799
IN-KA,Karnataka,Both,All,75-79,Middle,10.74,8.81,13.10,26291,244799
IN-KA,Karnataka,Both,All,75-79,Secondary,8.06,6.61,9.83,19730,244799
IN-KA,Karnataka,Both,All,75-79,Higher,6.04,4.95,7.37,14785,244799
IN-KA,Karnataka,Both,All,80-84,All,18.96,15.55,23.13,232070,1224000
IN-KA,Karnataka,Both,All,80-84,None,26.54,21.76,32.38,64969,244799
IN-KA,Karnataka,Both,All,80-84,Primary,19.91,16.33,24.29,48739,244799
IN-KA,Karnataka,Both,All,80-84,Middle,15.17,12.44,18.51,37136,244799
IN-KA,Karnataka,Both,All,80-84,Secondary,11.38,9.33,13.88,27858,244799
IN-KA,Karnataka,Both,All,80-84,Higher,8.53,6.99,10.41,20881,244799
IN-KA,Karnataka,Both,All,85+,All,26.07,21.38,31.81,319096,1224000
IN-KA,Karnataka,Both,All,85+,None,35.00,28.70,42.70,85679,244799
IN-KA,Karnataka,Both,All,85+,Primary,27.37,22.44,33.39,67001,244799
IN-KA,Karnataka,Both,All,85+,Middle,20.86,17.11,25.45,51065,244799
IN-KA,Karnataka,Both,All,85+,Secondary,15.64,12.82,19.08,38286,244799
IN-KA,Karnataka,Both,All,85+,Higher,11.73,9.62,14.31,28714,244799
IN-KA,Karnataka,Both,Urban,60+,All,6.48,5.31,7.91,141004,2176000
IN-KA,Karnataka,Both,Urban,60+,None,9.07,7.44,11.07,39472,435200
IN-KA,Karnataka,Both,Urban,60+,Primary,6.80,5.58,8.30,29593,435200
IN-KA,Karnataka,Both,Urban,60+,Middle,5.18,4.25,6.32,22543,435200
IN-KA,Karnataka,Both,Urban,60+,Secondary,3.89,3.19,4.75,16929,435200
IN-KA,Karnataka,Both,Urban,60+,Higher,2.92,2.39,3.56,12707,435200
IN-KA,Karnataka,Both,Urban,60-64,All,2.92,2.39,3.56,11437,391680
IN-KA,Karnataka,Both,Urban,60-64,None,4.08,3.35,4.98,3196,78336
IN-KA,Karnataka,Both,Urban,60-64,Primary,3.06,2.51,3.73,2397,78336
IN-KA,Karnataka,Both,Urban,60-64,Middle,2.33,1.91,2.84,1825,78336
IN-KA,Karnataka,Both,Urban,60-64,Secondary,1.75,1.43,2.13,1370,78336
IN-KA,Karnataka,Both,Urban,60-64,Higher,1.31,1.07,1.60,1026,78336
IN-KA,Karnataka,Both,Urban,65-69,All,4.86,3.99,5.93,19035,391680
IN-KA,Karnataka,Both,Urban,65-69,None,6.80,5.58,8.30,5326,78336
IN-KA,Karnataka,Both,Urban,65-69,Primary,5.10,4.18,6.22,3995,78336
IN-KA,Karnataka,Both,Urban,65-69,Middle,3.89,3.19,4.75,3047,78336
IN-KA,Karnataka,Both,Urban,65-69,Secondary,2.92,2.39,3.56,2287,78336
IN-KA,Karnataka,Both,Urban,65-69,Higher,2.19,1.80,2.67,1715,78336
IN-KA,Karnataka,Both,Urban,70-74,All,7.45,6.11,9.09,29180,391680
IN-KA,Karnataka,Both,Urban,70-74,None,10.43,8.55,12.72,8170,78336
IN-KA,Karnataka,Both,Urban,70-74,Primary,7.82,6.41,9.54,6125,78336
IN-KA,Karnataka,Both,Urban,70-74,Middle,5.96,4.89,7.27,4668,78336
IN-KA,Karnataka,Both,Urban,70-74,Secondary,4.47,3.67,5.45,3501,78336
IN-KA,Karnataka,Both,Urban,70-74,Higher,3.35,2.75,4.09,2624,78336
IN-KA,Karnataka,Both,Urban,75-79,All,11.01,9.03,13.43,43123,391680
IN-KA,Karnataka,Both,Urban,75-79,None,15.42,12.64,18.81,12079,78336
IN-KA,Karnataka,Both,Urban,75-79,Primary,11.56,9.48,14.10,9055,78336
IN-KA,Karnataka,Both,Urban,75-79,Middle,8.81,7.22,10.75,6901,78336
IN-KA,Karnataka,Both,Urban,75-79,Secondary,6.61,5.42,8.06,5178,78336
IN-KA,Karnataka,Both,Urban,75-79,Higher,4.96,4.07,6.05,3885,78336
IN-KA,Karnataka,Both,Urban,80-84,All,15.55,12.75,18.97,60906,391680
IN-KA,Karnataka,Both,Urban,80-84,None,21.77,17.85,26.56,17053,78336
IN-KA,Karnataka,Both,Urban,80-84,Primary,16.32,13.38,19.91,12784,78336
IN-KA,Karnataka,Both,Urban,80-84,Middle,12.44,10.20,15.18,9744,78336
IN-KA,Karnataka,Both,Urban,80-84,Secondary,9.33,7.65,11.38,7308,78336
IN-KA,Karnataka,Both,Urban,80-84,Higher,7.00,5.74,8.54,5483,78336
IN-KA,Karnataka,Both,Urban,85+,All,21.38,17.53,26.08,83741,391680
IN-KA,Karnataka,Both,Urban,85+,None,29.93,24.54,36.51,23445,78336
IN-KA,Karnataka,Both,Urban,85+,Primary,22.45,18.41,27.39,17586,78336
IN-KA,Karnataka,Both,Urban,85+,Middle,17.10,14.02,20.86,13395,78336
IN-KA,Karnataka,Both,Urban,85+,Secondary,12.83,10.52,15.65,10050,78336
IN-KA,Karnataka,Both,Urban,85+,Higher,9.62,7.89,11.74,7535,78336
IN-KA,Karnataka,Both,Rural,60+,All,9.64,7.90,11.76,445753,4624000
IN-KA,Karnataka,Both,Rural,60+,None,13.49,11.06,16.46,124755,924800
IN-KA,Karnataka,Both,Rural,60+,Primary,10.12,8.30,12.35,93589,924800
IN-KA,Karnataka,Both,Rural,60+,Middle,7.71,6.32,9.41,71302,924800
IN-KA,Karnataka,Both,Rural,60+,Secondary,5.78,4.74,7.05,53453,924800
IN-KA,Karnataka,Both,Rural,60+,Higher,4.34,3.56,5.29,40136,924800
IN-KA,Karnataka,Both,Rural,60-64,All,4.34,3.56,5.29,36122,832320
IN-KA,Karnataka,Both,Rural,60-64,None,6.07,4.98,7.41,10104,166464
IN-KA,Karnataka,Both,Rural,60-64,Primary,4.55,3.73,5.55,7574,166464
IN-KA,Karnataka,Both,Rural,60-64,Middle,3.47,2.85,4.23,5776,166464
IN-KA,Karnataka,Both,Rural,60-64,Secondary,2.60,2.13,3.17,4328,166464
IN-KA,Karnataka,Both,Rural,60-64,Higher,1.95,1.60,2.38,3246,166464
IN-KA,Karnataka,Both,Rural,65-69,All,7.23,5.93,8.82,60176,832320
IN-KA,Karnataka,Both,Rural,65-69,None,10.12,8.30,12.35,16846,166464
IN-KA,Karnataka,Both,Rural,65-69,Primary,7.59,6.22,9.26,12634,166464
IN-KA,Karnataka,Both,Rural,65-69,Middle,5.78,4.74,7.05,9621,166464
IN-KA,Karnataka,Both,Rural,65-69,Secondary,4.34,3.56,5.29,7224,166464
IN-KA,Karnataka,Both,Rural,65-69,Higher,3.25,2.67,3.97,5410,166464
IN-KA,Karnataka,Both,Rural,70-74,All,11.08,9.09,13.52,92221,832320
IN-KA,Karnataka,Both,Rural,70-74,None,15.52,12.73,18.93,25835,166464
IN-KA,Karnataka,Both,Rural,70-74,Primary,11.64,9.54,14.20,19376,166464
IN-KA,Karnataka,Both,Rural,70-74,Middle,8.87,7.27,10.82,14765,166464
IN-KA,Karnataka,Both,Rural,70-74,Secondary,6.65,5.45,8.11,11069,166464
IN-KA,Karnataka,Both,Rural,70-74,Higher,4.99,4.09,6.09,8306,166464
IN-KA,Karnataka,Both,Rural,75-79,All,16.38,13.43,19.98,136334,832320
IN-KA,Karnataka,Both,Rural,75-79,None,22.94,18.81,27.99,38186,166464
IN-KA,Karnataka,Both,Rural,75-79,Primary,17.20,14.10,20.98,28631,166464
IN-KA,Karnataka,Both,Rural,75-79,Middle,13.11,10.75,15.99,21823,166464
IN-KA,Karnataka,Both,Rural,75-79,Secondary,9.83,8.06,11.99,16363,166464
IN-KA,Karnataka,Both,Rural,75-79,Higher,7.37,6.04,8.99,12268,166464
IN-KA,Karnataka,Both,Rural,80-84,All,23.13,18.97,28.22,192515,832320
IN-KA,Karnataka,Both,Rural,80-84,None,32.38,26.55,39.50,53901,166464
IN-KA,Karnataka,Both,Rural,80-84,Primary,24.29,19.92,29.63,40434,166464
IN-KA,Karnataka,Both,Rural,80-84,Middle,18.50,15.17,22.57,30795,166464
IN-KA,Karnataka,Both,Rural,80-84,Secondary,13.88,11.38,16.93,23105,166464
IN-KA,Karnataka,Both,Rural,80-84,Higher,10.41,8.54,12.70,17328,166464
IN-KA,Karnataka,Both,Rural,85+,All,31.81,26.08,38.81,264760,832320
IN-KA,Karnataka,Both,Rural,85+,None,35.00,28.70,42.70,58262,166464
IN-KA,Karnataka,Both,Rural,85+,Primary,33.40,27.39,40.75,55598,166464
IN-KA,Karnataka,Both,Rural,85+,Middle,25.44,20.86,31.04,42348,166464
IN-KA,Karnataka,Both,Rural,85+,Secondary,19.08,15.65,23.28,31761,166464
IN-KA,Karnataka,Both,Rural,85+,Higher,14.31,11.73,17.46,23820,166464
IN-KA,Karnataka,Male,All,60+,All,6.72,5.51,8.20,228480,3400000
IN-KA,Karnataka,Male,All,60+,None,9.40,7.71,11.47,63920,680000
IN-KA,Karnataka,Male,All,60+,Primary,7.05,5.78,8.60,47939,680000
IN-KA,Karnataka,Male,All,60+,Middle,5.37,4.40,6.55,36516,680000
IN-KA,Karnataka,Male,All,60+,Secondary,4.03,3.30,4.92,27404,680000
IN-KA,Karnataka,Male,All,60+,Higher,3.02,2.48,3.68,20536,680000
IN-KA,Karnataka,Male,All,60-64,All,3.02,2.48,3.68,18482,612000
IN-KA,Karnataka,Male,All,60-64,None,4.23,3.47,5.16,5177,122399
IN-KA,Karnataka,Male,All,60-64,Primary,3.17,2.60,3.87,3880,122399
IN-KA,Karnataka,Male,All,60-64,Middle,2.42,1.98,2.95,2962,122399
IN-KA,Karnataka,Male,All,60-64,Secondary,1.81,1.48,2.21,2215,122399
IN-KA,Karnataka,Male,All,60-64,Higher,1.36,1.12,1.66,1664,122399
IN-KA,Karnataka,Male,All,65-69,All,5.04,4.13,6.15,30844,612000
IN-KA,Karnataka,Male,All,65-69,None,7.05,5.78,8.60,8629,122399
IN-KA,Karnataka,Male,All,65-69,Primary,5.29,4.34,6.45,6474,122399
IN-KA,Karnataka,Male,All,65-69,Middle,4.03,3.30,4.92,4932,122399
IN-KA,Karnataka,Male,All,65-69,Secondary,3.02,2.48,3.68,3696,122399
IN-KA,Karnataka,Male,All,65-69,Higher,2.27,1.86,2.77,2778,122399
IN-KA,Karnataka,Male,All,70-74,All,7.72,6.33,9.42,47246,612000
IN-KA,Karnataka,Male,All,70-74,None,10.81,8.86,13.19,13231,122399
IN-KA,Karnataka,Male,All,70-74,Primary,8.11,6.65,9.89,9926,122399
IN-KA,Karnataka,Male,All,70-74,Middle,6.18,5.07,7.54,7564,122399
IN-KA,Karnataka,Male,All,70-74,Secondary,4.63,3.80,5.65,5667,122399
IN-KA,Karnataka,Male,All,70-74,Higher,3.48,2.85,4.25,4259,122399
IN-KA,Karnataka,Male,All,75-79,All,11.42,9.36,13.93,69890,612000
IN-KA,Karnataka,Male,All,75-79,None,15.98,13.10,19.50,19559,122399
IN-KA,Karnataka,Male,All,75-79,Primary,11.99,9.83,14.63,14675,122399
IN-KA,Karnataka,Male,All,75-79,Middle,9.13,7.49,11.14,11175,122399
IN-KA,Karnataka,Male,All,75-79,Secondary,6.85,5.62,8.36,8384,122399
IN-KA,Karnataka,Male,All,75-79,Higher,5.14,4.21,6.27,6291,122399
IN-KA,Karnataka,Male,All,80-84,All,16.12,13.22,19.67,98654,612000
IN-KA,Karnataka,Male,All,80-84,None,22.56,18.50,27.52,27613,122399
IN-KA,Karnataka,Male,All,80-84,Primary,16.92,13.87,20.64,20709,122399
IN-KA,Karnataka,Male,All,80-84,Middle,12.89,10.57,15.73,15777,122399
IN-KA,Karnataka,Male,All,80-84,Secondary,9.67,7.93,11.80,11835,122399
IN-KA,Karnataka,Male,All,80-84,Higher,7.25,5.94,8.85,8873,122399
IN-KA,Karnataka,Male,All,85+,All,22.16,18.17,27.04,135619,612000
IN-KA,Karnataka,Male,All,85+,None,31.02,25.44,37.84,37968,122399
IN-KA,Karnataka,Male,All,85+,Primary,23.27,19.08,28.39,28482,122399
IN-KA,Karnataka,Male,All,85+,Middle,17.73,14.54,21.63,21701,122399
IN-KA,Karnataka,Male,All,85+,Secondary,13.30,10.91,16.23,16279,122399
IN-KA,Karnataka,Male,All,85+,Higher,9.97,8.18,12.16,12203,122399
IN-KA,Karnataka,Male,Urban,60+,All,5.51,4.52,6.72,59948,1088000
IN-KA,Karnataka,Male,Urban,60+,None,7.71,6.32,9.41,16776,217600
IN-KA,Karnataka,Male,Urban,60+,Primary,5.78,4.74,7.05,12577,217600
IN-KA,Karnataka,Male,Urban,60+,Middle,4.41,3.62,5.38,9596,217600
IN-KA,Karnataka,Male,Urban,60+,Secondary,3.30,2.71,4.03,7180,217600
IN-KA,Karnataka,Male,Urban,60+,Higher,2.48,2.03,3.03,5396,217600
IN-KA,Karnataka,Male,Urban,60-64,All,2.48,2.03,3.03,4856,195840
IN-KA,Karnataka,Male,Urban,60-64,None,3.47,2.85,4.23,1359,39168
IN-KA,Karnataka,Male,Urban,60-64,Primary,2.60,2.13,3.17,1018,39168
IN-KA,Karnataka,Male,Urban,60-64,Middle,1.98,1.62,2.42,775,39168
IN-KA,Karnataka,Male,Urban,60-64,Secondary,1.49,1.22,1.82,583,39168
IN-KA,Karnataka,Male,Urban,60-64,Higher,1.12,0.92,1.37,438,39168
IN-KA,Karnataka,Male,Urban,65-69,All,4.13,3.39,5.04,8088,195840
IN-KA,Karnataka,Male,Urban,65-69,None,5.78,4.74,7.05,2263,39168
IN-KA,Karnataka,Male,Urban,65-69,Primary,4.34,3.56,5.29,1699,39168
IN-KA,Karnataka,Male,Urban,65-69,Middle,3.30,2.71,4.03,1292,39168
IN-KA,Karnataka,Male,Urban,65-69,Secondary,2.48,2.03,3.03,971,39168
IN-KA,Karnataka,Male,Urban,65-69,Higher,1.86,1.53,2.27,728,39168
IN-KA,Karnataka,Male,Urban,70-74,All,6.33,5.19,7.72,12396,195840
IN-KA,Karnataka,Male,Urban,70-74,None,8.87,7.27,10.82,3474,39168
IN-KA,Karnataka,Male,Urban,70-74,Primary,6.65,5.45,8.11,2604,39168
IN-KA,Karnataka,Male,Urban,70-74,Middle,5.07,4.16,6.19,1985,39168
IN-KA,Karnataka,Male,Urban,70-74,Secondary,3.80,3.12,4.64,1488,39168
IN-KA,Karnataka,Male,Urban,70-74,Higher,2.85,2.34,3.48,1116,39168
IN-KA,Karnataka,Male,Urban,75-79,All,9.36,7.68,11.42,18330,195840
IN-KA,Karnataka,Male,Urban,75-79,None,13.10,10.74,15.98,5131,39168
IN-KA,Karnataka,Male,Urban,75-79,Primary,9.83,8.06,11.99,3850,39168
IN-KA,Karnataka,Male,Urban,75-79,Middle,7.49,6.14,9.14,2933,39168
IN-KA,Karnataka,Male,Urban,75-79,Secondary,5.62,4.61,6.86,2201,39168
IN-KA,Karnataka,Male,Urban,75-79,Higher,4.21,3.45,5.14,1648,39168
IN-KA,Karnataka,Male,Urban,80-84,All,13.22,10.84,16.13,25890,195840
IN-KA,Karnataka,Male,Urban,80-84,None,18.50,15.17,22.57,7246,39168
IN-KA,Karnataka,Male,Urban,80-84,Primary,13.88,11.38,16.93,5436,39168
IN-KA,Karnataka,Male,Urban,80-84,Middle,10.57,8.67,12.90,4140,39168
IN-KA,Karnataka,Male,Urban,80-84,Secondary,7.93,6.50,9.67,3106,39168
IN-KA,Karnataka,Male,Urban,80-84,Higher,5.95,4.88,7.26,2330,39168
IN-KA,Karnataka,Male,Urban,85+,All,18.17,14.90,22.17,35584,195840
IN-KA,Karnataka,Male,Urban,85+,None,25.44,20.86,31.04,9964,39168
IN-KA,Karnataka,Male,Urban,85+,Primary,19.08,15.65,23.28,7473,39168
IN-KA,Karnataka,Male,Urban,85+,Middle,14.54,11.92,17.74,5695,39168
IN-KA,Karnataka,Male,Urban,85+,Secondary,10.90,8.94,13.30,4269,39168
IN-KA,Karnataka,Male,Urban,85+,Higher,8.18,6.71,9.98,3203,39168
IN-KA,Karnataka,Male,Rural,60+,All,8.19,6.72,9.99,189352,2312000
IN-KA,Karnataka,Male,Rural,60+,None,11.47,9.41,13.99,53037,462400
IN-KA,Karnataka,Male,Rural,60+,Primary,8.60,7.05,10.49,39766,462400
IN-KA,Karnataka,Male,Rural,60+,Middle,6.55,5.37,7.99,30287,462400
IN-KA,Karnataka,Male,Rural,60+,Secondary,4.92,4.03,6.00,22750,462400
IN-KA,Karnataka,Male,Rural,60+,Higher,3.69,3.03,4.50,17062,462400
IN-KA,Karnataka,Male,Rural,60-64,All,3.69,3.03,4.50,15356,416160
IN-KA,Karnataka,Male,Rural,60-64,None,5.16,4.23,6.30,4294,83232
IN-KA,Karnataka,Male,Rural,60-64,Primary,3.87,3.17,4.72,3221,83232
IN-KA,Karnataka,Male,Rural,60-64,Middle,2.95,2.42,3.60,2455,83232
IN-KA,Karnataka,Male,Rural,60-64,Secondary,2.21,1.81,2.70,1839,83232
IN-KA,Karnataka,Male,Rural,60-64,Higher,1.66,1.36,2.03,1381,83232
IN-KA,Karnataka,Male,Rural,65-69,All,6.14,5.03,7.49,25552,416160
IN-KA,Karnataka,Male,Rural,65-69,None,8.60,7.05,10.49,7157,83232
IN-KA,Karnataka,Male,Rural,65-69,Primary,6.45,5.29,7.87,5368,83232
IN-KA,Karnataka,Male,Rural,65-69,Middle,4.92,4.03,6.00,4095,83232
IN-KA,Karnataka,Male,Rural,65-69,Secondary,3.69,3.03,4.50,3071,83232
IN-KA,Karnataka,Male,Rural,65-69,Higher,2.76,2.26,3.37,2297,83232
IN-KA,Karnataka,Male,Rural,70-74,All,9.42,7.72,11.49,39202,416160
IN-KA,Karnataka,Male,Rural,70-74,None,13.19,10.82,16.09,10978,83232
IN-KA,Karnataka,Male,Rural,70-74,Primary,9.89,8.11,12.07,8231,83232
IN-KA,Karnataka,Male,Rural,70-74,Middle,7.54,6.18,9.20,6275,83232
IN-KA,Karnataka,Male,Rural,70-74,Secondary,5.65,4.63,6.89,4702,83232
IN-KA,Karnataka,Male,Rural,70-74,Higher,4.24,3.48,5.17,3529,83232
IN-KA,Karnataka,Male,Rural,75-79,All,13.93,11.42,16.99,57971,416160
IN-KA,Karnataka,Male,Rural,75-79,None,19.50,15.99,23.79,16230,83232
IN-KA,Karnataka,Male,Rural,75-79,Primary,14.62,11.99,17.84,12168,83232
IN-KA,Karnataka,Male,Rural,75-79,Middle,11.14,9.13,13.59,9272,83232
IN-KA,Karnataka,Male,Rural,75-79,Secondary,8.36,6.86,10.20,6958,83232
IN-KA,Karnataka,Male,Rural,75-79,Higher,6.27,5.14,7.65,5218,83232
IN-KA,Karnataka,Male,Rural,80-84,All,19.66,16.12,23.99,81817,416160
IN-KA,Karnataka,Male,Rural,80-84,None,27.53,22.57,33.59,22913,83232
IN-KA,Karnataka,Male,Rural,80-84,Primary,20.64,16.92,25.18,17179,83232
IN-KA,Karnataka,Male,Rural,80-84,Middle,15.73,12.90,19.19,13092,83232
IN-KA,Karnataka,Male,Rural,80-84,Secondary,11.80,9.68,14.40,9821,83232
IN-KA,Karnataka,Male,Rural,80-84,Higher,8.85,7.26,10.80,7366,83232
IN-KA,Karnataka,Male,Rural,85+,All,27.03,22.16,32.98,112488,416160
IN-KA,Karnataka,Male,Rural,85+,None,35.00,28.70,42.70,29131,83232
IN-KA,Karnataka,Male,Rural,85+,Primary,28.39,23.28,34.64,23629,83232
IN-KA,Karnataka,Male,Rural,85+,Middle,21.63,17.74,26.39,18003,83232
IN-KA,Karnataka,Male,Rural,85+,Secondary,16.22,13.30,19.79,13500,83232
IN-KA,Karnataka,Male,Rural,85+,Higher,12.17,9.98,14.85,10129,83232
IN-KA,Karnataka,Female,All,60+,All,9.08,7.45,11.08,308720,3400000
IN-KA,Karnataka,Female,All,60+,None,12.72,10.43,15.52,86496,680000
IN-KA,Karnataka,Female,All,60+,Primary,9.54,7.82,11.64,64871,680000
IN-KA,Karnataka,Female,All,60+,Middle,7.27,5.96,8.87,49436,680000
IN-KA,Karnataka,Female,All,60+,Secondary,5.45,4.47,6.65,37060,680000
IN-KA,Karnataka,Female,All,60+,Higher,4.09,3.35,4.99,27812,680000
IN-KA,Karnataka,Female,All,60-64,All,4.09,3.35,4.99,25030,612000
IN-KA,Karnataka,Female,All,60-64,None,5.72,4.69,6.98,7001,122399
IN-KA,Karnataka,Female,All,60-64,Primary,4.29,3.52,5.23,5250,122399
IN-KA,Karnataka,Female,All,60-64,Middle,3.27,2.68,3.99,4002,122399
IN-KA,Karnataka,Female,All,60-64,Secondary,2.45,2.01,2.99,2998,122399
IN-KA,Karnataka,Female,All,60-64,Higher,1.84,1.51,2.24,2252,122399
IN-KA,Karnataka,Female,All,65-69,All,6.81,5.58,8.31,41677,612000
IN-KA,Karnataka,Female,All,65-69,None,9.54,7.82,11.64,11676,122399
IN-KA,Karnataka,Female,All,65-69,Primary,7.15,5.86,8.72,8751,122399
IN-KA,Karnataka,Female,All,65-69,Middle,5.45,4.47,6.65,6670,122399
IN-KA,Karnataka,Female,All,65-69,Secondary,4.09,3.35,4.99,5006,122399
IN-KA,Karnataka,Female,All,65-69,Higher,3.07,2.52,3.75,3757,122399
IN-KA,Karnataka,Female,All,70-74,All,10.45,8.57,12.75,63954,612000
IN-KA,Karnataka,Female,All,70-74,None,14.63,12.00,17.85,17906,122399
IN-KA,Karnataka,Female,All,70-74,Primary,10.97,9.00,13.38,13427,122399
IN-KA,Karnataka,Female,All,70-74,Middle,8.36,6.86,10.20,10232,122399
IN-KA,Karnataka,Female,All,70-74,Secondary,6.27,5.14,7.65,7674,122399
IN-KA,Karnataka,Female,All,70-74,Higher,4.70,3.85,5.73,5752,122399
IN-KA,Karnataka,Female,All,75-79,All,15.44,12.66,18.84,94492,612000
IN-KA,Karnataka,Female,All,75-79,None,21.62,17.73,26.38,26462,122399
IN-KA,Karnataka,Female,All,75-79,Primary,16.22,13.30,19.79,19853,122399
IN-KA,Karnataka,Female,All,75-79,Middle,12.36,10.14,15.08,15128,122399
IN-KA,Karnataka,Female,All,75-79,Secondary,9.27,7.60,11.31,11346,122399
IN-KA,Karnataka,Female,All,75-79,Higher,6.95,5.70,8.48,8506,122399
IN-KA,Karnataka,Female,All,80-84,All,21.80,17.88,26.60,133416,612000
IN-KA,Karnataka,Female,All,80-84,None,30.53,25.03,37.25,37368,122399
IN-KA,Karnataka,Female,All,80-84,Primary,22.89,18.77,27.93,28017,122399
IN-KA,Karnataka,Female,All,80-84,Middle,17.44,14.30,21.28,21346,122399
IN-KA,Karnataka,Female,All,80-84,Secondary,13.08,10.73,15.96,16009,122399
IN-KA,Karnataka,Female,All,80-84,Higher,9.81,8.04,11.97,12007,122399
IN-KA,Karnataka,Female,All,85+,All,29.98,24.58,36.58,183477,612000
IN-KA,Karnataka,Female,All,85+,None,35.00,28.70,42.70,42839,122399
IN-KA,Karnataka,Female,All,85+,Primary,31.48,25.81,38.41,38531,122399
IN-KA,Karnataka,Female,All,85+,Middle,23.98,19.66,29.26,29351,122399
IN-KA,Karnataka,Female,All,85+,Secondary,17.99,14.75,21.95,22019,122399
IN-KA,Karnataka,Female,All,85+,Higher,13.49,11.06,16.46,16511,122399
IN-KA,Karnataka,Female,Urban,60+,All,7.45,6.11,9.09,81056,1088000
IN-KA,Karnataka,Female,Urban,60+,None,10.43,8.55,12.72,22695,217600
IN-KA,Karnataka,Female,Urban,60+,Primary,7.82,6.41,9.54,17016,217600
IN-KA,Karnataka,Female,Urban,60+,Middle,5.96,4.89,7.27,12968,217600
IN-KA,Karnataka,Female,Urban,60+,Secondary,4.47,3.67,5.45,9726,217600
IN-KA,Karnataka,Female,Urban,60+,Higher,3.35,2.75,4.09,7289,217600
IN-KA,Karnataka,Female,Urban,60-64,All,3.35,2.75,4.09,6560,195840
IN-KA,Karnataka,Female,Urban,60-64,None,4.69,3.85,5.72,1836,39168
IN-KA,Karnataka,Female,Urban,60-64,Primary,3.52,2.89,4.29,1378,39168
IN-KA,Karnataka,Female,Urban,60-64,Middle,2.68,2.20,3.27,1049,39168
IN-KA,Karnataka,Female,Urban,60-64,Secondary,2.01,1.65,2.45,787,39168
IN-KA,Karnataka,Female,Urban,60-64,Higher,1.51,1.24,1.84,591,39168
IN-KA,Karnataka,Female,Urban,65-69,All,5.59,4.58,6.82,10947,195840
IN-KA,Karnataka,Female,Urban,65-69,None,7.82,6.41,9.54,3062,39168
IN-KA,Karnataka,Female,Urban,65-69,Primary,5.87,4.81,7.16,2299,39168
IN-KA,Karnataka,Female,Urban,65-69,Middle,4.47,3.67,5.45,1750,39168
IN-KA,Karnataka,Female,Urban,65-69,Secondary,3.35,2.75,4.09,1312,39168
IN-KA,Karnataka,Female,Urban,65-69,Higher,2.51,2.06,3.06,983,39168
IN-KA,Karnataka,Female,Urban,70-74,All,8.57,7.03,10.46,16783,195840
IN-KA,Karnataka,Female,Urban,70-74,None,11.99,9.83,14.63,4696,39168
IN-KA,Karnataka,Female,Urban,70-74,Primary,9.00,7.38,10.98,3525,39168
IN-KA,Karnataka,Female,Urban,70-74,Middle,6.85,5.62,8.36,2683,39168
IN-KA,Karnataka,Female,Urban,70-74,Secondary,5.14,4.21,6.27,2013,39168
IN-KA,Karnataka,Female,Urban,70-74,Higher,3.86,3.17,4.71,1511,39168
IN-KA,Karnataka,Female,Urban,75-79,All,12.66,10.38,15.45,24793,195840
IN-KA,Karnataka,Female,Urban,75-79,None,17.73,14.54,21.63,6944,39168
IN-KA,Karnataka,Female,Urban,75-79,Primary,13.30,10.91,16.23,5209,39168
IN-KA,Karnataka,Female,Urban,75-79,Middle,10.13,8.31,12.36,3967,39168
IN-KA,Karnataka,Female,Urban,75-79,Secondary,7.60,6.23,9.27,2976,39168
IN-KA,Karnataka,Female,Urban,75-79,Higher,5.70,4.67,6.95,2232,39168
IN-KA,Karnataka,Female,Urban,80-84,All,17.88,14.66,21.81,35016,195840
IN-KA,Karnataka,Female,Urban,80-84,None,25.03,20.52,30.54,9803,39168
IN-KA,Karnataka,Female,Urban,80-84,Primary,18.77,15.39,22.90,7351,39168
IN-KA,Karnataka,Female,Urban,80-84,Middle,14.30,11.73,17.45,5601,39168
IN-KA,Karnataka,Female,Urban,80-84,Secondary,10.73,8.80,13.09,4202,39168
IN-KA,Karnataka,Female,Urban,80-84,Higher,8.05,6.60,9.82,3153,39168
IN-KA,Karnataka,Female,Urban,85+,All,24.58,20.16,29.99,48137,195840
IN-KA,Karnataka,Female,Urban,85+,None,34.42,28.22,41.99,13481,39168
IN-KA,Karnataka,Female,Urban,85+,Primary,25.81,21.16,31.49,10109,39168
IN-KA,Karnataka,Female,Urban,85+,Middle,19.67,16.13,24.00,7704,39168
IN-KA,Karnataka,Female,Urban,85+,Secondary,14.75,12.10,18.00,5777,39168
IN-KA,Karnataka,Female,Urban,85+,Higher,11.06,9.07,13.49,4331,39168
IN-KA,Karnataka,Female,Rural,60+,All,11.08,9.09,13.52,256169,2312000
IN-KA,Karnataka,Female,Rural,60+,None,15.52,12.73,18.93,71764,462400
IN-KA,Karnataka,Female,Rural,60+,Primary,11.64,9.54,14.20,53823,462400
IN-KA,Karnataka,Female,Rural,60+,Middle,8.87,7.27,10.82,41014,462400
IN-KA,Karnataka,Female,Rural,60+,Secondary,6.65,5.45,8.11,30749,462400
IN-KA,Karnataka,Female,Rural,60+,Higher,4.99,4.09,6.09,23073,462400
IN-KA,Karnataka,Female,Rural,60-64,All,4.99,4.09,6.09,20766,416160
IN-KA,Karnataka,Female,Rural,60-64,None,6.98,5.72,8.52,5809,83232
IN-KA,Karnataka,Female,Rural,60-64,Primary,5.24,4.30,6.39,4361,83232
IN-KA,Karnataka,Female,Rural,60-64,Middle,3.99,3.27,4.87,3320,83232
IN-KA,Karnataka,Female,Rural,60-64,Secondary,2.99,2.45,3.65,2488,83232
IN-KA,Karnataka,Female,Rural,60-64,Higher,2.24,1.84,2.73,1864,83232
IN-KA,Karnataka,Female,Rural,65-69,All,8.31,6.81,10.14,34582,416160
IN-KA,Karnataka,Female,Rural,65-69,None,11.64,9.54,14.20,9688,83232
IN-KA,Karnataka,Female,Rural,65-69,Primary,8.73,7.16,10.65,7266,83232
IN-KA,Karnataka,Female,Rural,65-69,Middle,6.65,5.45,8.11,5534,83232
IN-KA,Karnataka,Female,Rural,65-69,Secondary,4.99,4.09,6.09,4153,83232
IN-KA,Karnataka,Female,Rural,65-69,Higher,3.74,3.07,4.56,3112,83232
IN-KA,Karnataka,Female,Rural,70-74,All,12.75,10.46,15.56,53060,416160
IN-KA,Karnataka,Female,Rural,70-74,None,17.84,14.63,21.76,14848,83232
IN-KA,Karnataka,Female,Rural,70-74,Primary,13.38,10.97,16.32,11136,83232
IN-KA,Karnataka,Female,Rural,70-74,Middle,10.20,8.36,12.44,8489,83232
IN-KA,Karnataka,Female,Rural,70-74,Secondary,7.65,6.27,9.33,6367,83232
IN-KA,Karnataka,Female,Rural,70-74,Higher,5.74,4.71,7.00,4777,83232
IN-KA,Karnataka,Female,Rural,75-79,All,18.84,15.45,22.98,78404,416160
IN-KA,Karnataka,Female,Rural,75-79,None,26.38,21.63,32.18,21956,83232
IN-KA,Karnataka,Female,Rural,75-79,Primary,19.78,16.22,24.13,16463,83232
IN-KA,Karnataka,Female,Rural,75-79,Middle,15.07,12.36,18.39,12543,83232
IN-KA,Karnataka,Female,Rural,75-79,Secondary,11.31,9.27,13.80,9413,83232
IN-KA,Karnataka,Female,Rural,75-79,Higher,8.48,6.95,10.35,7058,83232
IN-KA,Karnataka,Female,Rural,80-84,All,26.60,21.81,32.45,110698,416160
IN-KA,Karnataka,Female,Rural,80-84,None,35.00,28.70,42.70,29131,83232
IN-KA,Karnataka,Female,Rural,80-84,Primary,27.93,22.90,34.07,23246,83232
IN-KA,Karnataka,Female,Rural,80-84,Middle,21.28,17.45,25.96,17711,83232
IN-KA,Karnataka,Female,Rural,80-84,Secondary,15.96,13.09,19.47,13283,83232
IN-KA,Karnataka,Female,Rural,80-84,Higher,11.97,9.82,14.60,9962,83232
IN-KA,Karnataka,Female,Rural,85+,All,35.00,28.70,42.70,145656,416160
IN-KA,Karnataka,Female,Rural,85+,None,35.00,28.70,42.70,29131,83232
IN-KA,Karnataka,Female,Rural,85+,Primary,35.00,28.70,42.70,29131,83232
IN-KA,Karnataka,Female,Rural,85+,Middle,29.26,23.99,35.70,24353,83232
IN-KA,Karnataka,Female,Rural,85+,Secondary,21.95,18.00,26.78,18269,83232
IN-KA,Karnataka,Female,Rural,85+,Higher,16.46,13.50,20.08,13699,83232
IN-MH,Maharashtra,Both,All,60+,All,7.60,6.23,9.27,950000,12500000
IN-MH,Maharashtra,Both,All,60+,None,10.64,8.72,12.98,266000,2500000
IN-MH,Maharashtra,Both,All,60+,Primary,7.98,6.54,9.74,199500,2500000
IN-MH,Maharashtra,Both,All,60+,Middle,6.08,4.99,7.42,152000,2500000
IN-MH,Maharashtra,Both,All,60+,Secondary,4.56,3.74,5.56,113999,2500000
IN-MH,Maharashtra,Both,All,60+,Higher,3.42,2.80,4.17,85500,2500000
IN-MH,Maharashtra,Both,All,60-64,All,3.42,2.80,4.17,76950,2250000
IN-MH,Maharashtra,Both,All,60-64,None,4.79,3.93,5.84,21554,449999
IN-MH,Maharashtra,Both,All,60-64,Primary,3.59,2.94,4.38,16154,449999
IN-MH,Maharashtra,Both,All,60-64,Middle,2.74,2.25,3.34,12329,449999
IN-MH,Maharashtra,Both,All,60-64,Secondary,2.05,1.68,2.50,9224,449999
IN-MH,Maharashtra,Both,All,60-64,Higher,1.54,1.26,1.88,6929,449999
IN-MH,Maharashtra,Both,All,65-69,All,5.70,4.67,6.95,128250,2250000
IN-MH,Maharashtra,Both,All,65-69,None,7.98,6.54,9.74,35909,449999
IN-MH,Maharashtra,Both,All,65-69,Primary,5.99,4.91,7.31,26954,449999
IN-MH,Maharashtra,Both,All,65-69,Middle,4.56,3.74,5.56,20519,449999
IN-MH,Maharashtra,Both,All,65-69,Secondary,3.42,2.80,4.17,15389,449999
IN-MH,Maharashtra,Both,All,65-69,Higher,2.57,2.11,3.14,11564,449999
IN-MH,Maharashtra,Both,All,70-74,All,8.74,7.17,10.66,196650,2250000
IN-MH,Maharashtra,Both,All,70-74,None,12.24,10.04,14.93,55079,449999
IN-MH,Maharashtra,Both,All,70-74,Primary,9.18,7.53,11.20,41309,449999
IN-MH,Maharashtra,Both,All,70-74,Middle,6.99,5.73,8.53,31454,449999
IN-MH,Maharashtra,Both,All,70-74,Secondary,5.24,4.30,6.39,23579,449999
IN-MH,Maharashtra,Both,All,70-74,Higher,3.93,3.22,4.79,17684,449999
IN-MH,Maharashtra,Both,All,75-79,All,12.92,10.59,15.76,290700,2250000
IN-MH,Maharashtra,Both,All,75-79,None,18.09,14.83,22.07,81404,449999
IN-MH,Maharashtra,Both,All,75-79,Primary,13.57,11.13,16.56,61064,449999
IN-MH,Maharashtra,Both,All,75-79,Middle,10.34,8.48,12.61,46529,449999
IN-MH,Maharashtra,Both,All,75-79,Secondary,7.75,6.36,9.46,34874,449999
IN-MH,Maharashtra,Both,All,75-79,Higher,5.81,4.76,7.09,26144,449999
IN-MH,Maharashtra,Both,All,80-84,All,18.24,14.96,22.25,410399,2250000
IN-MH,Maharashtra,Both,All,80-84,None,25.54,20.94,31.16,114929,449999
IN-MH,Maharashtra,Both,All,80-84,Primary,19.15,15.70,23.36,86174,449999
IN-MH,Maharashtra,Both,All,80-84,Middle,14.59,11.96,17.80,65654,449999
IN-MH,Maharashtra,Both,All,80-84,Secondary,10.94,8.97,13.35,49229,449999
IN-MH,Maharashtra,Both,All,80-84,Higher,8.21,6.73,10.02,36944,449999
IN-MH,Maharashtra,Both,All,85+,All,25.08,20.57,30.60,564299,2250000
IN-MH,Maharashtra,Both,All,85+,None,35.00,28.70,42.70,157499,449999
IN-MH,Maharashtra,Both,All,85+,Primary,26.33,21.59,32.12,118484,449999
IN-MH,Maharashtra,Both,All,85+,Middle,20.06,16.45,24.47,90269,449999
IN-MH,Maharashtra,Both,All,85+,Secondary,15.05,12.34,18.36,67724,449999
IN-MH,Maharashtra,Both,All,85+,Higher,11.29,9.26,13.77,50804,449999
IN-MH,Maharashtra,Both,Urban,60+,All,6.23,5.11,7.60,249200,4000000
IN-MH,Maharashtra,Both,Urban,60+,None,8.72,7.15,10.64,69760,800000
IN-MH,Maharashtra,Both,Urban,60+,Primary,6.54,5.36,7.98,52320,800000
IN-MH,Maharashtra,Both,Urban,60+,Middle,4.99,4.09,6.09,39920,800000
IN-MH,Maharashtra,Both,Urban,60+,Secondary,3.74,3.07,4.56,29920,800000
IN-MH,Maharashtra,Both,Urban,60+,Higher,2.80,2.30,3.42,22399,800000
IN-MH,Maharashtra,Both,Urban,60-64,All,2.80,2.30,3.42,20159,720000
IN-MH,Maharashtra,Both,Urban,60-64,None,3.93,3.22,4.79,5659,144000
IN-MH,Maharashtra,Both,Urban,60-64,Primary,2.94,2.41,3.59,4233,144000
IN-MH,Maharashtra,Both,Urban,60-64,Middle,2.24,1.84,2.73,3225,144000
IN-MH,Maharashtra,Both,Urban,60-64,Secondary,1.68,1.38,2.05,2419,144000
IN-MH,Maharashtra,Both,Urban,60-64,Higher,1.26,1.03,1.54,1814,144000
IN-MH,Maharashtra,Both,Urban,65-69,All,4.67,3.83,5.70,33624,720000
IN-MH,Maharashtra,Both,Urban,65-69,None,6.54,5.36,7.98,9417,144000
IN-MH,Maharashtra,Both,Urban,65-69,Primary,4.91,4.03,5.99,7070,144000
IN-MH,Maharashtra,Both,Urban,65-69,Middle,3.74,3.07,4.56,5385,144000
IN-MH,Maharashtra,Both,Urban,65-69,Secondary,2.80,2.30,3.42,4031,144000
IN-MH,Maharashtra,Both,Urban,65-69,Higher,2.10,1.72,2.56,3024,144000
IN-MH,Maharashtra,Both,Urban,70-74,All,7.17,5.88,8.75,51624,720000
IN-MH,Maharashtra,Both,Urban,70-74,None,10.03,8.22,12.24,14443,144000
IN-MH,Maharashtra,Both,Urban,70-74,Primary,7.53,6.17,9.19,10843,144000
IN-MH,Maharashtra,Both,Urban,70-74,Middle,5.73,4.70,6.99,8251,144000
IN-MH,Maharashtra,Both,Urban,70-74,Secondary,4.30,3.53,5.25,6191,144000
IN-MH,Maharashtra,Both,Urban,70-74,Higher,3.23,2.65,3.94,4651,144000
IN-MH,Maharashtra,Both,Urban,75-79,All,10.59,8.68,12.92,76248,720000
IN-MH,Maharashtra,Both,Urban,75-79,None,14.83,12.16,18.09,21355,144000
IN-MH,Maharashtra,Both,Urban,75-79,Primary,11.12,9.12,13.57,16012,144000
IN-MH,Maharashtra,Both,Urban,75-79,Middle,8.48,6.95,10.35,12211,144000
IN-MH,Maharashtra,Both,Urban,75-79,Secondary,6.36,5.22,7.76,9158,144000
IN-MH,Maharashtra,Both,Urban,75-79,Higher,4.77,3.91,5.82,6868,144000
IN-MH,Maharashtra,Both,Urban,80-84,All,14.96,12.27,18.25,107712,720000
IN-MH,Maharashtra,Both,Urban,80-84,None,20.94,17.17,25.55,30153,144000
IN-MH,Maharashtra,Both,Urban,80-84,Primary,15.70,12.87,19.15,22608,144000
IN-MH,Maharashtra,Both,Urban,80-84,Middle,11.97,9.82,14.60,17236,144000
IN-MH,Maharashtra,Both,Urban,80-84,Secondary,8.97,7.36,10.94,12916,144000
IN-MH,Maharashtra,Both,Urban,80-84,Higher,6.73,5.52,8.21,9691,144000
IN-MH,Maharashtra,Both,Urban,85+,All,20.57,16.87,25.10,148104,720000
IN-MH,Maharashtra,Both,Urban,85+,None,28.79,23.61,35.12,41457,144000
IN-MH,Maharashtra,Both,Urban,85+,Primary,21.59,17.70,26.34,31089,144000
IN-MH,Maharashtra,Both,Urban,85+,Middle,16.45,13.49,20.07,23687,144000
IN-MH,Maharashtra,Both,Urban,85+,Secondary,12.34,10.12,15.05,17769,144000
IN-MH,Maharashtra,Both,Urban,85+,Higher,9.25,7.59,11.29,13320,144000
IN-MH,Maharashtra,Both,Rural,60+,All,9.27,7.60,11.31,787949,8500000
IN-MH,Maharashtra,Both,Rural,60+,None,12.98,10.64,15.84,220660,1700000
IN-MH,Maharashtra,Both,Rural,60+,Primary,9.74,7.99,11.88,165580,1700000
IN-MH,Maharashtra,Both,Rural,60+,Middle,7.42,6.08,9.05,126140,1700000
IN-MH,Maharashtra,Both,Rural,60+,Secondary,5.56,4.56,6.78,94520,1700000
IN-MH,Maharashtra,Both,Rural,60+,Higher,4.17,3.42,5.09,70890,1700000
IN-MH,Maharashtra,Both,Rural,60-64,All,4.17,3.42,5.09,63801,1530000
IN-MH,Maharashtra,Both,Rural,60-64,None,5.84,4.79,7.12,17870,306000
IN-MH,Maharashtra,Both,Rural,60-64,Primary,4.38,3.59,5.34,13402,306000
IN-MH,Maharashtra,Both,Rural,60-64,Middle,3.34,2.74,4.07,10220,306000
IN-MH,Maharashtra,Both,Rural,60-64,Secondary,2.50,2.05,3.05,7650,306000
IN-MH,Maharashtra,Both,Rural,60-64,Higher,1.88,1.54,2.29,5752,306000
IN-MH,Maharashtra,Both,Rural,65-69,All,6.95,5.70,8.48,106335,1530000
IN-MH,Maharashtra,Both,Rural,65-69,None,9.74,7.99,11.88,29804,306000
IN-MH,Maharashtra,Both,Rural,65-69,Primary,7.30,5.99,8.91,22338,306000
IN-MH,Maharashtra,Both,Rural,65-69,Middle,5.56,4.56,6.78,17013,306000
IN-MH,Maharashtra,Both,Rural,65-69,Secondary,4.17,3.42,5.09,12760,306000
IN-MH,Maharashtra,Both,Rural,65-69,Higher,3.13,2.57,3.82,9577,306000
IN-MH,Maharashtra,Both,Rural,70-74,All,10.66,8.74,13.01,163098,1530000
IN-MH,Maharashtra,Both,Rural,70-74,None,14.93,12.24,18.21,45685,306000
IN-MH,Maharashtra,Both,Rural,70-74,Primary,11.20,9.18,13.66,34272,306000
IN-MH,Maharashtra,Both,Rural,70-74,Middle,8.53,6.99,10.41,26101,306000
IN-MH,Maharashtra,Both,Rural,70-74,Secondary,6.40,5.25,7.81,19584,306000
IN-MH,Maharashtra,Both,Rural,70-74,Higher,4.80,3.94,5.86,14688,306000
IN-MH,Maharashtra,Both,Rural,75-79,All,15.76,12.92,19.23,241127,1530000
IN-MH,Maharashtra,Both,Rural,75-79,None,22.07,18.10,26.93,67534,306000
IN-MH,Maharashtra,Both,Rural,75-79,Primary,16.55,13.57,20.19,50643,306000
IN-MH,Maharashtra,Both,Rural,75-79,Middle,12.61,10.34,15.38,38586,306000
IN-MH,Maharashtra,Both,Rural,75-79,Secondary,9.46,7.76,11.54,28947,306000
IN-MH,Maharashtra,Both,Rural,75-79,Higher,7.09,5.81,8.65,21695,306000
IN-MH,Maharashtra,Both,Rural,80-84,All,22.25,18.24,27.15,340425,1530000
IN-MH,Maharashtra,Both,Rural,80-84,None,31.15,25.54,38.00,95319,306000
IN-MH,Maharashtra,Both,Rural,80-84,Primary,23.37,19.16,28.51,71512,306000
IN-MH,Maharashtra,Both,Rural,80-84,Middle,17.80,14.60,21.72,54468,306000
IN-MH,Maharashtra,Both,Rural,80-84,Secondary,13.35,10.95,16.29,40851,306000
IN-MH,Maharashtra,Both,Rural,80-84,Higher,10.01,8.21,12.21,30630,306000
IN-MH,Maharashtra,Both,Rural,85+,All,30.60,25.09,37.33,468180,1530000
IN-MH,Maharashtra,Both,Rural,85+,None,35.00,28.70,42.70,107100,306000
IN-MH,Maharashtra,Both,Rural,85+,Primary,32.13,26.35,39.20,98317,306000
IN-MH,Maharashtra,Both,Rural,85+,Middle,24.48,20.07,29.87,74908,306000
IN-MH,Maharashtra,Both,Rural,85+,Secondary,18.36,15.06,22.40,56181,306000
IN-MH,Maharashtra,Both,Rural,85+,Higher,13.77,11.29,16.80,42136,306000
IN-MH,Maharashtra,Male,All,60+,All,6.46,5.30,7.88,403750,6250000
IN-MH,Maharashtra,Male,All,60+,None,9.04,7.41,11.03,113000,1250000
IN-MH,Maharashtra,Male,All,60+,Primary,6.78,5.56,8.27,84750,1250000
IN-MH,Maharashtra,Male,All,60+,Middle,5.17,4.24,6.31,64624,1250000
IN-MH,Maharashtra,Male,All,60+,Secondary,3.88,3.18,4.73,48500,1250000
IN-MH,Maharashtra,Male,All,60+,Higher,2.91,2.39,3.55,36375,1250000
IN-MH,Maharashtra,Male,All,60-64,All,2.91,2.39,3.55,32737,1125000
IN-MH,Maharashtra,Male,All,60-64,None,4.07,3.34,4.97,9157,224999
IN-MH,Maharashtra,Male,All,60-64,Primary,3.05,2.50,3.72,6862,224999
IN-MH,Maharashtra,Male,All,60-64,Middle,2.33,1.91,2.84,5242,224999
IN-MH,Maharashtra,Male,All,60-64,Secondary,1.74,1.43,2.12,3914,224999
IN-MH,Maharashtra,Male,All,60-64,Higher,1.31,1.07,1.60,2947,224999
IN-MH,Maharashtra,Male,All,65-69,All,4.85,3.98,5.92,54562,1125000
IN-MH,Maharashtra,Male,All,65-69,None,6.78,5.56,8.27,15254,224999
IN-MH,Maharashtra,Male,All,65-69,Primary,5.09,4.17,6.21,11452,224999
IN-MH,Maharashtra,Male,All,65-69,Middle,3.88,3.18,4.73,8729,224999
IN-MH,Maharashtra,Male,All,65-69,Secondary,2.91,2.39,3.55,6547,224999
IN-MH,Maharashtra,Male,All,65-69,Higher,2.18,1.79,2.66,4904,224999
IN-MH,Maharashtra,Male,All,70-74,All,7.43,6.09,9.06,83587,1125000
IN-MH,Maharashtra,Male,All,70-74,None,10.40,8.53,12.69,23399,224999
IN-MH,Maharashtra,Male,All,70-74,Primary,7.80,6.40,9.52,17549,224999
IN-MH,Maharashtra,Male,All,70-74,Middle,5.94,4.87,7.25,13364,224999
IN-MH,Maharashtra,Male,All,70-74,Secondary,4.46,3.66,5.44,10034,224999
IN-MH,Maharashtra,Male,All,70-74,Higher,3.34,2.74,4.07,7514,224999
IN-MH,Maharashtra,Male,All,75-79,All,10.98,9.00,13.40,123525,1125000
IN-MH,Maharashtra,Male,All,75-79,None,15.37,12.60,18.75,34582,224999
IN-MH,Maharashtra,Male,All,75-79,Primary,11.53,9.45,14.07,25942,224999
IN-MH,Maharashtra,Male,All,75-79,Middle,8.79,7.21,10.72,19777,224999
IN-MH,Maharashtra,Male,All,75-79,Secondary,6.59,5.40,8.04,14827,224999
IN-MH,Maharashtra,Male,All,75-79,Higher,4.94,4.05,6.03,11114,224999
IN-MH,Maharashtra,Male,All,80-84,All,15.50,12.71,18.91,174375,1125000
IN-MH,Maharashtra,Male,All,80-84,None,21.71,17.80,26.49,48847,224999
IN-MH,Maharashtra,Male,All,80-84,Primary,16.28,13.35,19.86,36629,224999
IN-MH,Maharashtra,Male,All,80-84,Middle,12.40,10.17,15.13,27899,224999
IN-MH,Maharashtra,Male,All,80-84,Secondary,9.30,7.63,11.35,20924,224999
IN-MH,Maharashtra,Male,All,80-84,Higher,6.98,5.72,8.52,15704,224999
IN-MH,Maharashtra,Male,All,85+,All,21.32,17.48,26.01,239850,1125000
IN-MH,Maharashtra,Male,All,85+,None,29.85,24.48,36.42,67162,224999
IN-MH,Maharashtra,Male,All,85+,Primary,22.38,18.35,27.30,50354,224999
IN-MH,Maharashtra,Male,All,85+,Middle,17.05,13.98,20.80,38362,224999
IN-MH,Maharashtra,Male,All,85+,Secondary,12.79,10.49,15.60,28777,224999
IN-MH,Maharashtra,Male,All,85+,Higher,9.59,7.86,11.70,21577,224999
IN-MH,Maharashtra,Male,Urban,60+,All,5.30,4.35,6.47,106000,2000000
IN-MH,Maharashtra,Male,Urban,60+,None,7.42,6.08,9.05,29680,400000
IN-MH,Maharashtra,Male,Urban,60+,Primary,5.56,4.56,6.78,22240,400000
IN-MH,Maharashtra,Male,Urban,60+,Middle,4.24,3.48,5.17,16960,400000
IN-MH,Maharashtra,Male,Urban,60+,Secondary,3.18,2.61,3.88,12720,400000
IN-MH,Maharashtra,Male,Urban,60+,Higher,2.38,1.95,2.90,9520,400000
IN-MH,Maharashtra,Male,Urban,60-64,All,2.38,1.95,2.90,8568,360000
IN-MH,Maharashtra,Male,Urban,60-64,None,3.34,2.74,4.07,2404,72000
IN-MH,Maharashtra,Male,Urban,60-64,Primary,2.50,2.05,3.05,1800,72000
IN-MH,Maharashtra,Male,Urban,60-64,Middle,1.91,1.57,2.33,1375,72000
IN-MH,Maharashtra,Male,Urban,60-64,Secondary,1.43,1.17,1.74,1029,72000
IN-MH,Maharashtra,Male,Urban,60-64,Higher,1.07,0.88,1.31,770,72000
IN-MH,Maharashtra,Male,Urban,65-69,All,3.97,3.26,4.84,14292,360000
IN-MH,Maharashtra,Male,Urban,65-69,None,5.56,4.56,6.78,4003,72000
IN-MH,Maharashtra,Male,Urban,65-69,Primary,4.17,3.42,5.09,3002,72000
IN-MH,Maharashtra,Male,Urban,65-69,Middle,3.18,2.61,3.88,2289,72000
IN-MH,Maharashtra,Male,Urban,65-69,Secondary,2.38,1.95,2.90,1713,72000
IN-MH,Maharashtra,Male,Urban,65-69,Higher,1.79,1.47,2.18,1288,72000
IN-MH,Maharashtra,Male,Urban,70-74,All,6.09,4.99,7.43,21924,360000
IN-MH,Maharashtra,Male,Urban,70-74,None,8.53,6.99,10.41,6141,72000
IN-MH,Maharashtra,Male,Urban,70-74,Primary,6.40,5.25,7.81,4608,72000
IN-MH,Maharashtra,Male,Urban,70-74,Middle,4.87,3.99,5.94,3506,72000
IN-MH,Maharashtra,Male,Urban,70-74,Secondary,3.66,3.00,4.47,2635,72000
IN-MH,Maharashtra,Male,Urban,70-74,Higher,2.74,2.25,3.34,1972,72000
IN-MH,Maharashtra,Male,Urban,75-79,All,9.01,7.39,10.99,32436,360000
IN-MH,Maharashtra,Male,Urban,75-79,None,12.61,10.34,15.38,9079,72000
IN-MH,Maharashtra,Male,Urban,75-79,Primary,9.46,7.76,11.54,6811,72000
IN-MH,Maharashtra,Male,Urban,75-79,Middle,7.20,5.90,8.78,5184,72000
IN-MH,Maharashtra,Male,Urban,75-79,Secondary,5.40,4.43,6.59,3888,72000
IN-MH,Maharashtra,Male,Urban,75-79,Higher,4.05,3.32,4.94,2916,72000
IN-MH,Maharashtra,Male,Urban,80-84,All,12.71,10.42,15.51,45756,360000
IN-MH,Maharashtra,Male,Urban,80-84,None,17.80,14.60,21.72,12816,72000
IN-MH,Maharashtra,Male,Urban,80-84,Primary,13.35,10.95,16.29,9612,72000
IN-MH,Maharashtra,Male,Urban,80-84,Middle,10.17,8.34,12.41,7322,72000
IN-MH,Maharashtra,Male,Urban,80-84,Secondary,7.63,6.26,9.31,5493,72000
IN-MH,Maharashtra,Male,Urban,80-84,Higher,5.72,4.69,6.98,4118,72000
IN-MH,Maharashtra,Male,Urban,85+,All,17.48,14.33,21.33,62928,360000
IN-MH,Maharashtra,Male,Urban,85+,None,24.47,20.07,29.85,17618,72000
IN-MH,Maharashtra,Male,Urban,85+,Primary,18.35,15.05,22.39,13212,72000
IN-MH,Maharashtra,Male,Urban,85+,Middle,13.98,11.46,17.06,10065,72000
IN-MH,Maharashtra,Male,Urban,85+,Secondary,10.49,8.60,12.80,7552,72000
IN-MH,Maharashtra,Male,Urban,85+,Higher,7.87,6.45,9.60,5666,72000
IN-MH,Maharashtra,Male,Rural,60+,All,7.88,6.46,9.61,334900,4250000
IN-MH,Maharashtra,Male,Rural,60+,None,11.03,9.04,13.46,93755,850000
IN-MH,Maharashtra,Male,Rural,60+,Primary,8.28,6.79,10.10,70380,850000
IN-MH,Maharashtra,Male,Rural,60+,Middle,6.30,5.17,7.69,53550,850000
IN-MH,Maharashtra,Male,Rural,60+,Secondary,4.73,3.88,5.77,40205,850000
IN-MH,Maharashtra,Male,Rural,60+,Higher,3.55,2.91,4.33,30174,850000
IN-MH,Maharashtra,Male,Rural,60-64,All,3.55,2.91,4.33,27157,765000
IN-MH,Maharashtra,Male,Rural,60-64,None,4.97,4.08,6.06,7604,153000
IN-MH,Maharashtra,Male,Rural,60-64,Primary,3.72,3.05,4.54,5691,153000
IN-MH,Maharashtra,Male,Rural,60-64,Middle,2.84,2.33,3.46,4345,153000
IN-MH,Maharashtra,Male,Rural,60-64,Secondary,2.13,1.75,2.60,3258,153000
IN-MH,Maharashtra,Male,Rural,60-64,Higher,1.60,1.31,1.95,2448,153000
IN-MH,Maharashtra,Male,Rural,65-69,All,5.91,4.85,7.21,45211,765000
IN-MH,Maharashtra,Male,Rural,65-69,None,8.28,6.79,10.10,12668,153000
IN-MH,Maharashtra,Male,Rural,65-69,Primary,6.21,5.09,7.58,9501,153000
IN-MH,Maharashtra,Male,Rural,65-69,Middle,4.73,3.88,5.77,7236,153000
IN-MH,Maharashtra,Male,Rural,65-69,Secondary,3.55,2.91,4.33,5431,153000
IN-MH,Maharashtra,Male,Rural,65-69,Higher,2.66,2.18,3.25,4069,153000
IN-MH,Maharashtra,Male,Rural,70-74,All,9.06,7.43,11.05,69309,765000
IN-MH,Maharashtra,Male,Rural,70-74,None,12.69,10.41,15.48,19415,153000
IN-MH,Maharashtra,Male,Rural,70-74,Primary,9.52,7.81,11.61,14565,153000
IN-MH,Maharashtra,Male,Rural,70-74,Middle,7.25,5.94,8.85,11092,153000
IN-MH,Maharashtra,Male,Rural,70-74,Secondary,5.44,4.46,6.64,8323,153000
IN-MH,Maharashtra,Male,Rural,70-74,Higher,4.08,3.35,4.98,6242,153000
IN-MH,Maharashtra,Male,Rural,75-79,All,13.40,10.99,16.35,102510,765000
IN-MH,Maharashtra,Male,Rural,75-79,None,18.76,15.38,22.89,28702,153000
IN-MH,Maharashtra,Male,Rural,75-79,Primary,14.07,11.54,17.17,21527,153000
IN-MH,Maharashtra,Male,Rural,75-79,Middle,10.72,8.79,13.08,16401,153000
IN-MH,Maharashtra,Male,Rural,75-79,Secondary,8.04,6.59,9.81,12301,153000
IN-MH,Maharashtra,Male,Rural,75-79,Higher,6.03,4.94,7.36,9225,153000
IN-MH,Maharashtra,Male,Rural,80-84,All,18.91,15.51,23.07,144661,765000
IN-MH,Maharashtra,Male,Rural,80-84,None,26.48,21.71,32.31,40514,153000
IN-MH,Maharashtra,Male,Rural,80-84,Primary,19.86,16.29,24.23,30385,153000
IN-MH,Maharashtra,Male,Rural,80-84,Middle,15.13,12.41,18.46,23148,153000
IN-MH,Maharashtra,Male,Rural,80-84,Secondary,11.35,9.31,13.85,17365,153000
IN-MH,Maharashtra,Male,Rural,80-84,Higher,8.51,6.98,10.38,13020,153000
IN-MH,Maharashtra,Male,Rural,85+,All,26.01,21.33,31.73,198976,765000
IN-MH,Maharashtra,Male,Rural,85+,None,35.00,28.70,42.70,53550,153000
IN-MH,Maharashtra,Male,Rural,85+,Primary,27.31,22.39,33.32,41784,153000
IN-MH,Maharashtra,Male,Rural,85+,Middle,20.81,17.06,25.39,31839,153000
IN-MH,Maharashtra,Male,Rural,85+,Secondary,15.60,12.79,19.03,23868,153000
IN-MH,Maharashtra,Male,Rural,85+,Higher,11.70,9.59,14.27,17901,153000
IN-MH,Maharashtra,Female,All,60+,All,8.74,7.17,10.66,546250,6250000
IN-MH,Maharashtra,Female,All,60+,None,12.24,10.04,14.93,153000,1250000
IN-MH,Maharashtra,Female,All,60+,Primary,9.18,7.53,11.20,114749,1250000
IN-MH,Maharashtra,Female,All,60+,Middle,6.99,5.73,8.53,87375,1250000
IN-MH,Maharashtra,Female,All,60+,Secondary,5.24,4.30,6.39,65500,1250000
IN-MH,Maharashtra,Female,All,60+,Higher,3.93,3.22,4.79,49125,1250000
IN-MH,Maharashtra,Female,All,60-64,All,3.93,3.22,4.79,44212,1125000
IN-MH,Maharashtra,Female,All,60-64,None,5.51,4.52,6.72,12397,224999
IN-MH,Maharashtra,Female,All,60-64,Primary,4.13,3.39,5.04,9292,224999
IN-MH,Maharashtra,Female,All,60-64,Middle,3.15,2.58,3.84,7087,224999
IN-MH,Maharashtra,Female,All,60-64,Secondary,2.36,1.94,2.88,5309,224999
IN-MH,Maharashtra,Female,All,60-64,Higher,1.77,1.45,2.16,3982,224999
IN-MH,Maharashtra,Female,All,65-69,All,6.55,5.37,7.99,73687,1125000
IN-MH,Maharashtra,Female,All,65-69,None,9.18,7.53,11.20,20654,224999
IN-MH,Maharashtra,Female,All,65-69,Primary,6.88,5.64,8.39,15479,224999
IN-MH,Maharashtra,Female,All,65-69,Middle,5.24,4.30,6.39,11789,224999
IN-MH,Maharashtra,Female,All,65-69,Secondary,3.93,3.22,4.79,8842,224999
IN-MH,Maharashtra,Female,All,65-69,Higher,2.95,2.42,3.60,6637,224999
IN-MH,Maharashtra,Female,All,70-74,All,10.05,8.24,12.26,113062,1125000
IN-MH,Maharashtra,Female,All,70-74,None,14.07,11.54,17.17,31657,224999
IN-MH,Maharashtra,Female,All,70-74,Primary,10.55,8.65,12.87,23737,224999
IN-MH,Maharashtra,Female,All,70-74,Middle,8.04,6.59,9.81,18089,224999
IN-MH,Maharashtra,Female,All,70-74,Secondary,6.03,4.94,7.36,13567,224999
IN-MH,Maharashtra,Female,All,70-74,Higher,4.52,3.71,5.51,10169,224999
IN-MH,Maharashtra,Female,All,75-79,All,14.86,12.19,18.13,167174,1125000
IN-MH,Maharashtra,Female,All,75-79,None,20.80,17.06,25.38,46799,224999
IN-MH,Maharashtra,Female,All,75-79,Primary,15.60,12.79,19.03,35099,224999
IN-MH,Maharashtra,Female,All,75-79,Middle,11.89,9.75,14.51,26752,224999
IN-MH,Maharashtra,Female,All,75-79,Secondary,8.91,7.31,10.87,20047,224999
IN-MH,Maharashtra,Female,All,75-79,Higher,6.69,5.49,8.16,15052,224999
IN-MH,Maharashtra,Female,All,80-84,All,20.98,17.20,25.60,236025,1125000
IN-MH,Maharashtra,Female,All,80-84,None,29.37,24.08,35.83,66082,224999
IN-MH,Maharashtra,Female,All,80-84,Primary,22.02,18.06,26.86,49544,224999
IN-MH,Maharashtra,Female,All,80-84,Middle,16.78,13.76,20.47,37754,224999
IN-MH,Maharashtra,Female,All,80-84,Secondary,12.59,10.32,15.36,28327,224999
IN-MH,Maharashtra,Female,All,80-84,Higher,9.44,7.74,11.52,21239,224999
IN-MH,Maharashtra,Female,All,85+,All,28.84,23.65,35.18,324450,1125000
IN-MH,Maharashtra,Female,All,85+,None,35.00,28.70,42.70,78749,224999
IN-MH,Maharashtra,Female,All,85+,Primary,30.28,24.83,36.94,68129,224999
IN-MH,Maharashtra,Female,All,85+,Middle,23.07,18.92,28.15,51907,224999
IN-MH,Maharashtra,Female,All,85+,Secondary,17.31,14.19,21.12,38947,224999
IN-MH,Maharashtra,Female,All,85+,Higher,12.98,10.64,15.84,29204,224999
IN-MH,Maharashtra,Female,Urban,60+,All,7.17,5.88,8.75,143400,2000000
IN-MH,Maharashtra,Female,Urban,60+,None,10.03,8.22,12.24,40120,400000
IN-MH,Maharashtra,Female,Urban,60+,Primary,7.53,6.17,9.19,30120,400000
IN-MH,Maharashtra,Female,Urban,60+,Middle,5.73,4.70,6.99,22920,400000
IN-MH,Maharashtra,Female,Urban,60+,Secondary,4.30,3.53,5.25,17200,400000
IN-MH,Maharashtra,Female,Urban,60+,Higher,3.23,2.65,3.94,12920,400000
IN-MH,Maharashtra,Female,Urban,60-64,All,3.23,2.65,3.94,11628,360000
IN-MH,Maharashtra,Female,Urban,60-64,None,4.52,3.71,5.51,3254,72000
IN-MH,Maharashtra,Female,Urban,60-64,Primary,3.39,2.78,4.14,2440,72000
IN-MH,Maharashtra,Female,Urban,60-64,Middle,2.58,2.12,3.15,1857,72000
IN-MH,Maharashtra,Female,Urban,60-64,Secondary,1.94,1.59,2.37,1396,72000
IN-MH,Maharashtra,Female,Urban,60-64,Higher,1.45,1.19,1.77,1044,72000
IN-MH,Maharashtra,Female,Urban,65-69,All,5.38,4.41,6.56,19368,360000
IN-MH,Maharashtra,Female,Urban,65-69,None,7.53,6.17,9.19,5421,72000
IN-MH,Maharashtra,Female,Urban,65-69,Primary,5.64,4.62,6.88,4060,72000
IN-MH,Maharashtra,Female,Urban,65-69,Middle,4.30,3.53,5.25,3095,72000
IN-MH,Maharashtra,Female,Urban,65-69,Secondary,3.23,2.65,3.94,2325,72000
IN-MH,Maharashtra,Female,Urban,65-69,Higher,2.42,1.98,2.95,1742,72000
IN-MH,Maharashtra,Female,Urban,70-74,All,8.24,6.76,10.05,29664,360000
IN-MH,Maharashtra,Female,Urban,70-74,None,11.54,9.46,14.08,8308,72000
IN-MH,Maharashtra,Female,Urban,70-74,Primary,8.65,7.09,10.55,6228,72000
IN-MH,Maharashtra,Female,Urban,70-74,Middle,6.59,5.40,8.04,4744,72000
IN-MH,Maharashtra,Female,Urban,70-74,Secondary,4.95,4.06,6.04,3564,72000
IN-MH,Maharashtra,Female,Urban,70-74,Higher,3.71,3.04,4.53,2671,72000
IN-MH,Maharashtra,Female,Urban,75-79,All,12.18,9.99,14.86,43848,360000
IN-MH,Maharashtra,Female,Urban,75-79,None,17.06,13.99,20.81,12283,72000
IN-MH,Maharashtra,Female,Urban,75-79,Primary,12.79,10.49,15.60,9208,72000
IN-MH,Maharashtra,Female,Urban,75-79,Middle,9.75,7.99,11.90,7020,72000
IN-MH,Maharashtra,Female,Urban,75-79,Secondary,7.31,5.99,8.92,5263,72000
IN-MH,Maharashtra,Female,Urban,75-79,Higher,5.48,4.49,6.69,3945,72000
IN-MH,Maharashtra,Female,Urban,80-84,All,17.20,14.10,20.98,61919,360000
IN-MH,Maharashtra,Female,Urban,80-84,None,24.08,19.75,29.38,17337,72000
IN-MH,Maharashtra,Female,Urban,80-84,Primary,18.06,14.81,22.03,13003,72000
IN-MH,Maharashtra,Female,Urban,80-84,Middle,13.76,11.28,16.79,9907,72000
IN-MH,Maharashtra,Female,Urban,80-84,Secondary,10.32,8.46,12.59,7430,72000
IN-MH,Maharashtra,Female,Urban,80-84,Higher,7.74,6.35,9.44,5572,72000
IN-MH,Maharashtra,Female,Urban,85+,All,23.65,19.39,28.85,85140,360000
IN-MH,Maharashtra,Female,Urban,85+,None,33.11,27.15,40.39,23839,72000
IN-MH,Maharashtra,Female,Urban,85+,Primary,24.83,20.36,30.29,17877,72000
IN-MH,Maharashtra,Female,Urban,85+,Middle,18.92,15.51,23.08,13622,72000
IN-MH,Maharashtra,Female,Urban,85+,Secondary,14.19,11.64,17.31,10216,72000
IN-MH,Maharashtra,Female,Urban,85+,Higher,10.64,8.72,12.98,7660,72000
IN-MH,Maharashtra,Female,Rural,60+,All,10.66,8.74,13.01,453050,4250000
IN-MH,Maharashtra,Female,Rural,60+,None,14.93,12.24,18.21,126904,850000
IN-MH,Maharashtra,Female,Rural,60+,Primary,11.20,9.18,13.66,95199,850000
IN-MH,Maharashtra,Female,Rural,60+,Middle,8.53,6.99,10.41,72504,850000
IN-MH,Maharashtra,Female,Rural,60+,Secondary,6.40,5.25,7.81,54400,850000
IN-MH,Maharashtra,Female,Rural,60+,Higher,4.80,3.94,5.86,40800,850000
IN-MH,Maharashtra,Female,Rural,60-64,All,4.80,3.94,5.86,36720,765000
IN-MH,Maharashtra,Female,Rural,60-64,None,6.72,5.51,8.20,10281,153000
IN-MH,Maharashtra,Female,Rural,60-64,Primary,5.04,4.13,6.15,7711,153000
IN-MH,Maharashtra,Female,Rural,60-64,Middle,3.84,3.15,4.68,5875,153000
IN-MH,Maharashtra,Female,Rural,60-64,Secondary,2.88,2.36,3.51,4406,153000
IN-MH,Maharashtra,Female,Rural,60-64,Higher,2.16,1.77,2.64,3304,153000
IN-MH,Maharashtra,Female,Rural,65-69,All,8.00,6.56,9.76,61200,765000
IN-MH,Maharashtra,Female,Rural,65-69,None,11.20,9.18,13.66,17136,153000
IN-MH,Maharashtra,Female,Rural,65-69,Primary,8.40,6.89,10.25,12852,153000
IN-MH,Maharashtra,Female,Rural,65-69,Middle,6.40,5.25,7.81,9792,153000
IN-MH,Maharashtra,Female,Rural,65-69,Secondary,4.80,3.94,5.86,7344,153000
IN-MH,Maharashtra,Female,Rural,65-69,Higher,3.60,2.95,4.39,5508,153000
IN-MH,Maharashtra,Female,Rural,70-74,All,12.26,10.05,14.96,93789,765000
IN-MH,Maharashtra,Female,Rural,70-74,None,17.17,14.08,20.95,26270,153000
IN-MH,Maharashtra,Female,Rural,70-74,Primary,12.88,10.56,15.71,19706,153000
IN-MH,Maharashtra,Female,Rural,70-74,Middle,9.81,8.04,11.97,15009,153000
IN-MH,Maharashtra,Female,Rural,70-74,Secondary,7.36,6.04,8.98,11260,153000
IN-MH,Maharashtra,Female,Rural,70-74,Higher,5.52,4.53,6.73,8445,153000
IN-MH,Maharashtra,Female,Rural,75-79,All,18.13,14.87,22.12,138694,765000
IN-MH,Maharashtra,Female,Rural,75-79,None,25.38,20.81,30.96,38831,153000
IN-MH,Maharashtra,Female,Rural,75-79,Primary,19.03,15.60,23.22,29115,153000
IN-MH,Maharashtra,Female,Rural,75-79,Middle,14.50,11.89,17.69,22185,153000
IN-MH,Maharashtra,Female,Rural,75-79,Secondary,10.88,8.92,13.27,16646,153000
IN-MH,Maharashtra,Female,Rural,75-79,Higher,8.16,6.69,9.96,12484,153000
IN-MH,Maharashtra,Female,Rural,80-84,All,25.59,20.98,31.22,195763,765000
IN-MH,Maharashtra,Female,Rural,80-84,None,35.00,28.70,42.70,53550,153000
IN-MH,Maharashtra,Female,Rural,80-84,Primary,26.87,22.03,32.78,41111,153000
IN-MH,Maharashtra,Female,Rural,80-84,Middle,20.47,16.79,24.97,31319,153000
IN-MH,Maharashtra,Female,Rural,80-84,Secondary,15.35,12.59,18.73,23485,153000
IN-MH,Maharashtra,Female,Rural,80-84,Higher,11.52,9.45,14.05,17625,153000
IN-MH,Maharashtra,Female,Rural,85+,All,35.00,28.70,42.70,267750,765000
IN-MH,Maharashtra,Female,Rural,85+,None,35.00,28.70,42.70,53550,153000
IN-MH,Maharashtra,Female,Rural,85+,Primary,35.00,28.70,42.70,53550,153000
IN-MH,Maharashtra,Female,Rural,85+,Middle,28.15,23.08,34.34,43069,153000
IN-MH,Maharashtra,Female,Rural,85+,Secondary,21.11,17.31,25.75,32298,153000
IN-MH,Maharashtra,Female,Rural,85+,Higher,15.83,12.98,19.31,24219,153000
IN-WB,West Bengal,Both,All,60+,All,7.40,6.07,9.03,725200,9800000
IN-WB,West Bengal,Both,All,60+,None,10.36,8.50,12.64,203056,1960000
IN-WB,West Bengal,Both,All,60+,Primary,7.77,6.37,9.48,152291,1960000
IN-WB,West Bengal,Both,All,60+,Middle,5.92,4.85,7.22,116032,1960000
IN-WB,West Bengal,Both,All,60+,Secondary,4.44,3.64,5.42,87024,1960000
IN-WB,West Bengal,Both,All,60+,Higher,3.33,2.73,4.06,65268,1960000
IN-WB,West Bengal,Both,All,60-64,All,3.33,2.73,4.06,58741,1764000
IN-WB,West Bengal,Both,All,60-64,None,4.66,3.82,5.69,16440,352800
IN-WB,West Bengal,Both,All,60-64,Primary,3.50,2.87,4.27,12348,352800
IN-WB,West Bengal,Both,All,60-64,Middle,2.66,2.18,3.25,9384,352800
IN-WB,West Bengal,Both,All,60-64,Secondary,2.00,1.64,2.44,7056,352800
IN-WB,West Bengal,Both,All,60-64,Higher,1.50,1.23,1.83,5292,352800
IN-WB,West Bengal,Both,All,65-69,All,5.55,4.55,6.77,97902,1764000
IN-WB,West Bengal,Both,All,65-69,None,7.77,6.37,9.48,27412,352800
IN-WB,West Bengal,Both,All,65-69,Primary,5.83,4.78,7.11,20568,352800
IN-WB,West Bengal,Both,All,65-69,Middle,4.44,3.64,5.42,15664,352800
IN-WB,West Bengal,Both,All,65-69,Secondary,3.33,2.73,4.06,11748,352800
IN-WB,West Bengal,Both,All,65-69,Higher,2.50,2.05,3.05,8820,352800
IN-WB,West Bengal,Both,All,70-74,All,8.51,6.98,10.38,150116,1764000
IN-WB,West Bengal,Both,All,70-74,None,11.91,9.77,14.53,42018,352800
IN-WB,West Bengal,Both,All,70-74,Primary,8.94,7.33,10.91,31540,352800
IN-WB,West Bengal,Both,All,70-74,Middle,6.81,5.58,8.31,24025,352800
IN-WB,West Bengal,Both,All,70-74,Secondary,5.11,4.19,6.23,18028,352800
IN-WB,West Bengal,Both,All,70-74,Higher,3.83,3.14,4.67,13512,352800
IN-WB,West Bengal,Both,All,75-79,All,12.58,10.32,15.35,221911,1764000
IN-WB,West Bengal,Both,All,75-79,None,17.61,14.44,21.48,62128,352800
IN-WB,West Bengal,Both,All,75-79,Primary,13.21,10.83,16.12,46604,352800
IN-WB,West Bengal,Both,All,75-79,Middle,10.06,8.25,12.27,35491,352800
IN-WB,West Bengal,Both,All,75-79,Secondary,7.55,6.19,9.21,26636,352800
IN-WB,West Bengal,Both,All,75-79,Higher,5.66,4.64,6.91,19968,352800
IN-WB,West Bengal,Both,All,80-84,All,17.76,14.56,21.67,313286,1764000
IN-WB,West Bengal,Both,All,80-84,None,24.86,20.39,30.33,87706,352800
IN-WB,West Bengal,Both,All,80-84,Primary,18.65,15.29,22.75,65797,352800
IN-WB,West Bengal,Both,All,80-84,Middle,14.21,11.65,17.34,50132,352800
IN-WB,West Bengal,Both,All,80-84,Secondary,10.66,8.74,13.01,37608,352800
IN-WB,West Bengal,Both,All,80-84,Higher,7.99,6.55,9.75,28188,352800
IN-WB,West Bengal,Both,All,85+,All,24.42,20.02,29.79,430768,1764000
IN-WB,West Bengal,Both,All,85+,None,34.19,28.04,41.71,120622,352800
IN-WB,West Bengal,Both,All,85+,Primary,25.64,21.02,31.28,90457,352800
IN-WB,West Bengal,Both,All,85+,Middle,19.54,16.02,23.84,68937,352800
IN-WB,West Bengal,Both,All,85+,Secondary,14.65,12.01,17.87,51685,352800
IN-WB,West Bengal,Both,All,85+,Higher,10.99,9.01,13.41,38772,352800
IN-WB,West Bengal,Both,Urban,60+,All,6.07,4.98,7.41,190355,3136000
IN-WB,West Bengal,Both,Urban,60+,None,8.50,6.97,10.37,53312,627200
IN-WB,West Bengal,Both,Urban,60+,Primary,6.37,5.22,7.77,39952,627200
IN-WB,West Bengal,Both,Urban,60+,Middle,4.85,3.98,5.92,30419,627200
IN-WB,West Bengal,Both,Urban,60+,Secondary,3.64,2.98,4.44,22830,627200
IN-WB,West Bengal,Both,Urban,60+,Higher,2.73,2.24,3.33,17122,627200
IN-WB,West Bengal,Both,Urban,60-64,All,2.73,2.24,3.33,15410,564480
IN-WB,West Bengal,Both,Urban,60-64,None,3.82,3.13,4.66,4312,112896
IN-WB,West Bengal,Both,Urban,60-64,Primary,2.87,2.35,3.50,3240,112896
IN-WB,West Bengal,Both,Urban,60-64,Middle,2.18,1.79,2.66,2461,112896
IN-WB,West Bengal,Both,Urban,60-64,Secondary,1.64,1.34,2.00,1851,112896
IN-WB,West Bengal,Both,Urban,60-64,Higher,1.23,1.01,1.50,1388,112896
IN-WB,West Bengal,Both,Urban,65-69,All,4.55,3.73,5.55,25683,564480
IN-WB,West Bengal,Both,Urban,65-69,None,6.37,5.22,7.77,7191,112896
IN-WB,West Bengal,Both,Urban,65-69,Primary,4.78,3.92,5.83,5396,112896
IN-WB,West Bengal,Both,Urban,65-69,Middle,3.64,2.98,4.44,4109,112896
IN-WB,West Bengal,Both,Urban,65-69,Secondary,2.73,2.24,3.33,3082,112896
IN-WB,West Bengal,Both,Urban,65-69,Higher,2.05,1.68,2.50,2314,112896
IN-WB,West Bengal,Both,Urban,70-74,All,6.98,5.72,8.52,39400,564480
IN-WB,West Bengal,Both,Urban,70-74,None,9.77,8.01,11.92,11029,112896
IN-WB,West Bengal,Both,Urban,70-74,Primary,7.33,6.01,8.94,8275,112896
IN-WB,West Bengal,Both,Urban,70-74,Middle,5.58,4.58,6.81,6299,112896
IN-WB,West Bengal,Both,Urban,70-74,Secondary,4.19,3.44,5.11,4730,112896
IN-WB,West Bengal,Both,Urban,70-74,Higher,3.14,2.57,3.83,3544,112896
IN-WB,West Bengal,Both,Urban,75-79,All,10.32,8.46,12.59,58254,564480
IN-WB,West Bengal,Both,Urban,75-79,None,14.44,11.84,17.62,16302,112896
IN-WB,West Bengal,Both,Urban,75-79,Primary,10.83,8.88,13.21,12226,112896
IN-WB,West Bengal,Both,Urban,75-79,Middle,8.25,6.77,10.07,9313,112896
IN-WB,West Bengal,Both,Urban,75-79,Secondary,6.19,5.08,7.55,6988,112896
IN-WB,West Bengal,Both,Urban,75-79,Higher,4.64,3.80,5.66,5238,112896
IN-WB,West Bengal,Both,Urban,80-84,All,14.56,11.94,17.76,82188,564480
IN-WB,West Bengal,Both,Urban,80-84,None,20.39,16.72,24.88,23019,112896
IN-WB,West Bengal,Both,Urban,80-84,Primary,15.29,12.54,18.65,17261,112896
IN-WB,West Bengal,Both,Urban,80-84,Middle,11.65,9.55,14.21,13152,112896
IN-WB,West Bengal,Both,Urban,80-84,Secondary,8.74,7.17,10.66,9867,112896
IN-WB,West Bengal,Both,Urban,80-84,Higher,6.55,5.37,7.99,7394,112896
IN-WB,West Bengal,Both,Urban,85+,All,20.02,16.42,24.42,113008,564480
IN-WB,West Bengal,Both,Urban,85+,None,28.03,22.98,34.20,31644,112896
IN-WB,West Bengal,Both,Urban,85+,Primary,21.03,17.24,25.66,23742,112896
IN-WB,West Bengal,Both,Urban,85+,Middle,16.02,13.14,19.54,18085,112896
IN-WB,West Bengal,Both,Urban,85+,Secondary,12.01,9.85,14.65,13558,112896
IN-WB,West Bengal,Both,Urban,85+,Higher,9.01,7.39,10.99,10171,112896
IN-WB,West Bengal,Both,Rural,60+,All,9.03,7.40,11.02,601759,6664000
IN-WB,West Bengal,Both,Rural,60+,None,12.64,10.36,15.42,168465,1332800
IN-WB,West Bengal,Both,Rural,60+,Primary,9.48,7.77,11.57,126349,1332800
IN-WB,West Bengal,Both,Rural,60+,Middle,7.22,5.92,8.81,96228,1332800
IN-WB,West Bengal,Both,Rural,60+,Secondary,5.42,4.44,6.61,72237,1332800
IN-WB,West Bengal,Both,Rural,60+,Higher,4.06,3.33,4.95,54111,1332800
IN-WB,West Bengal,Both,Rural,60-64,All,4.06,3.33,4.95,48700,1199520
IN-WB,West Bengal,Both,Rural,60-64,None,5.69,4.67,6.94,13650,239904
IN-WB,West Bengal,Both,Rural,60-64,Primary,4.27,3.50,5.21,10243,239904
IN-WB,West Bengal,Both,Rural,60-64,Middle,3.25,2.67,3.97,7796,239904
IN-WB,West Bengal,Both,Rural,60-64,Secondary,2.44,2.00,2.98,5853,239904
IN-WB,West Bengal,Both,Rural,60-64,Higher,1.83,1.50,2.23,4390,239904
IN-WB,West Bengal,Both,Rural,65-69,All,6.77,5.55,8.26,81207,1199520
IN-WB,West Bengal,Both,Rural,65-69,None,9.48,7.77,11.57,22742,239904
IN-WB,West Bengal,Both,Rural,65-69,Primary,7.11,5.83,8.67,17057,239904
IN-WB,West Bengal,Both,Rural,65-69,Middle,5.42,4.44,6.61,13002,239904
IN-WB,West Bengal,Both,Rural,65-69,Secondary,4.06,3.33,4.95,9740,239904
IN-WB,West Bengal,Both,Rural,65-69,Higher,3.05,2.50,3.72,7317,239904
IN-WB,West Bengal,Both,Rural,70-74,All,10.38,8.51,12.66,124510,1199520
IN-WB,West Bengal,Both,Rural,70-74,None,14.54,11.92,17.74,34882,239904
IN-WB,West Bengal,Both,Rural,70-74,Primary,10.90,8.94,13.30,26149,239904
IN-WB,West Bengal,Both,Rural,70-74,Middle,8.31,6.81,10.14,19936,239904
IN-WB,West Bengal,Both,Rural,70-74,Secondary,6.23,5.11,7.60,14946,239904
IN-WB,West Bengal,Both,Rural,70-74,Higher,4.67,3.83,5.70,11203,239904
IN-WB,West Bengal,Both,Rural,75-79,All,15.35,12.59,18.73,184126,1199520
IN-WB,West Bengal,Both,Rural,75-79,None,21.49,17.62,26.22,51555,239904
IN-WB,West Bengal,Both,Rural,75-79,Primary,16.11,13.21,19.65,38648,239904
IN-WB,West Bengal,Both,Rural,75-79,Middle,12.28,10.07,14.98,29460,239904
IN-WB,West Bengal,Both,Rural,75-79,Secondary,9.21,7.55,11.24,22095,239904
IN-WB,West Bengal,Both,Rural,75-79,Higher,6.91,5.67,8.43,16577,239904
IN-WB,West Bengal,Both,Rural,80-84,All,21.67,17.77,26.44,259935,1199520
IN-WB,West Bengal,Both,Rural,80-84,None,30.33,24.87,37.00,72762,239904
IN-WB,West Bengal,Both,Rural,80-84,Primary,22.75,18.65,27.76,54578,239904
IN-WB,West Bengal,Both,Rural,80-84,Middle,17.33,14.21,21.14,41575,239904
IN-WB,West Bengal,Both,Rural,80-84,Secondary,13.00,10.66,15.86,31187,239904
IN-WB,West Bengal,Both,Rural,80-84,Higher,9.75,7.99,11.90,23390,239904
IN-WB,West Bengal,Both,Rural,85+,All,29.79,24.43,36.34,357337,1199520
IN-WB,West Bengal,Both,Rural,85+,None,35.00,28.70,42.70,83966,239904
IN-WB,West Bengal,Both,Rural,85+,Primary,31.28,25.65,38.16,75041,239904
IN-WB,West Bengal,Both,Rural,85+,Middle,23.83,19.54,29.07,57169,239904
IN-WB,West Bengal,Both,Rural,85+,Secondary,17.88,14.66,21.81,42894,239904
IN-WB,West Bengal,Both,Rural,85+,Higher,13.41,11.00,16.36,32171,239904
IN-WB,West Bengal,Male,All,60+,All,6.29,5.16,7.67,308210,4900000
IN-WB,West Bengal,Male,All,60+,None,8.81,7.22,10.75,86338,980000
IN-WB,West Bengal,Male,All,60+,Primary,6.60,5.41,8.05,64680,980000
IN-WB,West Bengal,Male,All,60+,Middle,5.03,4.12,6.14,49294,980000
IN-WB,West Bengal,Male,All,60+,Secondary,3.77,3.09,4.60,36946,980000
IN-WB,West Bengal,Male,All,60+,Higher,2.83,2.32,3.45,27734,980000
IN-WB,West Bengal,Male,All,60-64,All,2.83,2.32,3.45,24960,882000
IN-WB,West Bengal,Male,All,60-64,None,3.96,3.25,4.83,6985,176400
IN-WB,West Bengal,Male,All,60-64,Primary,2.97,2.44,3.62,5239,176400
IN-WB,West Bengal,Male,All,60-64,Middle,2.26,1.85,2.76,3986,176400
IN-WB,West Bengal,Male,All,60-64,Secondary,1.70,1.39,2.07,2998,176400
IN-WB,West Bengal,Male,All,60-64,Higher,1.27,1.04,1.55,2240,176400
IN-WB,West Bengal,Male,All,65-69,All,4.72,3.87,5.76,41630,882000
IN-WB,West Bengal,Male,All,65-69,None,6.60,5.41,8.05,11642,176400
IN-WB,West Bengal,Male,All,65-69,Primary,4.95,4.06,6.04,8731,176400
IN-WB,West Bengal,Male,All,65-69,Middle,3.77,3.09,4.60,6650,176400
IN-WB,West Bengal,Male,All,65-69,Secondary,2.83,2.32,3.45,4992,176400
IN-WB,West Bengal,Male,All,65-69,Higher,2.12,1.74,2.59,3739,176400
IN-WB,West Bengal,Male,All,70-74,All,7.23,5.93,8.82,63768,882000
IN-WB,West Bengal,Male,All,70-74,None,10.13,8.31,12.36,17869,176400
IN-WB,West Bengal,Male,All,70-74,Primary,7.60,6.23,9.27,13406,176400
IN-WB,West Bengal,Male,All,70-74,Middle,5.79,4.75,7.06,10213,176400
IN-WB,West Bengal,Male,All,70-74,Secondary,4.34,3.56,5.29,7655,176400
IN-WB,West Bengal,Male,All,70-74,Higher,3.26,2.67,3.98,5750,176400
IN-WB,West Bengal,Male,All,75-79,All,10.69,8.77,13.04,94285,882000
IN-WB,West Bengal,Male,All,75-79,None,14.97,12.28,18.26,26407,176400
IN-WB,West Bengal,Male,All,75-79,Primary,11.23,9.21,13.70,19809,176400
IN-WB,West Bengal,Male,All,75-79,Middle,8.55,7.01,10.43,15082,176400
IN-WB,West Bengal,Male,All,75-79,Secondary,6.42,5.26,7.83,11324,176400
IN-WB,West Bengal,Male,All,75-79,Higher,4.81,3.94,5.87,8484,176400
IN-WB,West Bengal,Male,All,80-84,All,15.10,12.38,18.42,133182,882000
IN-WB,West Bengal,Male,All,80-84,None,21.13,17.33,25.78,37273,176400
IN-WB,West Bengal,Male,All,80-84,Primary,15.85,13.00,19.34,27959,176400
IN-WB,West Bengal,Male,All,80-84,Middle,12.08,9.91,14.74,21309,176400
IN-WB,West Bengal,Male,All,80-84,Secondary,9.06,7.43,11.05,15981,176400
IN-WB,West Bengal,Male,All,80-84,Higher,6.79,5.57,8.28,11977,176400
IN-WB,West Bengal,Male,All,85+,All,20.76,17.02,25.33,183103,882000
IN-WB,West Bengal,Male,All,85+,None,29.06,23.83,35.45,51261,176400
IN-WB,West Bengal,Male,All,85+,Primary,21.79,17.87,26.58,38437,176400
IN-WB,West Bengal,Male,All,85+,Middle,16.61,13.62,20.26,29300,176400
IN-WB,West Bengal,Male,All,85+,Secondary,12.45,10.21,15.19,21961,176400
IN-WB,West Bengal,Male,All,85+,Higher,9.34,7.66,11.39,16475,176400
IN-WB,West Bengal,Male,Urban,60+,All,5.16,4.23,6.30,80908,1568000
IN-WB,West Bengal,Male,Urban,60+,None,7.22,5.92,8.81,22641,313600
IN-WB,West Bengal,Male,Urban,60+,Primary,5.42,4.44,6.61,16997,313600
IN-WB,West Bengal,Male,Urban,60+,Middle,4.13,3.39,5.04,12951,313600
IN-WB,West Bengal,Male,Urban,60+,Secondary,3.09,2.53,3.77,9690,313600
IN-WB,West Bengal,Male,Urban,60+,Higher,2.32,1.90,2.83,7275,313600
IN-WB,West Bengal,Male,Urban,60-64,All,2.32,1.90,2.83,6547,282240
IN-WB,West Bengal,Male,Urban,60-64,None,3.25,2.67,3.97,1834,56448
IN-WB,West Bengal,Male,Urban,60-64,Primary,2.44,2.00,2.98,1377,56448
IN-WB,West Bengal,Male,Urban,60-64,Middle,1.86,1.53,2.27,1049,56448
IN-WB,West Bengal,Male,Urban,60-64,Secondary,1.39,1.14,1.70,784,56448
IN-WB,West Bengal,Male,Urban,60-64,Higher,1.04,0.85,1.27,587,56448
IN-WB,West Bengal,Male,Urban,65-69,All,3.87,3.17,4.72,10922,282240
IN-WB,West Bengal,Male,Urban,65-69,None,5.42,4.44,6.61,3059,56448
IN-WB,West Bengal,Male,Urban,65-69,Primary,4.06,3.33,4.95,2291,56448
IN-WB,West Bengal,Male,Urban,65-69,Middle,3.09,2.53,3.77,1744,56448
IN-WB,West Bengal,Male,Urban,65-69,Secondary,2.32,1.90,2.83,1309,56448
IN-WB,West Bengal,Male,Urban,65-69,Higher,1.74,1.43,2.12,982,56448
IN-WB,West Bengal,Male,Urban,70-74,All,5.93,4.86,7.23,16736,282240
IN-WB,West Bengal,Male,Urban,70-74,None,8.30,6.81,10.13,4685,56448
IN-WB,West Bengal,Male,Urban,70-74,Primary,6.23,5.11,7.60,3516,56448
IN-WB,West Bengal,Male,Urban,70-74,Middle,4.75,3.89,5.80,2681,56448
IN-WB,West Bengal,Male,Urban,70-74,Secondary,3.56,2.92,4.34,2009,56448
IN-WB,West Bengal,Male,Urban,70-74,Higher,2.67,2.19,3.26,1507,56448
IN-WB,West Bengal,Male,Urban,75-79,All,8.77,7.19,10.70,24752,282240
IN-WB,West Bengal,Male,Urban,75-79,None,12.28,10.07,14.98,6931,56448
IN-WB,West Bengal,Male,Urban,75-79,Primary,9.21,7.55,11.24,5198,56448
IN-WB,West Bengal,Male,Urban,75-79,Middle,7.01,5.75,8.55,3957,56448
IN-WB,West Bengal,Male,Urban,75-79,Secondary,5.26,4.31,6.42,2969,56448
IN-WB,West Bengal,Male,Urban,75-79,Higher,3.95,3.24,4.82,2229,56448
IN-WB,West Bengal,Male,Urban,80-84,All,12.38,10.15,15.10,34941,282240
IN-WB,West Bengal,Male,Urban,80-84,None,17.33,14.21,21.14,9782,56448
IN-WB,West Bengal,Male,Urban,80-84,Primary,13.00,10.66,15.86,7338,56448
IN-WB,West Bengal,Male,Urban,80-84,Middle,9.90,8.12,12.08,5588,56448
IN-WB,West Bengal,Male,Urban,80-84,Secondary,7.43,6.09,9.06,4194,56448
IN-WB,West Bengal,Male,Urban,80-84,Higher,5.57,4.57,6.80,3144,56448
IN-WB,West Bengal,Male,Urban,85+,All,17.02,13.96,20.76,48037,282240
IN-WB,West Bengal,Male,Urban,85+,None,23.83,19.54,29.07,13451,56448
IN-WB,West Bengal,Male,Urban,85+,Primary,17.87,14.65,21.80,10087,56448
IN-WB,West Bengal,Male,Urban,85+,Middle,13.62,11.17,16.62,7688,56448
IN-WB,West Bengal,Male,Urban,85+,Secondary,10.21,8.37,12.46,5763,56448
IN-WB,West Bengal,Male,Urban,85+,Higher,7.66,6.28,9.35,4323,56448
IN-WB,West Bengal,Male,Rural,60+,All,7.67,6.29,9.36,255564,3332000
IN-WB,West Bengal,Male,Rural,60+,None,10.74,8.81,13.10,71571,666400
IN-WB,West Bengal,Male,Rural,60+,Primary,8.06,6.61,9.83,53711,666400
IN-WB,West Bengal,Male,Rural,60+,Middle,6.14,5.03,7.49,40916,666400
IN-WB,West Bengal,Male,Rural,60+,Secondary,4.60,3.77,5.61,30654,666400
IN-WB,West Bengal,Male,Rural,60+,Higher,3.45,2.83,4.21,22990,666400
IN-WB,West Bengal,Male,Rural,60-64,All,3.45,2.83,4.21,20691,599760
IN-WB,West Bengal,Male,Rural,60-64,None,4.83,3.96,5.89,5793,119952
IN-WB,West Bengal,Male,Rural,60-64,Primary,3.63,2.98,4.43,4354,119952
IN-WB,West Bengal,Male,Rural,60-64,Middle,2.76,2.26,3.37,3310,119952
IN-WB,West Bengal,Male,Rural,60-64,Secondary,2.07,1.70,2.53,2483,119952
IN-WB,West Bengal,Male,Rural,60-64,Higher,1.55,1.27,1.89,1859,119952
IN-WB,West Bengal,Male,Rural,65-69,All,5.76,4.72,7.03,34546,599760
IN-WB,West Bengal,Male,Rural,65-69,None,8.06,6.61,9.83,9668,119952
IN-WB,West Bengal,Male,Rural,65-69,Primary,6.04,4.95,7.37,7245,119952
IN-WB,West Bengal,Male,Rural,65-69,Middle,4.60,3.77,5.61,5517,119952
IN-WB,West Bengal,Male,Rural,65-69,Secondary,3.45,2.83,4.21,4138,119952
IN-WB,West Bengal,Male,Rural,65-69,Higher,2.59,2.12,3.16,3106,119952
IN-WB,West Bengal,Male,Rural,70-74,All,8.82,7.23,10.76,52898,599760
IN-WB,West Bengal,Male,Rural,70-74,None,12.35,10.13,15.07,14814,119952
IN-WB,West Bengal,Male,Rural,70-74,Primary,9.27,7.60,11.31,11119,119952
IN-WB,West Bengal,Male,Rural,70-74,Middle,7.06,5.79,8.61,8468,119952
IN-WB,West Bengal,Male,Rural,70-74,Secondary,5.29,4.34,6.45,6345,119952
IN-WB,West Bengal,Male,Rural,70-74,Higher,3.97,3.26,4.84,4762,119952
IN-WB,West Bengal,Male,Rural,75-79,All,13.05,10.70,15.92,78268,599760
IN-WB,West Bengal,Male,Rural,75-79,None,18.26,14.97,22.28,21903,119952
IN-WB,West Bengal,Male,Rural,75-79,Primary,13.70,11.23,16.71,16433,119952
IN-WB,West Bengal,Male,Rural,75-79,Middle,10.44,8.56,12.74,12522,119952
IN-WB,West Bengal,Male,Rural,75-79,Secondary,7.83,6.42,9.55,9392,119952
IN-WB,West Bengal,Male,Rural,75-79,Higher,5.87,4.81,7.16,7041,119952
IN-WB,West Bengal,Male,Rural,80-84,All,18.42,15.10,22.47,110475,599760
IN-WB,West Bengal,Male,Rural,80-84,None,25.78,21.14,31.45,30923,119952
IN-WB,West Bengal,Male,Rural,80-84,Primary,19.34,15.86,23.59,23198,119952
IN-WB,West Bengal,Male,Rural,80-84,Middle,14.73,12.08,17.97,17668,119952
IN-WB,West Bengal,Male,Rural,80-84,Secondary,11.05,9.06,13.48,13254,119952
IN-WB,West Bengal,Male,Rural,80-84,Higher,8.29,6.80,10.11,9944,119952
IN-WB,West Bengal,Male,Rural,85+,All,25.32,20.76,30.89,151859,599760
IN-WB,West Bengal,Male,Rural,85+,None,35.00,28.70,42.70,41983,119952
IN-WB,West Bengal,Male,Rural,85+,Primary,26.59,21.80,32.44,31895,119952
IN-WB,West Bengal,Male,Rural,85+,Middle,20.26,16.61,24.72,24302,119952
IN-WB,West Bengal,Male,Rural,85+,Secondary,15.19,12.46,18.53,18220,119952
IN-WB,West Bengal,Male,Rural,85+,Higher,11.40,9.35,13.91,13674,119952
IN-WB,West Bengal,Female,All,60+,All,8.51,6.98,10.38,416990,4900000
IN-WB,West Bengal,Female,All,60+,None,11.91,9.77,14.53,116718,980000
IN-WB,West Bengal,Female,All,60+,Primary,8.94,7.33,10.91,87612,980000
IN-WB,West Bengal,Female,All,60+,Middle,6.81,5.58,8.31,66738,980000
IN-WB,West Bengal,Female,All,60+,Secondary,5.11,4.19,6.23,50078,980000
IN-WB,West Bengal,Female,All,60+,Higher,3.83,3.14,4.67,37534,980000
IN-WB,West Bengal,Female,All,60-64,All,3.83,3.14,4.67,33780,882000
IN-WB,West Bengal,Female,All,60-64,None,5.36,4.40,6.54,9455,176400
IN-WB,West Bengal,Female,All,60-64,Primary,4.02,3.30,4.90,7091,176400
IN-WB,West Bengal,Female,All,60-64,Middle,3.06,2.51,3.73,5397,176400
IN-WB,West Bengal,Female,All,60-64,Secondary,2.30,1.89,2.81,4057,176400
IN-WB,West Bengal,Female,All,60-64,Higher,1.72,1.41,2.10,3034,176400
IN-WB,West Bengal,Female,All,65-69,All,6.38,5.23,7.78,56271,882000
IN-WB,West Bengal,Female,All,65-69,None,8.94,7.33,10.91,15770,176400
IN-WB,West Bengal,Female,All,65-69,Primary,6.70,5.49,8.17,11818,176400
IN-WB,West Bengal,Female,All,65-69,Middle,5.11,4.19,6.23,9014,176400
IN-WB,West Bengal,Female,All,65-69,Secondary,3.83,3.14,4.67,6756,176400
IN-WB,West Bengal,Female,All,65-69,Higher,2.87,2.35,3.50,5062,176400
IN-WB,West Bengal,Female,All,70-74,All,9.79,8.03,11.94,86347,882000
IN-WB,West Bengal,Female,All,70-74,None,13.70,11.23,16.71,24166,176400
IN-WB,West Bengal,Female,All,70-74,Primary,10.28,8.43,12.54,18133,176400
IN-WB,West Bengal,Female,All,70-74,Middle,7.83,6.42,9.55,13812,176400
IN-WB,West Bengal,Female,All,70-74,Secondary,5.87,4.81,7.16,10354,176400
IN-WB,West Bengal,Female,All,70-74,Higher,4.40,3.61,5.37,7761,176400
IN-WB,West Bengal,Female,All,75-79,All,14.47,11.87,17.65,127625,882000
IN-WB,West Bengal,Female,All,75-79,None,20.25,16.61,24.71,35721,176400
IN-WB,West Bengal,Female,All,75-79,Primary,15.19,12.46,18.53,26795,176400
IN-WB,West Bengal,Female,All,75-79,Middle,11.57,9.49,14.12,20409,176400
IN-WB,West Bengal,Female,All,75-79,Secondary,8.68,7.12,10.59,15311,176400
IN-WB,West Bengal,Female,All,75-79,Higher,6.51,5.34,7.94,11483,176400
IN-WB,West Bengal,Female,All,80-84,All,20.42,16.74,24.91,180104,882000
IN-WB,West Bengal,Female,All,80-84,None,28.59,23.44,34.88,50432,176400
IN-WB,West Bengal,Female,All,80-84,Primary,21.45,17.59,26.17,37837,176400
IN-WB,West Bengal,Female,All,80-84,Middle,16.34,13.40,19.93,28823,176400
IN-WB,West Bengal,Female,All,80-84,Secondary,12.25,10.05,14.95,21609,176400
IN-WB,West Bengal,Female,All,80-84,Higher,9.19,7.54,11.21,16211,176400
IN-WB,West Bengal,Female,All,85+,All,28.08,23.03,34.26,247665,882000
IN-WB,West Bengal,Female,All,85+,None,35.00,28.70,42.70,61739,176400
IN-WB,West Bengal,Female,All,85+,Primary,29.49,24.18,35.98,52020,176400
IN-WB,West Bengal,Female,All,85+,Middle,22.47,18.43,27.41,39637,176400
IN-WB,West Bengal,Female,All,85+,Secondary,16.85,13.82,20.56,29723,176400
IN-WB,West Bengal,Female,All,85+,Higher,12.64,10.36,15.42,22296,176400
IN-WB,West Bengal,Female,Urban,60+,All,6.98,5.72,8.52,109446,1568000
IN-WB,West Bengal,Female,Urban,60+,None,9.77,8.01,11.92,30638,313600
IN-WB,West Bengal,Female,Urban,60+,Primary,7.33,6.01,8.94,22986,313600
IN-WB,West Bengal,Female,Urban,60+,Middle,5.58,4.58,6.81,17498,313600
IN-WB,West Bengal,Female,Urban,60+,Secondary,4.19,3.44,5.11,13139,313600
IN-WB,West Bengal,Female,Urban,60+,Higher,3.14,2.57,3.83,9847,313600
IN-WB,West Bengal,Female,Urban,60-64,All,3.14,2.57,3.83,8862,282240
IN-WB,West Bengal,Female,Urban,60-64,None,4.40,3.61,5.37,2483,56448
IN-WB,West Bengal,Female,Urban,60-64,Primary,3.30,2.71,4.03,1862,56448
IN-WB,West Bengal,Female,Urban,60-64,Middle,2.51,2.06,3.06,1416,56448
IN-WB,West Bengal,Female,Urban,60-64,Secondary,1.88,1.54,2.29,1061,56448
IN-WB,West Bengal,Female,Urban,60-64,Higher,1.41,1.16,1.72,795,56448
IN-WB,West Bengal,Female,Urban,65-69,All,5.23,4.29,6.38,14761,282240
IN-WB,West Bengal,Female,Urban,65-69,None,7.33,6.01,8.94,4137,56448
IN-WB,West Bengal,Female,Urban,65-69,Primary,5.50,4.51,6.71,3104,56448
IN-WB,West Bengal,Female,Urban,65-69,Middle,4.19,3.44,5.11,2365,56448
IN-WB,West Bengal,Female,Urban,65-69,Secondary,3.14,2.57,3.83,1772,56448
IN-WB,West Bengal,Female,Urban,65-69,Higher,2.36,1.94,2.88,1332,56448
IN-WB,West Bengal,Female,Urban,70-74,All,8.02,6.58,9.78,22635,282240
IN-WB,West Bengal,Female,Urban,70-74,None,11.23,9.21,13.70,6339,56448
IN-WB,West Bengal,Female,Urban,70-74,Primary,8.43,6.91,10.28,4758,56448
IN-WB,West Bengal,Female,Urban,70-74,Middle,6.42,5.26,7.83,3623,56448
IN-WB,West Bengal,Female,Urban,70-74,Secondary,4.81,3.94,5.87,2715,56448
IN-WB,West Bengal,Female,Urban,70-74,Higher,3.61,2.96,4.40,2037,56448
IN-WB,West Bengal,Female,Urban,75-79,All,11.86,9.73,14.47,33473,282240
IN-WB,West Bengal,Female,Urban,75-79,None,16.61,13.62,20.26,9376,56448
IN-WB,West Bengal,Female,Urban,75-79,Primary,12.46,10.22,15.20,7033,56448
IN-WB,West Bengal,Female,Urban,75-79,Middle,9.49,7.78,11.58,5356,56448
IN-WB,West Bengal,Female,Urban,75-79,Secondary,7.12,5.84,8.69,4019,56448
IN-WB,West Bengal,Female,Urban,75-79,Higher,5.34,4.38,6.51,3014,56448
IN-WB,West Bengal,Female,Urban,80-84,All,16.75,13.74,20.43,47275,282240
IN-WB,West Bengal,Female,Urban,80-84,None,23.45,19.23,28.61,13237,56448
IN-WB,West Bengal,Female,Urban,80-84,Primary,17.59,14.42,21.46,9929,56448
IN-WB,West Bengal,Female,Urban,80-84,Middle,13.40,10.99,16.35,7564,56448
IN-WB,West Bengal,Female,Urban,80-84,Secondary,10.05,8.24,12.26,5673,56448
IN-WB,West Bengal,Female,Urban,80-84,Higher,7.54,6.18,9.20,4256,56448
IN-WB,West Bengal,Female,Urban,85+,All,23.03,18.88,28.10,64999,282240
IN-WB,West Bengal,Female,Urban,85+,None,32.24,26.44,39.33,18198,56448
IN-WB,West Bengal,Female,Urban,85+,Primary,24.18,19.83,29.50,13649,56448
IN-WB,West Bengal,Female,Urban,85+,Middle,18.42,15.10,22.47,10397,56448
IN-WB,West Bengal,Female,Urban,85+,Secondary,13.82,11.33,16.86,7801,56448
IN-WB,West Bengal,Female,Urban,85+,Higher,10.36,8.50,12.64,5848,56448
IN-WB,West Bengal,Female,Rural,60+,All,10.38,8.51,12.66,345861,3332000
IN-WB,West Bengal,Female,Rural,60+,None,14.54,11.92,17.74,96894,666400
IN-WB,West Bengal,Female,Rural,60+,Primary,10.90,8.94,13.30,72637,666400
IN-WB,West Bengal,Female,Rural,60+,Middle,8.31,6.81,10.14,55377,666400
IN-WB,West Bengal,Female,Rural,60+,Secondary,6.23,5.11,7.60,41516,666400
IN-WB,West Bengal,Female,Rural,60+,Higher,4.67,3.83,5.70,31120,666400
IN-WB,West Bengal,Female,Rural,60-64,All,4.67,3.83,5.70,28008,599760
IN-WB,West Bengal,Female,Rural,60-64,None,6.54,5.36,7.98,7844,119952
IN-WB,West Bengal,Female,Rural,60-64,Primary,4.91,4.03,5.99,5889,119952
IN-WB,West Bengal,Female,Rural,60-64,Middle,3.74,3.07,4.56,4486,119952
IN-WB,West Bengal,Female,Rural,60-64,Secondary,2.80,2.30,3.42,3358,119952
IN-WB,West Bengal,Female,Rural,60-64,Higher,2.10,1.72,2.56,2518,119952
IN-WB,West Bengal,Female,Rural,65-69,All,7.79,6.39,9.50,46721,599760
IN-WB,West Bengal,Female,Rural,65-69,None,10.90,8.94,13.30,13074,119952
IN-WB,West Bengal,Female,Rural,65-69,Primary,8.18,6.71,9.98,9812,119952
IN-WB,West Bengal,Female,Rural,65-69,Middle,6.23,5.11,7.60,7473,119952
IN-WB,West Bengal,Female,Rural,65-69,Secondary,4.67,3.83,5.70,5601,119952
IN-WB,West Bengal,Female,Rural,65-69,Higher,3.50,2.87,4.27,4198,119952
IN-WB,West Bengal,Female,Rural,70-74,All,11.94,9.79,14.57,71611,599760
IN-WB,West Bengal,Female,Rural,70-74,None,16.72,13.71,20.40,20055,119952
IN-WB,West Bengal,Female,Rural,70-74,Primary,12.54,10.28,15.30,15041,119952
IN-WB,West Bengal,Female,Rural,70-74,Middle,9.55,7.83,11.65,11455,119952
IN-WB,West Bengal,Female,Rural,70-74,Secondary,7.16,5.87,8.74,8588,119952
IN-WB,West Bengal,Female,Rural,70-74,Higher,5.37,4.40,6.55,6441,119952
IN-WB,West Bengal,Female,Rural,75-79,All,17.65,14.47,21.53,105857,599760
IN-WB,West Bengal,Female,Rural,75-79,None,24.71,20.26,30.15,29640,119952
IN-WB,West Bengal,Female,Rural,75-79,Primary,18.53,15.19,22.61,22227,119952
IN-WB,West Bengal,Female,Rural,75-79,Middle,14.12,11.58,17.23,16937,119952
IN-WB,West Bengal,Female,Rural,75-79,Secondary,10.59,8.68,12.92,12702,119952
IN-WB,West Bengal,Female,Rural,75-79,Higher,7.94,6.51,9.69,9524,119952
IN-WB,West Bengal,Female,Rural,80-84,All,24.92,20.43,30.40,149460,599760
IN-WB,West Bengal,Female,Rural,80-84,None,34.88,28.60,42.55,41839,119952
IN-WB,West Bengal,Female,Rural,80-84,Primary,26.16,21.45,31.92,31379,119952
IN-WB,West Bengal,Female,Rural,80-84,Middle,19.93,16.34,24.31,23906,119952
IN-WB,West Bengal,Female,Rural,80-84,Secondary,14.95,12.26,18.24,17932,119952
IN-WB,West Bengal,Female,Rural,80-84,Higher,11.21,9.19,13.68,13446,119952
IN-WB,West Bengal,Female,Rural,85+,All,34.26,28.09,41.80,205477,599760
IN-WB,West Bengal,Female,Rural,85+,None,35.00,28.70,42.70,41983,119952
IN-WB,West Bengal,Female,Rural,85+,Primary,35.00,28.70,42.70,41983,119952
IN-WB,West Bengal,Female,Rural,85+,Middle,27.41,22.48,33.44,32878,119952
IN-WB,West Bengal,Female,Rural,85+,Secondary,20.56,16.86,25.08,24662,119952
IN-WB,West Bengal,Female,Rural,85+,Higher,15.42,12.64,18.81,18496,119952
IN-PB,Punjab,Both,All,60+,All,7.30,5.99,8.91,248199,3400000
IN-PB,Punjab,Both,All,60+,None,10.22,8.38,12.47,69496,680000
IN-PB,Punjab,Both,All,60+,Primary,7.67,6.29,9.36,52156,680000
IN-PB,Punjab,Both,All,60+,Middle,5.84,4.79,7.12,39712,680000
IN-PB,Punjab,Both,All,60+,Secondary,4.38,3.59,5.34,29784,680000
IN-PB,Punjab,Both,All,60+,Higher,3.29,2.70,4.01,22372,680000
IN-PB,Punjab,Both,All,60-64,All,3.29,2.70,4.01,20134,612000
IN-PB,Punjab,Both,All,60-64,None,4.60,3.77,5.61,5630,122399
IN-PB,Punjab,Both,All,60-64,Primary,3.45,2.83,4.21,4222,122399
IN-PB,Punjab,Both,All,60-64,Middle,2.63,2.16,3.21,3219,122399
IN-PB,Punjab,Both,All,60-64,Secondary,1.97,1.62,2.40,2411,122399
IN-PB,Punjab,Both,All,60-64,Higher,1.48,1.21,1.81,1811,122399
IN-PB,Punjab,Both,All,65-69,All,5.48,4.49,6.69,33537,612000
IN-PB,Punjab,Both,All,65-69,None,7.66,6.28,9.35,9375,122399
IN-PB,Punjab,Both,All,65-69,Primary,5.75,4.72,7.02,7037,122399
IN-PB,Punjab,Both,All,65-69,Middle,4.38,3.59,5.34,5361,122399
IN-PB,Punjab,Both,All,65-69,Secondary,3.28,2.69,4.00,4014,122399
IN-PB,Punjab,Both,All,65-69,Higher,2.46,2.02,3.00,3011,122399
IN-PB,Punjab,Both,All,70-74,All,8.40,6.89,10.25,51408,612000
IN-PB,Punjab,Both,All,70-74,None,11.75,9.64,14.34,14381,122399
IN-PB,Punjab,Both,All,70-74,Primary,8.81,7.22,10.75,10783,122399
IN-PB,Punjab,Both,All,70-74,Middle,6.72,5.51,8.20,8225,122399
IN-PB,Punjab,Both,All,70-74,Secondary,5.04,4.13,6.15,6168,122399
IN-PB,Punjab,Both,All,70-74,Higher,3.78,3.10,4.61,4626,122399
IN-PB,Punjab,Both,All,75-79,All,12.41,10.18,15.14,75949,612000
IN-PB,Punjab,Both,All,75-79,None,17.37,14.24,21.19,21260,122399
IN-PB,Punjab,Both,All,75-79,Primary,13.03,10.68,15.90,15948,122399
IN-PB,Punjab,Both,All,75-79,Middle,9.93,8.14,12.11,12154,122399
IN-PB,Punjab,Both,All,75-79,Secondary,7.45,6.11,9.09,9118,122399
IN-PB,Punjab,Both,All,75-79,Higher,5.58,4.58,6.81,6829,122399
IN-PB,Punjab,Both,All,80-84,All,17.52,14.37,21.37,107222,612000
IN-PB,Punjab,Both,All,80-84,None,24.53,20.11,29.93,30024,122399
IN-PB,Punjab,Both,All,80-84,Primary,18.40,15.09,22.45,22521,122399
IN-PB,Punjab,Both,All,80-84,Middle,14.02,11.50,17.10,17160,122399
IN-PB,Punjab,Both,All,80-84,Secondary,10.51,8.62,12.82,12864,122399
IN-PB,Punjab,Both,All,80-84,Higher,7.88,6.46,9.61,9645,122399
IN-PB,Punjab,Both,All,85+,All,24.09,19.75,29.39,147430,612000
IN-PB,Punjab,Both,All,85+,None,33.73,27.66,41.15,41285,122399
IN-PB,Punjab,Both,All,85+,Primary,25.29,20.74,30.85,30954,122399
IN-PB,Punjab,Both,All,85+,Middle,19.27,15.80,23.51,23586,122399
IN-PB,Punjab,Both,All,85+,Secondary,14.45,11.85,17.63,17686,122399
IN-PB,Punjab,Both,All,85+,Higher,10.84,8.89,13.22,13268,122399
IN-PB,Punjab,Both,Urban,60+,All,5.99,4.91,7.31,65171,1088000
IN-PB,Punjab,Both,Urban,60+,None,8.38,6.87,10.22,18234,217600
IN-PB,Punjab,Both,Urban,60+,Primary,6.29,5.16,7.67,13687,217600
IN-PB,Punjab,Both,Urban,60+,Middle,4.79,3.93,5.84,10423,217600
IN-PB,Punjab,Both,Urban,60+,Secondary,3.59,2.94,4.38,7811,217600
IN-PB,Punjab,Both,Urban,60+,Higher,2.69,2.21,3.28,5853,217600
IN-PB,Punjab,Both,Urban,60-64,All,2.69,2.21,3.28,5268,195840
IN-PB,Punjab,Both,Urban,60-64,None,3.77,3.09,4.60,1476,39168
IN-PB,Punjab,Both,Urban,60-64,Primary,2.83,2.32,3.45,1108,39168
IN-PB,Punjab,Both,Urban,60-64,Middle,2.15,1.76,2.62,842,39168
IN-PB,Punjab,Both,Urban,60-64,Secondary,1.62,1.33,1.98,634,39168
IN-PB,Punjab,Both,Urban,60-64,Higher,1.21,0.99,1.48,473,39168
IN-PB,Punjab,Both,Urban,65-69,All,4.49,3.68,5.48,8793,195840
IN-PB,Punjab,Both,Urban,65-69,None,6.29,5.16,7.67,2463,39168
IN-PB,Punjab,Both,Urban,65-69,Primary,4.71,3.86,5.75,1844,39168
IN-PB,Punjab,Both,Urban,65-69,Middle,3.59,2.94,4.38,1406,39168
IN-PB,Punjab,Both,Urban,65-69,Secondary,2.69,2.21,3.28,1053,39168
IN-PB,Punjab,Both,Urban,65-69,Higher,2.02,1.66,2.46,791,39168
IN-PB,Punjab,Both,Urban,70-74,All,6.88,5.64,8.39,13473,195840
IN-PB,Punjab,Both,Urban,70-74,None,9.64,7.90,11.76,3775,39168
IN-PB,Punjab,Both,Urban,70-74,Primary,7.23,5.93,8.82,2831,39168
IN-PB,Punjab,Both,Urban,70-74,Middle,5.51,4.52,6.72,2158,39168
IN-PB,Punjab,Both,Urban,70-74,Secondary,4.13,3.39,5.04,1617,39168
IN-PB,Punjab,Both,Urban,70-74,Higher,3.10,2.54,3.78,1214,39168
IN-PB,Punjab,Both,Urban,75-79,All,10.18,8.35,12.42,19936,195840
IN-PB,Punjab,Both,Urban,75-79,None,14.25,11.68,17.38,5581,39168
IN-PB,Punjab,Both,Urban,75-79,Primary,10.69,8.77,13.04,4187,39168
IN-PB,Punjab,Both,Urban,75-79,Middle,8.14,6.67,9.93,3188,39168
IN-PB,Punjab,Both,Urban,75-79,Secondary,6.11,5.01,7.45,2393,39168
IN-PB,Punjab,Both,Urban,75-79,Higher,4.58,3.76,5.59,1793,39168
IN-PB,Punjab,Both,Urban,80-84,All,14.37,11.78,17.53,28142,195840
IN-PB,Punjab,Both,Urban,80-84,None,20.11,16.49,24.53,7876,39168
IN-PB,Punjab,Both,Urban,80-84,Primary,15.08,12.37,18.40,5906,39168
IN-PB,Punjab,Both,Urban,80-84,Middle,11.49,9.42,14.02,4500,39168
IN-PB,Punjab,Both,Urban,80-84,Secondary,8.62,7.07,10.52,3376,39168
IN-PB,Punjab,Both,Urban,80-84,Higher,6.46,5.30,7.88,2530,39168
IN-PB,Punjab,Both,Urban,85+,All,19.75,16.20,24.10,38678,195840
IN-PB,Punjab,Both,Urban,85+,None,27.66,22.68,33.75,10833,39168
IN-PB,Punjab,Both,Urban,85+,Primary,20.74,17.01,25.30,8123,39168
IN-PB,Punjab,Both,Urban,85+,Middle,15.80,12.96,19.28,6188,39168
IN-PB,Punjab,Both,Urban,85+,Secondary,11.85,9.72,14.46,4641,39168
IN-PB,Punjab,Both,Urban,85+,Higher,8.89,7.29,10.85,3482,39168
IN-PB,Punjab,Both,Rural,60+,All,8.91,7.31,10.87,205999,2312000
IN-PB,Punjab,Both,Rural,60+,None,12.47,10.23,15.21,57661,462400
IN-PB,Punjab,Both,Rural,60+,Primary,9.35,7.67,11.41,43234,462400
IN-PB,Punjab,Both,Rural,60+,Middle,7.12,5.84,8.69,32922,462400
IN-PB,Punjab,Both,Rural,60+,Secondary,5.34,4.38,6.51,24692,462400
IN-PB,Punjab,Both,Rural,60+,Higher,4.01,3.29,4.89,18542,462400
IN-PB,Punjab,Both,Rural,60-64,All,4.01,3.29,4.89,16688,416160
IN-PB,Punjab,Both,Rural,60-64,None,5.61,4.60,6.84,4669,83232
IN-PB,Punjab,Both,Rural,60-64,Primary,4.21,3.45,5.14,3504,83232
IN-PB,Punjab,Both,Rural,60-64,Middle,3.21,2.63,3.92,2671,83232
IN-PB,Punjab,Both,Rural,60-64,Secondary,2.40,1.97,2.93,1997,83232
IN-PB,Punjab,Both,Rural,60-64,Higher,1.80,1.48,2.20,1498,83232
IN-PB,Punjab,Both,Rural,65-69,All,6.68,5.48,8.15,27799,416160
IN-PB,Punjab,Both,Rural,65-69,None,9.35,7.67,11.41,7782,83232
IN-PB,Punjab,Both,Rural,65-69,Primary,7.01,5.75,8.55,5834,83232
IN-PB,Punjab,Both,Rural,65-69,Middle,5.34,4.38,6.51,4444,83232
IN-PB,Punjab,Both,Rural,65-69,Secondary,4.01,3.29,4.89,3337,83232
IN-PB,Punjab,Both,Rural,65-69,Higher,3.01,2.47,3.67,2505,83232
IN-PB,Punjab,Both,Rural,70-74,All,10.24,8.40,12.49,42614,416160
IN-PB,Punjab,Both,Rural,70-74,None,14.34,11.76,17.49,11935,83232
IN-PB,Punjab,Both,Rural,70-74,Primary,10.75,8.82,13.12,8947,83232
IN-PB,Punjab,Both,Rural,70-74,Middle,8.19,6.72,9.99,6816,83232
IN-PB,Punjab,Both,Rural,70-74,Secondary,6.15,5.04,7.50,5118,83232
IN-PB,Punjab,Both,Rural,70-74,Higher,4.61,3.78,5.62,3836,83232
IN-PB,Punjab,Both,Rural,75-79,All,15.14,12.41,18.47,63006,416160
IN-PB,Punjab,Both,Rural,75-79,None,21.20,17.38,25.86,17645,83232
IN-PB,Punjab,Both,Rural,75-79,Primary,15.90,13.04,19.40,13233,83232
IN-PB,Punjab,Both,Rural,75-79,Middle,12.11,9.93,14.77,10079,83232
IN-PB,Punjab,Both,Rural,75-79,Secondary,9.08,7.45,11.08,7557,83232
IN-PB,Punjab,Both,Rural,75-79,Higher,6.81,5.58,8.31,5668,83232
IN-PB,Punjab,Both,Rural,80-84,All,21.37,17.52,26.07,88933,416160
IN-PB,Punjab,Both,Rural,80-84,None,29.92,24.53,36.50,24903,83232
IN-PB,Punjab,Both,Rural,80-84,Primary,22.44,18.40,27.38,18677,83232
IN-PB,Punjab,Both,Rural,80-84,Middle,17.10,14.02,20.86,14232,83232
IN-PB,Punjab,Both,Rural,80-84,Secondary,12.82,10.51,15.64,10670,83232
IN-PB,Punjab,Both,Rural,80-84,Higher,9.62,7.89,11.74,8006,83232
IN-PB,Punjab,Both,Rural,85+,All,29.39,24.10,35.86,122309,416160
IN-PB,Punjab,Both,Rural,85+,None,35.00,28.70,42.70,29131,83232
IN-PB,Punjab,Both,Rural,85+,Primary,30.86,25.31,37.65,25685,83232
IN-PB,Punjab,Both,Rural,85+,Middle,23.51,19.28,28.68,19567,83232
IN-PB,Punjab,Both,Rural,85+,Secondary,17.63,14.46,21.51,14673,83232
IN-PB,Punjab,Both,Rural,85+,Higher,13.23,10.85,16.14,11011,83232
IN-PB,Punjab,Male,All,60+,All,6.21,5.09,7.58,105570,1700000
IN-PB,Punjab,Male,All,60+,None,8.69,7.13,10.60,29545,340000
IN-PB,Punjab,Male,All,60+,Primary,6.52,5.35,7.95,22167,340000
IN-PB,Punjab,Male,All,60+,Middle,4.96,4.07,6.05,16864,340000
IN-PB,Punjab,Male,All,60+,Secondary,3.72,3.05,4.54,12648,340000
IN-PB,Punjab,Male,All,60+,Higher,2.79,2.29,3.40,9486,340000
IN-PB,Punjab,Male,All,60-64,All,2.79,2.29,3.40,8537,306000
IN-PB,Punjab,Male,All,60-64,None,3.91,3.21,4.77,2392,61199
IN-PB,Punjab,Male,All,60-64,Primary,2.93,2.40,3.57,1793,61199
IN-PB,Punjab,Male,All,60-64,Middle,2.23,1.83,2.72,1364,61199
IN-PB,Punjab,Male,All,60-64,Secondary,1.68,1.38,2.05,1028,61199
IN-PB,Punjab,Male,All,60-64,Higher,1.26,1.03,1.54,771,61199
IN-PB,Punjab,Male,All,65-69,All,4.65,3.81,5.67,14229,306000
IN-PB,Punjab,Male,All,65-69,None,6.52,5.35,7.95,3990,61199
IN-PB,Punjab,Male,All,65-69,Primary,4.89,4.01,5.97,2992,61199
IN-PB,Punjab,Male,All,65-69,Middle,3.72,3.05,4.54,2276,61199
IN-PB,Punjab,Male,All,65-69,Secondary,2.79,2.29,3.40,1707,61199
IN-PB,Punjab,Male,All,65-69,Higher,2.09,1.71,2.55,1279,61199
IN-PB,Punjab,Male,All,70-74,All,7.14,5.85,8.71,21848,306000
IN-PB,Punjab,Male,All,70-74,None,9.99,8.19,12.19,6113,61199
IN-PB,Punjab,Male,All,70-74,Primary,7.49,6.14,9.14,4583,61199
IN-PB,Punjab,Male,All,70-74,Middle,5.71,4.68,6.97,3494,61199
IN-PB,Punjab,Male,All,70-74,Secondary,4.28,3.51,5.22,2619,61199
IN-PB,Punjab,Male,All,70-74,Higher,3.21,2.63,3.92,1964,61199
IN-PB,Punjab,Male,All,75-79,All,10.55,8.65,12.87,32283,306000
IN-PB,Punjab,Male,All,75-79,None,14.77,12.11,18.02,9039,61199
IN-PB,Punjab,Male,All,75-79,Primary,11.08,9.09,13.52,6780,61199
IN-PB,Punjab,Male,All,75-79,Middle,8.44,6.92,10.30,5165,61199
IN-PB,Punjab,Male,All,75-79,Secondary,6.33,5.19,7.72,3873,61199
IN-PB,Punjab,Male,All,75-79,Higher,4.75,3.89,5.80,2906,61199
IN-PB,Punjab,Male,All,80-84,All,14.89,12.21,18.17,45563,306000
IN-PB,Punjab,Male,All,80-84,None,20.85,17.10,25.44,12759,61199
IN-PB,Punjab,Male,All,80-84,Primary,15.64,12.82,19.08,9571,61199
IN-PB,Punjab,Male,All,80-84,Middle,11.91,9.77,14.53,7288,61199
IN-PB,Punjab,Male,All,80-84,Secondary,8.94,7.33,10.91,5471,61199
IN-PB,Punjab,Male,All,80-84,Higher,6.70,5.49,8.17,4100,61199
IN-PB,Punjab,Male,All,85+,All,20.48,16.79,24.99,62668,306000
IN-PB,Punjab,Male,All,85+,None,28.67,23.51,34.98,17545,61199
IN-PB,Punjab,Male,All,85+,Primary,21.50,17.63,26.23,13157,61199
IN-PB,Punjab,Male,All,85+,Middle,16.38,13.43,19.98,10024,61199
IN-PB,Punjab,Male,All,85+,Secondary,12.29,10.08,14.99,7521,61199
IN-PB,Punjab,Male,All,85+,Higher,9.21,7.55,11.24,5636,61199
IN-PB,Punjab,Male,Urban,60+,All,5.09,4.17,6.21,27689,544000
IN-PB,Punjab,Male,Urban,60+,None,7.12,5.84,8.69,7746,108800
IN-PB,Punjab,Male,Urban,60+,Primary,5.34,4.38,6.51,5809,108800
IN-PB,Punjab,Male,Urban,60+,Middle,4.07,3.34,4.97,4428,108800
IN-PB,Punjab,Male,Urban,60+,Secondary,3.05,2.50,3.72,3318,108800
IN-PB,Punjab,Male,Urban,60+,Higher,2.29,1.88,2.79,2491,108800
IN-PB,Punjab,Male,Urban,60-64,All,2.29,1.88,2.79,2242,97920
IN-PB,Punjab,Male,Urban,60-64,None,3.21,2.63,3.92,628,19584
IN-PB,Punjab,Male,Urban,60-64,Primary,2.40,1.97,2.93,470,19584
IN-PB,Punjab,Male,Urban,60-64,Middle,1.83,1.50,2.23,358,19584
IN-PB,Punjab,Male,Urban,60-64,Secondary,1.37,1.12,1.67,268,19584
IN-PB,Punjab,Male,Urban,60-64,Higher,1.03,0.84,1.26,201,19584
IN-PB,Punjab,Male,Urban,65-69,All,3.82,3.13,4.66,3740,97920
IN-PB,Punjab,Male,Urban,65-69,None,5.34,4.38,6.51,1045,19584
IN-PB,Punjab,Male,Urban,65-69,Primary,4.01,3.29,4.89,785,19584
IN-PB,Punjab,Male,Urban,65-69,Middle,3.05,2.50,3.72,597,19584
IN-PB,Punjab,Male,Urban,65-69,Secondary,2.29,1.88,2.79,448,19584
IN-PB,Punjab,Male,Urban,65-69,Higher,1.72,1.41,2.10,336,19584
IN-PB,Punjab,Male,Urban,70-74,All,5.85,4.80,7.14,5728,97920
IN-PB,Punjab,Male,Urban,70-74,None,8.19,6.72,9.99,1603,19584
IN-PB,Punjab,Male,Urban,70-74,Primary,6.14,5.03,7.49,1202,19584
IN-PB,Punjab,Male,Urban,70-74,Middle,4.68,3.84,5.71,916,19584
IN-PB,Punjab,Male,Urban,70-74,Secondary,3.51,2.88,4.28,687,19584
IN-PB,Punjab,Male,Urban,70-74,Higher,2.63,2.16,3.21,515,19584
IN-PB,Punjab,Male,Urban,75-79,All,8.65,7.09,10.55,8470,97920
IN-PB,Punjab,Male,Urban,75-79,None,12.11,9.93,14.77,2371,19584
IN-PB,Punjab,Male,Urban,75-79,Primary,9.08,7.45,11.08,1778,19584
IN-PB,Punjab,Male,Urban,75-79,Middle,6.92,5.67,8.44,1355,19584
IN-PB,Punjab,Male,Urban,75-79,Secondary,5.19,4.26,6.33,1016,19584
IN-PB,Punjab,Male,Urban,75-79,Higher,3.89,3.19,4.75,761,19584
IN-PB,Punjab,Male,Urban,80-84,All,12.21,10.01,14.90,11956,97920
IN-PB,Punjab,Male,Urban,80-84,None,17.10,14.02,20.86,3348,19584
IN-PB,Punjab,Male,Urban,80-84,Primary,12.82,10.51,15.64,2510,19584
IN-PB,Punjab,Male,Urban,80-84,Middle,9.77,8.01,11.92,1913,19584
IN-PB,Punjab,Male,Urban,80-84,Secondary,7.33,6.01,8.94,1435,19584
IN-PB,Punjab,Male,Urban,80-84,Higher,5.50,4.51,6.71,1077,19584
IN-PB,Punjab,Male,Urban,85+,All,16.79,13.77,20.48,16440,97920
IN-PB,Punjab,Male,Urban,85+,None,23.51,19.28,28.68,4604,19584
IN-PB,Punjab,Male,Urban,85+,Primary,17.63,14.46,21.51,3452,19584
IN-PB,Punjab,Male,Urban,85+,Middle,13.43,11.01,16.38,2630,19584
IN-PB,Punjab,Male,Urban,85+,Secondary,10.07,8.26,12.29,1972,19584
IN-PB,Punjab,Male,Urban,85+,Higher,7.56,6.20,9.22,1480,19584
IN-PB,Punjab,Male,Rural,60+,All,7.57,6.21,9.24,87509,1156000
IN-PB,Punjab,Male,Rural,60+,None,10.60,8.69,12.93,24507,231200
IN-PB,Punjab,Male,Rural,60+,Primary,7.95,6.52,9.70,18380,231200
IN-PB,Punjab,Male,Rural,60+,Middle,6.06,4.97,7.39,14010,231200
IN-PB,Punjab,Male,Rural,60+,Secondary,4.54,3.72,5.54,10496,231200
IN-PB,Punjab,Male,Rural,60+,Higher,3.41,2.80,4.16,7883,231200
IN-PB,Punjab,Male,Rural,60-64,All,3.41,2.80,4.16,7095,208080
IN-PB,Punjab,Male,Rural,60-64,None,4.77,3.91,5.82,1985,41616
IN-PB,Punjab,Male,Rural,60-64,Primary,3.58,2.94,4.37,1489,41616
IN-PB,Punjab,Male,Rural,60-64,Middle,2.73,2.24,3.33,1136,41616
IN-PB,Punjab,Male,Rural,60-64,Secondary,2.04,1.67,2.49,848,41616
IN-PB,Punjab,Male,Rural,60-64,Higher,1.53,1.25,1.87,636,41616
IN-PB,Punjab,Male,Rural,65-69,All,5.68,4.66,6.93,11818,208080
IN-PB,Punjab,Male,Rural,65-69,None,7.95,6.52,9.70,3308,41616
IN-PB,Punjab,Male,Rural,65-69,Primary,5.96,4.89,7.27,2480,41616
IN-PB,Punjab,Male,Rural,65-69,Middle,4.54,3.72,5.54,1889,41616
IN-PB,Punjab,Male,Rural,65-69,Secondary,3.41,2.80,4.16,1419,41616
IN-PB,Punjab,Male,Rural,65-69,Higher,2.55,2.09,3.11,1061,41616
IN-PB,Punjab,Male,Rural,70-74,All,8.71,7.14,10.63,18123,208080
IN-PB,Punjab,Male,Rural,70-74,None,12.19,10.00,14.87,5072,41616
IN-PB,Punjab,Male,Rural,70-74,Primary,9.14,7.49,11.15,3803,41616
IN-PB,Punjab,Male,Rural,70-74,Middle,6.96,5.71,8.49,2896,41616
IN-PB,Punjab,Male,Rural,70-74,Secondary,5.22,4.28,6.37,2172,41616
IN-PB,Punjab,Male,Rural,70-74,Higher,3.92,3.21,4.78,1631,41616
IN-PB,Punjab,Male,Rural,75-79,All,12.87,10.55,15.70,26779,208080
IN-PB,Punjab,Male,Rural,75-79,None,18.02,14.78,21.98,7499,41616
IN-PB,Punjab,Male,Rural,75-79,Primary,13.51,11.08,16.48,5622,41616
IN-PB,Punjab,Male,Rural,75-79,Middle,10.30,8.45,12.57,4286,41616
IN-PB,Punjab,Male,Rural,75-79,Secondary,7.72,6.33,9.42,3212,41616
IN-PB,Punjab,Male,Rural,75-79,Higher,5.79,4.75,7.06,2409,41616
IN-PB,Punjab,Male,Rural,80-84,All,18.17,14.90,22.17,37808,208080
IN-PB,Punjab,Male,Rural,80-84,None,25.44,20.86,31.04,10587,41616
IN-PB,Punjab,Male,Rural,80-84,Primary,19.08,15.65,23.28,7940,41616
IN-PB,Punjab,Male,Rural,80-84,Middle,14.53,11.91,17.73,6046,41616
IN-PB,Punjab,Male,Rural,80-84,Secondary,10.90,8.94,13.30,4536,41616
IN-PB,Punjab,Male,Rural,80-84,Higher,8.18,6.71,9.98,3404,41616
IN-PB,Punjab,Male,Rural,85+,All,24.98,20.48,30.48,51978,208080
IN-PB,Punjab,Male,Rural,85+,None,34.97,28.68,42.66,14553,41616
IN-PB,Punjab,Male,Rural,85+,Primary,26.23,21.51,32.00,10915,41616
IN-PB,Punjab,Male,Rural,85+,Middle,19.99,16.39,24.39,8319,41616
IN-PB,Punjab,Male,Rural,85+,Secondary,14.99,12.29,18.29,6238,41616
IN-PB,Punjab,Male,Rural,85+,Higher,11.24,9.22,13.71,4677,41616
IN-PB,Punjab,Female,All,60+,All,8.40,6.89,10.25,142800,1700000
IN-PB,Punjab,Female,All,60+,None,11.75,9.64,14.34,39950,340000
IN-PB,Punjab,Female,All,60+,Primary,8.81,7.22,10.75,29954,340000
IN-PB,Punjab,Female,All,60+,Middle,6.72,5.51,8.20,22848,340000
IN-PB,Punjab,Female,All,60+,Secondary,5.04,4.13,6.15,17136,340000
IN-PB,Punjab,Female,All,60+,Higher,3.78,3.10,4.61,12852,340000
IN-PB,Punjab,Female,All,60-64,All,3.78,3.10,4.61,11566,306000
IN-PB,Punjab,Female,All,60-64,None,5.29,4.34,6.45,3237,61199
IN-PB,Punjab,Female,All,60-64,Primary,3.97,3.26,4.84,2429,61199
IN-PB,Punjab,Female,All,60-64,Middle,3.02,2.48,3.68,1848,61199
IN-PB,Punjab,Female,All,60-64,Secondary,2.27,1.86,2.77,1389,61199
IN-PB,Punjab,Female,All,60-64,Higher,1.70,1.39,2.07,1040,61199
IN-PB,Punjab,Female,All,65-69,All,6.30,5.17,7.69,19278,306000
IN-PB,Punjab,Female,All,65-69,None,8.81,7.22,10.75,5391,61199
IN-PB,Punjab,Female,All,65-69,Primary,6.61,5.42,8.06,4045,61199
IN-PB,Punjab,Female,All,65-69,Middle,5.04,4.13,6.15,3084,61199
IN-PB,Punjab,Female,All,65-69,Secondary,3.78,3.10,4.61,2313,61199
IN-PB,Punjab,Female,All,65-69,Higher,2.83,2.32,3.45,1731,61199
IN-PB,Punjab,Female,All,70-74,All,9.65,7.91,11.77,29529,306000
IN-PB,Punjab,Female,All,70-74,None,13.52,11.09,16.49,8274,61199
IN-PB,Punjab,Female,All,70-74,Primary,10.14,8.31,12.37,6205,61199
IN-PB,Punjab,Female,All,70-74,Middle,7.72,6.33,9.42,4724,61199
IN-PB,Punjab,Female,All,70-74,Secondary,5.79,4.75,7.06,3543,61199
IN-PB,Punjab,Female,All,70-74,Higher,4.34,3.56,5.29,2656,61199
IN-PB,Punjab,Female,All,75-79,All,14.27,11.70,17.41,43666,306000
IN-PB,Punjab,Female,All,75-79,None,19.98,16.38,24.38,12227,61199
IN-PB,Punjab,Female,All,75-79,Primary,14.99,12.29,18.29,9173,61199
IN-PB,Punjab,Female,All,75-79,Middle,11.42,9.36,13.93,6988,61199
IN-PB,Punjab,Female,All,75-79,Secondary,8.56,7.02,10.44,5238,61199
IN-PB,Punjab,Female,All,75-79,Higher,6.42,5.26,7.83,3928,61199
IN-PB,Punjab,Female,All,80-84,All,20.15,16.52,24.58,61658,306000
IN-PB,Punjab,Female,All,80-84,None,28.21,23.13,34.42,17264,61199
IN-PB,Punjab,Female,All,80-84,Primary,21.16,17.35,25.82,12949,61199
IN-PB,Punjab,Female,All,80-84,Middle,16.12,13.22,19.67,9865,61199
IN-PB,Punjab,Female,All,80-84,Secondary,12.09,9.91,14.75,7398,61199
IN-PB,Punjab,Female,All,80-84,Higher,9.07,7.44,11.07,5550,61199
IN-PB,Punjab,Female,All,85+,All,27.70,22.71,33.79,84761,306000
IN-PB,Punjab,Female,All,85+,None,35.00,28.70,42.70,21419,61199
IN-PB,Punjab,Female,All,85+,Primary,29.09,23.85,35.49,17802,61199
IN-PB,Punjab,Female,All,85+,Middle,22.16,18.17,27.04,13561,61199
IN-PB,Punjab,Female,All,85+,Secondary,16.62,13.63,20.28,10171,61199
IN-PB,Punjab,Female,All,85+,Higher,12.47,10.23,15.21,7631,61199
IN-PB,Punjab,Female,Urban,60+,All,6.88,5.64,8.39,37427,544000
IN-PB,Punjab,Female,Urban,60+,None,9.64,7.90,11.76,10488,108800
IN-PB,Punjab,Female,Urban,60+,Primary,7.23,5.93,8.82,7866,108800
IN-PB,Punjab,Female,Urban,60+,Middle,5.51,4.52,6.72,5994,108800
IN-PB,Punjab,Female,Urban,60+,Secondary,4.13,3.39,5.04,4493,108800
IN-PB,Punjab,Female,Urban,60+,Higher,3.10,2.54,3.78,3372,108800
IN-PB,Punjab,Female,Urban,60-64,All,3.10,2.54,3.78,3035,97920
IN-PB,Punjab,Female,Urban,60-64,None,4.34,3.56,5.29,849,19584
IN-PB,Punjab,Female,Urban,60-64,Primary,3.25,2.67,3.97,636,19584
IN-PB,Punjab,Female,Urban,60-64,Middle,2.48,2.03,3.03,485,19584
IN-PB,Punjab,Female,Urban,60-64,Secondary,1.86,1.53,2.27,364,19584
IN-PB,Punjab,Female,Urban,60-64,Higher,1.39,1.14,1.70,272,19584
IN-PB,Punjab,Female,Urban,65-69,All,5.16,4.23,6.30,5052,97920
IN-PB,Punjab,Female,Urban,65-69,None,7.23,5.93,8.82,1415,19584
IN-PB,Punjab,Female,Urban,65-69,Primary,5.42,4.44,6.61,1061,19584
IN-PB,Punjab,Female,Urban,65-69,Middle,4.13,3.39,5.04,808,19584
IN-PB,Punjab,Female,Urban,65-69,Secondary,3.10,2.54,3.78,607,19584
IN-PB,Punjab,Female,Urban,65-69,Higher,2.32,1.90,2.83,454,19584
IN-PB,Punjab,Female,Urban,70-74,All,7.92,6.49,9.66,7755,97920
IN-PB,Punjab,Female,Urban,70-74,None,11.08,9.09,13.52,2169,19584
IN-PB,Punjab,Female,Urban,70-74,Primary,8.31,6.81,10.14,1627,19584
IN-PB,Punjab,Female,Urban,70-74,Middle,6.33,5.19,7.72,1239,19584
IN-PB,Punjab,Female,Urban,70-74,Secondary,4.75,3.89,5.80,930,19584
IN-PB,Punjab,Female,Urban,70-74,Higher,3.56,2.92,4.34,697,19584
IN-PB,Punjab,Female,Urban,75-79,All,11.70,9.59,14.27,11456,97920
IN-PB,Punjab,Female,Urban,75-79,None,16.38,13.43,19.98,3207,19584
IN-PB,Punjab,Female,Urban,75-79,Primary,12.29,10.08,14.99,2406,19584
IN-PB,Punjab,Female,Urban,75-79,Middle,9.36,7.68,11.42,1833,19584
IN-PB,Punjab,Female,Urban,75-79,Secondary,7.02,5.76,8.56,1374,19584
IN-PB,Punjab,Female,Urban,75-79,Higher,5.27,4.32,6.43,1032,19584
IN-PB,Punjab,Female,Urban,80-84,All,16.52,13.55,20.15,16176,97920
IN-PB,Punjab,Female,Urban,80-84,None,23.13,18.97,28.22,4529,19584
IN-PB,Punjab,Female,Urban,80-84,Primary,17.35,14.23,21.17,3397,19584
IN-PB,Punjab,Female,Urban,80-84,Middle,13.22,10.84,16.13,2589,19584
IN-PB,Punjab,Female,Urban,80-84,Secondary,9.91,8.13,12.09,1940,19584
IN-PB,Punjab,Female,Urban,80-84,Higher,7.43,6.09,9.06,1455,19584
IN-PB,Punjab,Female,Urban,85+,All,22.72,18.63,27.72,22247,97920
IN-PB,Punjab,Female,Urban,85+,None,31.80,26.08,38.80,6227,19584
IN-PB,Punjab,Female,Urban,85+,Primary,23.85,19.56,29.10,4670,19584
IN-PB,Punjab,Female,Urban,85+,Middle,18.17,14.90,22.17,3558,19584
IN-PB,Punjab,Female,Urban,85+,Secondary,13.63,11.18,16.63,2669,19584
IN-PB,Punjab,Female,Urban,85+,Higher,10.22,8.38,12.47,2001,19584
IN-PB,Punjab,Female,Rural,60+,All,10.24,8.40,12.49,118374,1156000
IN-PB,Punjab,Female,Rural,60+,None,14.34,11.76,17.49,33154,231200
IN-PB,Punjab,Female,Rural,60+,Primary,10.75,8.82,13.12,24854,231200
IN-PB,Punjab,Female,Rural,60+,Middle,8.19,6.72,9.99,18935,231200
IN-PB,Punjab,Female,Rural,60+,Secondary,6.15,5.04,7.50,14218,231200
IN-PB,Punjab,Female,Rural,60+,Higher,4.61,3.78,5.62,10658,231200
IN-PB,Punjab,Female,Rural,60-64,All,4.61,3.78,5.62,9592,208080
IN-PB,Punjab,Female,Rural,60-64,None,6.45,5.29,7.87,2684,41616
IN-PB,Punjab,Female,Rural,60-64,Primary,4.84,3.97,5.90,2014,41616
IN-PB,Punjab,Female,Rural,60-64,Middle,3.69,3.03,4.50,1535,41616
IN-PB,Punjab,Female,Rural,60-64,Secondary,2.77,2.27,3.38,1152,41616
IN-PB,Punjab,Female,Rural,60-64,Higher,2.07,1.70,2.53,861,41616
IN-PB,Punjab,Female,Rural,65-69,All,7.68,6.30,9.37,15980,208080
IN-PB,Punjab,Female,Rural,65-69,None,10.75,8.82,13.12,4473,41616
IN-PB,Punjab,Female,Rural,65-69,Primary,8.07,6.62,9.85,3358,41616
IN-PB,Punjab,Female,Rural,65-69,Middle,6.15,5.04,7.50,2559,41616
IN-PB,Punjab,Female,Rural,65-69,Secondary,4.61,3.78,5.62,1918,41616
IN-PB,Punjab,Female,Rural,65-69,Higher,3.46,2.84,4.22,1439,41616
IN-PB,Punjab,Female,Rural,70-74,All,11.78,9.66,14.37,24511,208080
IN-PB,Punjab,Female,Rural,70-74,None,16.49,13.52,20.12,6862,41616
IN-PB,Punjab,Female,Rural,70-74,Primary,12.37,10.14,15.09,5147,41616
IN-PB,Punjab,Female,Rural,70-74,Middle,9.42,7.72,11.49,3920,41616
IN-PB,Punjab,Female,Rural,70-74,Secondary,7.07,5.80,8.63,2942,41616
IN-PB,Punjab,Female,Rural,70-74,Higher,5.30,4.35,6.47,2205,41616
IN-PB,Punjab,Female,Rural,75-79,All,17.41,14.28,21.24,36226,208080
IN-PB,Punjab,Female,Rural,75-79,None,24.38,19.99,29.74,10145,41616
IN-PB,Punjab,Female,Rural,75-79,Primary,18.28,14.99,22.30,7607,41616
IN-PB,Punjab,Female,Rural,75-79,Middle,13.93,11.42,16.99,5797,41616
IN-PB,Punjab,Female,Rural,75-79,Secondary,10.45,8.57,12.75,4348,41616
IN-PB,Punjab,Female,Rural,75-79,Higher,7.84,6.43,9.56,3262,41616
IN-PB,Punjab,Female,Rural,80-84,All,24.58,20.16,29.99,51146,208080
IN-PB,Punjab,Female,Rural,80-84,None,34.41,28.22,41.98,14320,41616
IN-PB,Punjab,Female,Rural,80-84,Primary,25.81,21.16,31.49,10741,41616
IN-PB,Punjab,Female,Rural,80-84,Middle,19.66,16.12,23.99,8181,41616
IN-PB,Punjab,Female,Rural,80-84,Secondary,14.75,12.10,18.00,6138,41616
IN-PB,Punjab,Female,Rural,80-84,Higher,11.06,9.07,13.49,4602,41616
IN-PB,Punjab,Female,Rural,85+,All,33.80,27.72,41.24,70331,208080
IN-PB,Punjab,Female,Rural,85+,None,35.00,28.70,42.70,14565,41616
IN-PB,Punjab,Female,Rural,85+,Primary,35.00,28.70,42.70,14565,41616
IN-PB,Punjab,Female,Rural,85+,Middle,27.04,22.17,32.99,11252,41616
IN-PB,Punjab,Female,Rural,85+,Secondary,20.28,16.63,24.74,8439,41616
IN-PB,Punjab,Female,Rural,85+,Higher,15.21,12.47,18.56,6329,41616
IN-OD,Odisha,Both,All,60+,All,7.20,5.90,8.78,324000,4500000
IN-OD,Odisha,Both,All,60+,None,10.08,8.27,12.30,90720,900000
IN-OD,Odisha,Both,All,60+,Primary,7.56,6.20,9.22,68040,900000
IN-OD,Odisha,Both,All,60+,Middle,5.76,4.72,7.03,51840,900000
IN-OD,Odisha,Both,All,60+,Secondary,4.32,3.54,5.27,38880,900000
IN-OD,Odisha,Both,All,60+,Higher,3.24,2.66,3.95,29160,900000
IN-OD,Odisha,Both,All,60-64,All,3.24,2.66,3.95,26244,810000
IN-OD,Odisha,Both,All,60-64,None,4.54,3.72,5.54,7354,162000
IN-OD,Odisha,Both,All,60-64,Primary,3.40,2.79,4.15,5508,162000
IN-OD,Odisha,Both,All,60-64,Middle,2.59,2.12,3.16,4195,162000
IN-OD,Odisha,Both,All,60-64,Secondary,1.94,1.59,2.37,3142,162000
IN-OD,Odisha,Both,All,60-64,Higher,1.46,1.20,1.78,2365,162000
IN-OD,Odisha,Both,All,65-69,All,5.40,4.43,6.59,43740,810000
IN-OD,Odisha,Both,All,65-69,None,7.56,6.20,9.22,12247,162000
IN-OD,Odisha,Both,All,65-69,Primary,5.67,4.65,6.92,9185,162000
IN-OD,Odisha,Both,All,65-69,Middle,4.32,3.54,5.27,6998,162000
IN-OD,Odisha,Both,All,65-69,Secondary,3.24,2.66,3.95,5248,162000
IN-OD,Odisha,Both,All,65-69,Higher,2.43,1.99,2.96,3936,162000
IN-OD,Odisha,Both,All,70-74,All,8.28,6.79,10.10,67068,810000
IN-OD,Odisha,Both,All,70-74,None,11.59,9.50,14.14,18775,162000
IN-OD,Odisha,Both,All,70-74,Primary,8.69,7.13,10.60,14077,162000
IN-OD,Odisha,Both,All,70-74,Middle,6.62,5.43,8.08,10724,162000
IN-OD,Odisha,Both,All,70-74,Secondary,4.97,4.08,6.06,8051,162000
IN-OD,Odisha,Both,All,70-74,Higher,3.73,3.06,4.55,6042,162000
IN-OD,Odisha,Both,All,75-79,All,12.24,10.04,14.93,99144,810000
IN-OD,Odisha,Both,All,75-79,None,17.14,14.05,20.91,27766,162000
IN-OD,Odisha,Both,All,75-79,Primary,12.85,10.54,15.68,20817,162000
IN-OD,Odisha,Both,All,75-79,Middle,9.79,8.03,11.94,15859,162000
IN-OD,Odisha,Both,All,75-79,Secondary,7.34,6.02,8.95,11890,162000
IN-OD,Odisha,Both,All,75-79,Higher,5.51,4.52,6.72,8926,162000
IN-OD,Odisha,Both,All,80-84,All,17.28,14.17,21.08,139968,810000
IN-OD,Odisha,Both,All,80-84,None,24.19,19.84,29.51,39187,162000
IN-OD,Odisha,Both,All,80-84,Primary,18.14,14.87,22.13,29386,162000
IN-OD,Odisha,Both,All,80-84,Middle,13.82,11.33,16.86,22388,162000
IN-OD,Odisha,Both,All,80-84,Secondary,10.37,8.50,12.65,16799,162000
IN-OD,Odisha,Both,All,80-84,Higher,7.78,6.38,9.49,12603,162000
IN-OD,Odisha,Both,All,85+,All,23.76,19.48,28.99,192456,810000
IN-OD,Odisha,Both,All,85+,None,33.26,27.27,40.58,53881,162000
IN-OD,Odisha,Both,All,85+,Primary,24.95,20.46,30.44,40419,162000
IN-OD,Odisha,Both,All,85+,Middle,19.01,15.59,23.19,30796,162000
IN-OD,Odisha,Both,All,85+,Secondary,14.26,11.69,17.40,23101,162000
IN-OD,Odisha,Both,All,85+,Higher,10.69,8.77,13.04,17317,162000
IN-OD,Odisha,Both,Urban,60+,All,5.90,4.84,7.20,84960,1440000
IN-OD,Odisha,Both,Urban,60+,None,8.27,6.78,10.09,23817,288000
IN-OD,Odisha,Both,Urban,60+,Primary,6.20,5.08,7.56,17856,288000
IN-OD,Odisha,Both,Urban,60+,Middle,4.72,3.87,5.76,13593,288000
IN-OD,Odisha,Both,Urban,60+,Secondary,3.54,2.90,4.32,10195,288000
IN-OD,Odisha,Both,Urban,60+,Higher,2.66,2.18,3.25,7660,288000
IN-OD,Odisha,Both,Urban,60-64,All,2.66,2.18,3.25,6894,259200
IN-OD,Odisha,Both,Urban,60-64,None,3.72,3.05,4.54,1928,51840
IN-OD,Odisha,Both,Urban,60-64,Primary,2.79,2.29,3.40,1446,51840
IN-OD,Odisha,Both,Urban,60-64,Middle,2.13,1.75,2.60,1104,51840
IN-OD,Odisha,Both,Urban,60-64,Secondary,1.59,1.30,1.94,824,51840
IN-OD,Odisha,Both,Urban,60-64,Higher,1.20,0.98,1.46,622,51840
IN-OD,Odisha,Both,Urban,65-69,All,4.43,3.63,5.40,11482,259200
IN-OD,Odisha,Both,Urban,65-69,None,6.20,5.08,7.56,3214,51840
IN-OD,Odisha,Both,Urban,65-69,Primary,4.65,3.81,5.67,2410,51840
IN-OD,Odisha,Both,Urban,65-69,Middle,3.54,2.90,4.32,1835,51840
IN-OD,Odisha,Both,Urban,65-69,Secondary,2.66,2.18,3.25,1378,51840
IN-OD,Odisha,Both,Urban,65-69,Higher,1.99,1.63,2.43,1031,51840
IN-OD,Odisha,Both,Urban,70-74,All,6.79,5.57,8.28,17599,259200
IN-OD,Odisha,Both,Urban,70-74,None,9.51,7.80,11.60,4929,51840
IN-OD,Odisha,Both,Urban,70-74,Primary,7.13,5.85,8.70,3696,51840
IN-OD,Odisha,Both,Urban,70-74,Middle,5.43,4.45,6.62,2814,51840
IN-OD,Odisha,Both,Urban,70-74,Secondary,4.07,3.34,4.97,2109,51840
IN-OD,Odisha,Both,Urban,70-74,Higher,3.06,2.51,3.73,1586,51840
IN-OD,Odisha,Both,Urban,75-79,All,10.04,8.23,12.25,26023,259200
IN-OD,Odisha,Both,Urban,75-79,None,14.05,11.52,17.14,7283,51840
IN-OD,Odisha,Both,Urban,75-79,Primary,10.54,8.64,12.86,5463,51840
IN-OD,Odisha,Both,Urban,75-79,Middle,8.03,6.58,9.80,4162,51840
IN-OD,Odisha,Both,Urban,75-79,Secondary,6.02,4.94,7.34,3120,51840
IN-OD,Odisha,Both,Urban,75-79,Higher,4.52,3.71,5.51,2343,51840
IN-OD,Odisha,Both,Urban,80-84,All,14.17,11.62,17.29,36728,259200
IN-OD,Odisha,Both,Urban,80-84,None,19.84,16.27,24.20,10285,51840
IN-OD,Odisha,Both,Urban,80-84,Primary,14.88,12.20,18.15,7713,51840
IN-OD,Odisha,Both,Urban,80-84,Middle,11.34,9.30,13.83,5878,51840
IN-OD,Odisha,Both,Urban,80-84,Secondary,8.50,6.97,10.37,4406,51840
IN-OD,Odisha,Both,Urban,80-84,Higher,6.38,5.23,7.78,3307,51840
IN-OD,Odisha,Both,Urban,85+,All,19.48,15.97,23.77,50492,259200
IN-OD,Odisha,Both,Urban,85+,None,27.28,22.37,33.28,14141,51840
IN-OD,Odisha,Both,Urban,85+,Primary,20.46,16.78,24.96,10606,51840
IN-OD,Odisha,Both,Urban,85+,Middle,15.59,12.78,19.02,8081,51840
IN-OD,Odisha,Both,Urban,85+,Secondary,11.69,9.59,14.26,6060,51840
IN-OD,Odisha,Both,Urban,85+,Higher,8.77,7.19,10.70,4546,51840
IN-OD,Odisha,Both,Rural,60+,All,8.78,7.20,10.71,268667,3060000
IN-OD,Odisha,Both,Rural,60+,None,12.30,10.09,15.01,75276,612000
IN-OD,Odisha,Both,Rural,60+,Primary,9.22,7.56,11.25,56426,612000
IN-OD,Odisha,Both,Rural,60+,Middle,7.03,5.76,8.58,43023,612000
IN-OD,Odisha,Both,Rural,60+,Secondary,5.27,4.32,6.43,32252,612000
IN-OD,Odisha,Both,Rural,60+,Higher,3.95,3.24,4.82,24174,612000
IN-OD,Odisha,Both,Rural,60-64,All,3.95,3.24,4.82,21756,550800
IN-OD,Odisha,Both,Rural,60-64,None,5.53,4.53,6.75,6091,110160
IN-OD,Odisha,Both,Rural,60-64,Primary,4.15,3.40,5.06,4571,110160
IN-OD,Odisha,Both,Rural,60-64,Middle,3.16,2.59,3.86,3481,110160
IN-OD,Odisha,Both,Rural,60-64,Secondary,2.37,1.94,2.89,2610,110160
IN-OD,Odisha,Both,Rural,60-64,Higher,1.78,1.46,2.17,1960,110160
IN-OD,Odisha,Both,Rural,65-69,All,6.59,5.40,8.04,36297,550800
IN-OD,Odisha,Both,Rural,65-69,None,9.22,7.56,11.25,10156,110160
IN-OD,Odisha,Both,Rural,65-69,Primary,6.92,5.67,8.44,7623,110160
IN-OD,Odisha,Both,Rural,65-69,Middle,5.27,4.32,6.43,5805,110160
IN-OD,Odisha,Both,Rural,65-69,Secondary,3.95,3.24,4.82,4351,110160
IN-OD,Odisha,Both,Rural,65-69,Higher,2.96,2.43,3.61,3260,110160
IN-OD,Odisha,Both,Rural,70-74,All,10.10,8.28,12.32,55630,550800
IN-OD,Odisha,Both,Rural,70-74,None,14.14,11.59,17.25,15576,110160
IN-OD,Odisha,Both,Rural,70-74,Primary,10.61,8.70,12.94,11687,110160
IN-OD,Odisha,Both,Rural,70-74,Middle,8.08,6.63,9.86,8900,110160
IN-OD,Odisha,Both,Rural,70-74,Secondary,6.06,4.97,7.39,6675,110160
IN-OD,Odisha,Both,Rural,70-74,Higher,4.55,3.73,5.55,5012,110160
IN-OD,Odisha,Both,Rural,75-79,All,14.93,12.24,18.21,82234,550800
IN-OD,Odisha,Both,Rural,75-79,None,20.91,17.15,25.51,23034,110160
IN-OD,Odisha,Both,Rural,75-79,Primary,15.68,12.86,19.13,17273,110160
IN-OD,Odisha,Both,Rural,75-79,Middle,11.95,9.80,14.58,13164,110160
IN-OD,Odisha,Both,Rural,75-79,Secondary,8.96,7.35,10.93,9870,110160
IN-OD,Odisha,Both,Rural,75-79,Higher,6.72,5.51,8.20,7402,110160
IN-OD,Odisha,Both,Rural,80-84,All,21.08,17.29,25.72,116108,550800
IN-OD,Odisha,Both,Rural,80-84,None,29.51,24.20,36.00,32508,110160
IN-OD,Odisha,Both,Rural,80-84,Primary,22.14,18.15,27.01,24389,110160
IN-OD,Odisha,Both,Rural,80-84,Middle,16.87,13.83,20.58,18583,110160
IN-OD,Odisha,Both,Rural,80-84,Secondary,12.65,10.37,15.43,13935,110160
IN-OD,Odisha,Both,Rural,80-84,Higher,9.49,7.78,11.58,10454,110160
IN-OD,Odisha,Both,Rural,85+,All,28.99,23.77,35.37,159676,550800
IN-OD,Odisha,Both,Rural,85+,None,35.00,28.70,42.70,38556,110160
IN-OD,Odisha,Both,Rural,85+,Primary,30.44,24.96,37.14,33532,110160
IN-OD,Odisha,Both,Rural,85+,Middle,23.19,19.02,28.29,25546,110160
IN-OD,Odisha,Both,Rural,85+,Secondary,17.39,14.26,21.22,19156,110160
IN-OD,Odisha,Both,Rural,85+,Higher,13.04,10.69,15.91,14364,110160
IN-OD,Odisha,Male,All,60+,All,6.12,5.02,7.47,137700,2250000
IN-OD,Odisha,Male,All,60+,None,8.57,7.03,10.46,38565,450000
IN-OD,Odisha,Male,All,60+,Primary,6.43,5.27,7.84,28935,450000
IN-OD,Odisha,Male,All,60+,Middle,4.90,4.02,5.98,22050,450000
IN-OD,Odisha,Male,All,60+,Secondary,3.67,3.01,4.48,16515,450000
IN-OD,Odisha,Male,All,60+,Higher,2.75,2.26,3.36,12375,450000
IN-OD,Odisha,Male,All,60-64,All,2.75,2.26,3.36,11137,405000
IN-OD,Odisha,Male,All,60-64,None,3.86,3.17,4.71,3126,81000
IN-OD,Odisha,Male,All,60-64,Primary,2.89,2.37,3.53,2340,81000
IN-OD,Odisha,Male,All,60-64,Middle,2.20,1.80,2.68,1782,81000
IN-OD,Odisha,Male,All,60-64,Secondary,1.65,1.35,2.01,1336,81000
IN-OD,Odisha,Male,All,60-64,Higher,1.24,1.02,1.51,1004,81000
IN-OD,Odisha,Male,All,65-69,All,4.59,3.76,5.60,18589,405000
IN-OD,Odisha,Male,All,65-69,None,6.43,5.27,7.84,5208,81000
IN-OD,Odisha,Male,All,65-69,Primary,4.82,3.95,5.88,3904,81000
IN-OD,Odisha,Male,All,65-69,Middle,3.67,3.01,4.48,2972,81000
IN-OD,Odisha,Male,All,65-69,Secondary,2.75,2.26,3.36,2227,81000
IN-OD,Odisha,Male,All,65-69,Higher,2.07,1.70,2.53,1676,81000
IN-OD,Odisha,Male,All,70-74,All,7.04,5.77,8.59,28512,405000
IN-OD,Odisha,Male,All,70-74,None,9.85,8.08,12.02,7978,81000
IN-OD,Odisha,Male,All,70-74,Primary,7.39,6.06,9.02,5985,81000
IN-OD,Odisha,Male,All,70-74,Middle,5.63,4.62,6.87,4560,81000
IN-OD,Odisha,Male,All,70-74,Secondary,4.22,3.46,5.15,3418,81000
IN-OD,Odisha,Male,All,70-74,Higher,3.17,2.60,3.87,2567,81000
IN-OD,Odisha,Male,All,75-79,All,10.40,8.53,12.69,42120,405000
IN-OD,Odisha,Male,All,75-79,None,14.57,11.95,17.78,11801,81000
IN-OD,Odisha,Male,All,75-79,Primary,10.92,8.95,13.32,8845,81000
IN-OD,Odisha,Male,All,75-79,Middle,8.32,6.82,10.15,6739,81000
IN-OD,Odisha,Male,All,75-79,Secondary,6.24,5.12,7.61,5054,81000
IN-OD,Odisha,Male,All,75-79,Higher,4.68,3.84,5.71,3790,81000
IN-OD,Odisha,Male,All,80-84,All,14.69,12.05,17.92,59494,405000
IN-OD,Odisha,Male,All,80-84,None,20.56,16.86,25.08,16653,81000
IN-OD,Odisha,Male,All,80-84,Primary,15.42,12.64,18.81,12490,81000
IN-OD,Odisha,Male,All,80-84,Middle,11.75,9.64,14.34,9517,81000
IN-OD,Odisha,Male,All,80-84,Secondary,8.81,7.22,10.75,7136,81000
IN-OD,Odisha,Male,All,80-84,Higher,6.61,5.42,8.06,5354,81000
IN-OD,Odisha,Male,All,85+,All,20.20,16.56,24.64,81810,405000
IN-OD,Odisha,Male,All,85+,None,28.27,23.18,34.49,22898,81000
IN-OD,Odisha,Male,All,85+,Primary,21.21,17.39,25.88,17180,81000
IN-OD,Odisha,Male,All,85+,Middle,16.16,13.25,19.72,13089,81000
IN-OD,Odisha,Male,All,85+,Secondary,12.12,9.94,14.79,9817,81000
IN-OD,Odisha,Male,All,85+,Higher,9.09,7.45,11.09,7362,81000
IN-OD,Odisha,Male,Urban,60+,All,5.02,4.12,6.12,36143,720000
IN-OD,Odisha,Male,Urban,60+,None,7.03,5.76,8.58,10123,144000
IN-OD,Odisha,Male,Urban,60+,Primary,5.27,4.32,6.43,7588,144000
IN-OD,Odisha,Male,Urban,60+,Middle,4.01,3.29,4.89,5774,144000
IN-OD,Odisha,Male,Urban,60+,Secondary,3.01,2.47,3.67,4334,144000
IN-OD,Odisha,Male,Urban,60+,Higher,2.26,1.85,2.76,3254,144000
IN-OD,Odisha,Male,Urban,60-64,All,2.26,1.85,2.76,2928,129600
IN-OD,Odisha,Male,Urban,60-64,None,3.16,2.59,3.86,819,25920
IN-OD,Odisha,Male,Urban,60-64,Primary,2.37,1.94,2.89,614,25920
IN-OD,Odisha,Male,Urban,60-64,Middle,1.81,1.48,2.21,469,25920
IN-OD,Odisha,Male,Urban,60-64,Secondary,1.35,1.11,1.65,349,25920
IN-OD,Odisha,Male,Urban,60-64,Higher,1.02,0.84,1.24,264,25920
IN-OD,Odisha,Male,Urban,65-69,All,3.76,3.08,4.59,4872,129600
IN-OD,Odisha,Male,Urban,65-69,None,5.27,4.32,6.43,1365,25920
IN-OD,Odisha,Male,Urban,65-69,Primary,3.95,3.24,4.82,1023,25920
IN-OD,Odisha,Male,Urban,65-69,Middle,3.01,2.47,3.67,780,25920
IN-OD,Odisha,Male,Urban,65-69,Secondary,2.26,1.85,2.76,585,25920
IN-OD,Odisha,Male,Urban,65-69,Higher,1.69,1.39,2.06,438,25920
IN-OD,Odisha,Male,Urban,70-74,All,5.77,4.73,7.04,7477,129600
IN-OD,Odisha,Male,Urban,70-74,None,8.08,6.63,9.86,2094,25920
IN-OD,Odisha,Male,Urban,70-74,Primary,6.06,4.97,7.39,1570,25920
IN-OD,Odisha,Male,Urban,70-74,Middle,4.62,3.79,5.64,1197,25920
IN-OD,Odisha,Male,Urban,70-74,Secondary,3.46,2.84,4.22,896,25920
IN-OD,Odisha,Male,Urban,70-74,Higher,2.60,2.13,3.17,673,25920
IN-OD,Odisha,Male,Urban,75-79,All,8.53,6.99,10.41,11054,129600
IN-OD,Odisha,Male,Urban,75-79,None,11.94,9.79,14.57,3094,25920
IN-OD,Odisha,Male,Urban,75-79,Primary,8.96,7.35,10.93,2322,25920
IN-OD,Odisha,Male,Urban,75-79,Middle,6.83,5.60,8.33,1770,25920
IN-OD,Odisha,Male,Urban,75-79,Secondary,5.12,4.20,6.25,1327,25920
IN-OD,Odisha,Male,Urban,75-79,Higher,3.84,3.15,4.68,995,25920
IN-OD,Odisha,Male,Urban,80-84,All,12.04,9.87,14.69,15603,129600
IN-OD,Odisha,Male,Urban,80-84,None,16.86,13.83,20.57,4370,25920
IN-OD,Odisha,Male,Urban,80-84,Primary,12.65,10.37,15.43,3278,25920
IN-OD,Odisha,Male,Urban,80-84,Middle,9.64,7.90,11.76,2498,25920
IN-OD,Odisha,Male,Urban,80-84,Secondary,7.23,5.93,8.82,1874,25920
IN-OD,Odisha,Male,Urban,80-84,Higher,5.42,4.44,6.61,1404,25920
IN-OD,Odisha,Male,Urban,85+,All,16.56,13.58,20.20,21461,129600
IN-OD,Odisha,Male,Urban,85+,None,23.19,19.02,28.29,6010,25920
IN-OD,Odisha,Male,Urban,85+,Primary,17.39,14.26,21.22,4507,25920
IN-OD,Odisha,Male,Urban,85+,Middle,13.25,10.87,16.17,3434,25920
IN-OD,Odisha,Male,Urban,85+,Secondary,9.94,8.15,12.13,2576,25920
IN-OD,Odisha,Male,Urban,85+,Higher,7.45,6.11,9.09,1931,25920
IN-OD,Odisha,Male,Rural,60+,All,7.47,6.13,9.11,114291,1530000
IN-OD,Odisha,Male,Rural,60+,None,10.45,8.57,12.75,31977,306000
IN-OD,Odisha,Male,Rural,60+,Primary,7.84,6.43,9.56,23990,306000
IN-OD,Odisha,Male,Rural,60+,Middle,5.97,4.90,7.28,18268,306000
IN-OD,Odisha,Male,Rural,60+,Secondary,4.48,3.67,5.47,13708,306000
IN-OD,Odisha,Male,Rural,60+,Higher,3.36,2.76,4.10,10281,306000
IN-OD,Odisha,Male,Rural,60-64,All,3.36,2.76,4.10,9253,275400
IN-OD,Odisha,Male,Rural,60-64,None,4.70,3.85,5.73,2588,55080
IN-OD,Odisha,Male,Rural,60-64,Primary,3.53,2.89,4.31,1944,55080
IN-OD,Odisha,Male,Rural,60-64,Middle,2.69,2.21,3.28,1481,55080
IN-OD,Odisha,Male,Rural,60-64,Secondary,2.02,1.66,2.46,1112,55080
IN-OD,Odisha,Male,Rural,60-64,Higher,1.51,1.24,1.84,831,55080
IN-OD,Odisha,Male,Rural,65-69,All,5.60,4.59,6.83,15422,275400
IN-OD,Odisha,Male,Rural,65-69,None,7.84,6.43,9.56,4318,55080
IN-OD,Odisha,Male,Rural,65-69,Primary,5.88,4.82,7.17,3238,55080
IN-OD,Odisha,Male,Rural,65-69,Middle,4.48,3.67,5.47,2467,55080
IN-OD,Odisha,Male,Rural,65-69,Secondary,3.36,2.76,4.10,1850,55080
IN-OD,Odisha,Male,Rural,65-69,Higher,2.52,2.07,3.07,1388,55080
IN-OD,Odisha,Male,Rural,70-74,All,8.59,7.04,10.48,23656,275400
IN-OD,Odisha,Male,Rural,70-74,None,12.02,9.86,14.66,6620,55080
IN-OD,Odisha,Male,Rural,70-74,Primary,9.02,7.40,11.00,4968,55080
IN-OD,Odisha,Male,Rural,70-74,Middle,6.87,5.63,8.38,3783,55080
IN-OD,Odisha,Male,Rural,70-74,Secondary,5.15,4.22,6.28,2836,55080
IN-OD,Odisha,Male,Rural,70-74,Higher,3.86,3.17,4.71,2126,55080
IN-OD,Odisha,Male,Rural,75-79,All,12.69,10.41,15.48,34948,275400
IN-OD,Odisha,Male,Rural,75-79,None,17.77,14.57,21.68,9787,55080
IN-OD,Odisha,Male,Rural,75-79,Primary,13.33,10.93,16.26,7342,55080
IN-OD,Odisha,Male,Rural,75-79,Middle,10.15,8.32,12.38,5590,55080
IN-OD,Odisha,Male,Rural,75-79,Secondary,7.62,6.25,9.30,4197,55080
IN-OD,Odisha,Male,Rural,75-79,Higher,5.71,4.68,6.97,3145,55080
IN-OD,Odisha,Male,Rural,80-84,All,17.92,14.69,21.86,49351,275400
IN-OD,Odisha,Male,Rural,80-84,None,25.09,20.57,30.61,13819,55080
IN-OD,Odisha,Male,Rural,80-84,Primary,18.82,15.43,22.96,10366,55080
IN-OD,Odisha,Male,Rural,80-84,Middle,14.34,11.76,17.49,7898,55080
IN-OD,Odisha,Male,Rural,80-84,Secondary,10.75,8.82,13.12,5921,55080
IN-OD,Odisha,Male,Rural,80-84,Higher,8.06,6.61,9.83,4439,55080
IN-OD,Odisha,Male,Rural,85+,All,24.64,20.20,30.06,67858,275400
IN-OD,Odisha,Male,Rural,85+,None,34.49,28.28,42.08,18997,55080
IN-OD,Odisha,Male,Rural,85+,Primary,25.87,21.21,31.56,14249,55080
IN-OD,Odisha,Male,Rural,85+,Middle,19.71,16.16,24.05,10856,55080
IN-OD,Odisha,Male,Rural,85+,Secondary,14.78,12.12,18.03,8140,55080
IN-OD,Odisha,Male,Rural,85+,Higher,11.09,9.09,13.53,6108,55080
IN-OD,Odisha,Female,All,60+,All,8.28,6.79,10.10,186300,2250000
IN-OD,Odisha,Female,All,60+,None,11.59,9.50,14.14,52155,450000
IN-OD,Odisha,Female,All,60+,Primary,8.69,7.13,10.60,39104,450000
IN-OD,Odisha,Female,All,60+,Middle,6.62,5.43,8.08,29789,450000
IN-OD,Odisha,Female,All,60+,Secondary,4.97,4.08,6.06,22364,450000
IN-OD,Odisha,Female,All,60+,Higher,3.73,3.06,4.55,16785,450000
IN-OD,Odisha,Female,All,60-64,All,3.73,3.06,4.55,15106,405000
IN-OD,Odisha,Female,All,60-64,None,5.22,4.28,6.37,4228,81000
IN-OD,Odisha,Female,All,60-64,Primary,3.91,3.21,4.77,3167,81000
IN-OD,Odisha,Female,All,60-64,Middle,2.98,2.44,3.64,2413,81000
IN-OD,Odisha,Female,All,60-64,Secondary,2.24,1.84,2.73,1814,81000
IN-OD,Odisha,Female,All,60-64,Higher,1.68,1.38,2.05,1360,81000
IN-OD,Odisha,Female,All,65-69,All,6.21,5.09,7.58,25150,405000
IN-OD,Odisha,Female,All,65-69,None,8.69,7.13,10.60,7038,81000
IN-OD,Odisha,Female,All,65-69,Primary,6.52,5.35,7.95,5281,81000
IN-OD,Odisha,Female,All,65-69,Middle,4.97,4.08,6.06,4025,81000
IN-OD,Odisha,Female,All,65-69,Secondary,3.73,3.06,4.55,3021,81000
IN-OD,Odisha,Female,All,65-69,Higher,2.79,2.29,3.40,2259,81000
IN-OD,Odisha,Female,All,70-74,All,9.52,7.81,11.61,38556,405000
IN-OD,Odisha,Female,All,70-74,None,13.33,10.93,16.26,10797,81000
IN-OD,Odisha,Female,All,70-74,Primary,10.00,8.20,12.20,8100,81000
IN-OD,Odisha,Female,All,70-74,Middle,7.62,6.25,9.30,6172,81000
IN-OD,Odisha,Female,All,70-74,Secondary,5.71,4.68,6.97,4625,81000
IN-OD,Odisha,Female,All,70-74,Higher,4.28,3.51,5.22,3466,81000
IN-OD,Odisha,Female,All,75-79,All,14.08,11.55,17.18,57024,405000
IN-OD,Odisha,Female,All,75-79,None,19.71,16.16,24.05,15965,81000
IN-OD,Odisha,Female,All,75-79,Primary,14.78,12.12,18.03,11971,81000
IN-OD,Odisha,Female,All,75-79,Middle,11.26,9.23,13.74,9120,81000
IN-OD,Odisha,Female,All,75-79,Secondary,8.45,6.93,10.31,6844,81000
IN-OD,Odisha,Female,All,75-79,Higher,6.33,5.19,7.72,5127,81000
IN-OD,Odisha,Female,All,80-84,All,19.87,16.29,24.24,80473,405000
IN-OD,Odisha,Female,All,80-84,None,27.82,22.81,33.94,22534,81000
IN-OD,Odisha,Female,All,80-84,Primary,20.87,17.11,25.46,16904,81000
IN-OD,Odisha,Female,All,80-84,Middle,15.90,13.04,19.40,12879,81000
IN-OD,Odisha,Female,All,80-84,Secondary,11.92,9.77,14.54,9655,81000
IN-OD,Odisha,Female,All,80-84,Higher,8.94,7.33,10.91,7241,81000
IN-OD,Odisha,Female,All,85+,All,27.32,22.40,33.33,110646,405000
IN-OD,Odisha,Female,All,85+,None,35.00,28.70,42.70,28350,81000
IN-OD,Odisha,Female,All,85+,Primary,28.69,23.53,35.00,23238,81000
IN-OD,Odisha,Female,All,85+,Middle,21.86,17.93,26.67,17706,81000
IN-OD,Odisha,Female,All,85+,Secondary,16.39,13.44,20.00,13275,81000
IN-OD,Odisha,Female,All,85+,Higher,12.30,10.09,15.01,9963,81000
IN-OD,Odisha,Female,Urban,60+,All,6.79,5.57,8.28,48888,720000
IN-OD,Odisha,Female,Urban,60+,None,9.51,7.80,11.60,13694,144000
IN-OD,Odisha,Female,Urban,60+,Primary,7.13,5.85,8.70,10267,144000
IN-OD,Odisha,Female,Urban,60+,Middle,5.43,4.45,6.62,7819,144000
IN-OD,Odisha,Female,Urban,60+,Secondary,4.07,3.34,4.97,5860,144000
IN-OD,Odisha,Female,Urban,60+,Higher,3.06,2.51,3.73,4406,144000
IN-OD,Odisha,Female,Urban,60-64,All,3.06,2.51,3.73,3965,129600
IN-OD,Odisha,Female,Urban,60-64,None,4.28,3.51,5.22,1109,25920
IN-OD,Odisha,Female,Urban,60-64,Primary,3.21,2.63,3.92,832,25920
IN-OD,Odisha,Female,Urban,60-64,Middle,2.44,2.00,2.98,632,25920
IN-OD,Odisha,Female,Urban,60-64,Secondary,1.83,1.50,2.23,474,25920
IN-OD,Odisha,Female,Urban,60-64,Higher,1.37,1.12,1.67,355,25920
IN-OD,Odisha,Female,Urban,65-69,All,5.09,4.17,6.21,6596,129600
IN-OD,Odisha,Female,Urban,65-69,None,7.13,5.85,8.70,1848,25920
IN-OD,Odisha,Female,Urban,65-69,Primary,5.35,4.39,6.53,1386,25920
IN-OD,Odisha,Female,Urban,65-69,Middle,4.07,3.34,4.97,1054,25920
IN-OD,Odisha,Female,Urban,65-69,Secondary,3.06,2.51,3.73,793,25920
IN-OD,Odisha,Female,Urban,65-69,Higher,2.29,1.88,2.79,593,25920
IN-OD,Odisha,Female,Urban,70-74,All,7.81,6.40,9.53,10121,129600
IN-OD,Odisha,Female,Urban,70-74,None,10.93,8.96,13.33,2833,25920
IN-OD,Odisha,Female,Urban,70-74,Primary,8.20,6.72,10.00,2125,25920
IN-OD,Odisha,Female,Urban,70-74,Middle,6.25,5.13,7.63,1620,25920
IN-OD,Odisha,Female,Urban,70-74,Secondary,4.68,3.84,5.71,1213,25920
IN-OD,Odisha,Female,Urban,70-74,Higher,3.51,2.88,4.28,909,25920
IN-OD,Odisha,Female,Urban,75-79,All,11.54,9.46,14.08,14955,129600
IN-OD,Odisha,Female,Urban,75-79,None,16.16,13.25,19.72,4188,25920
IN-OD,Odisha,Female,Urban,75-79,Primary,12.12,9.94,14.79,3141,25920
IN-OD,Odisha,Female,Urban,75-79,Middle,9.23,7.57,11.26,2392,25920
IN-OD,Odisha,Female,Urban,75-79,Secondary,6.93,5.68,8.45,1796,25920
IN-OD,Odisha,Female,Urban,75-79,Higher,5.19,4.26,6.33,1345,25920
IN-OD,Odisha,Female,Urban,80-84,All,16.30,13.37,19.89,21124,129600
IN-OD,Odisha,Female,Urban,80-84,None,22.81,18.70,27.83,5912,25920
IN-OD,Odisha,Female,Urban,80-84,Primary,17.11,14.03,20.87,4434,25920
IN-OD,Odisha,Female,Urban,80-84,Middle,13.04,10.69,15.91,3379,25920
IN-OD,Odisha,Female,Urban,80-84,Secondary,9.78,8.02,11.93,2534,25920
IN-OD,Odisha,Female,Urban,80-84,Higher,7.33,6.01,8.94,1899,25920
IN-OD,Odisha,Female,Urban,85+,All,22.41,18.38,27.34,29043,129600
IN-OD,Odisha,Female,Urban,85+,None,31.37,25.72,38.27,8131,25920
IN-OD,Odisha,Female,Urban,85+,Primary,23.53,19.29,28.71,6098,25920
IN-OD,Odisha,Female,Urban,85+,Middle,17.92,14.69,21.86,4644,25920
IN-OD,Odisha,Female,Urban,85+,Secondary,13.44,11.02,16.40,3483,25920
IN-OD,Odisha,Female,Urban,85+,Higher,10.08,8.27,12.30,2612,25920
IN-OD,Odisha,Female,Rural,60+,All,10.10,8.28,12.32,154530,1530000
IN-OD,Odisha,Female,Rural,60+,None,14.14,11.59,17.25,43268,306000
IN-OD,Odisha,Female,Rural,60+,Primary,10.61,8.70,12.94,32466,306000
IN-OD,Odisha,Female,Rural,60+,Middle,8.08,6.63,9.86,24724,306000
IN-OD,Odisha,Female,Rural,60+,Secondary,6.06,4.97,7.39,18543,306000
IN-OD,Odisha,Female,Rural,60+,Higher,4.55,3.73,5.55,13923,306000
IN-OD,Odisha,Female,Rural,60-64,All,4.55,3.73,5.55,12530,275400
IN-OD,Odisha,Female,Rural,60-64,None,6.36,5.22,7.76,3503,55080
IN-OD,Odisha,Female,Rural,60-64,Primary,4.77,3.91,5.82,2627,55080
IN-OD,Odisha,Female,Rural,60-64,Middle,3.64,2.98,4.44,2004,55080
IN-OD,Odisha,Female,Rural,60-64,Secondary,2.73,2.24,3.33,1503,55080
IN-OD,Odisha,Female,Rural,60-64,Higher,2.05,1.68,2.50,1129,55080
IN-OD,Odisha,Female,Rural,65-69,All,7.58,6.22,9.25,20875,275400
IN-OD,Odisha,Female,Rural,65-69,None,10.61,8.70,12.94,5843,55080
IN-OD,Odisha,Female,Rural,65-69,Primary,7.96,6.53,9.71,4384,55080
IN-OD,Odisha,Female,Rural,65-69,Middle,6.06,4.97,7.39,3337,55080
IN-OD,Odisha,Female,Rural,65-69,Secondary,4.55,3.73,5.55,2506,55080
IN-OD,Odisha,Female,Rural,65-69,Higher,3.41,2.80,4.16,1878,55080
IN-OD,Odisha,Female,Rural,70-74,All,11.62,9.53,14.18,32001,275400
IN-OD,Odisha,Female,Rural,70-74,None,16.26,13.33,19.84,8956,55080
IN-OD,Odisha,Female,Rural,70-74,Primary,12.20,10.00,14.88,6719,55080
IN-OD,Odisha,Female,Rural,70-74,Middle,9.29,7.62,11.33,5116,55080
IN-OD,Odisha,Female,Rural,70-74,Secondary,6.97,5.72,8.50,3839,55080
IN-OD,Odisha,Female,Rural,70-74,Higher,5.23,4.29,6.38,2880,55080
IN-OD,Odisha,Female,Rural,75-79,All,17.17,14.08,20.95,47286,275400
IN-OD,Odisha,Female,Rural,75-79,None,24.04,19.71,29.33,13241,55080
IN-OD,Odisha,Female,Rural,75-79,Primary,18.03,14.78,22.00,9930,55080
IN-OD,Odisha,Female,Rural,75-79,Middle,13.74,11.27,16.76,7567,55080
IN-OD,Odisha,Female,Rural,75-79,Secondary,10.30,8.45,12.57,5673,55080
IN-OD,Odisha,Female,Rural,75-79,Higher,7.73,6.34,9.43,4257,55080
IN-OD,Odisha,Female,Rural,80-84,All,24.24,19.88,29.57,66756,275400
IN-OD,Odisha,Female,Rural,80-84,None,33.94,27.83,41.41,18694,55080
IN-OD,Odisha,Female,Rural,80-84,Primary,25.46,20.88,31.06,14023,55080
IN-OD,Odisha,Female,Rural,80-84,Middle,19.40,15.91,23.67,10685,55080
IN-OD,Odisha,Female,Rural,80-84,Secondary,14.55,11.93,17.75,8014,55080
IN-OD,Odisha,Female,Rural,80-84,Higher,10.91,8.95,13.31,6009,55080
IN-OD,Odisha,Female,Rural,85+,All,33.34,27.34,40.67,91818,275400
IN-OD,Odisha,Female,Rural,85+,None,35.00,28.70,42.70,19278,55080
IN-OD,Odisha,Female,Rural,85+,Primary,35.00,28.70,42.70,19278,55080
IN-OD,Odisha,Female,Rural,85+,Middle,26.67,21.87,32.54,14689,55080
IN-OD,Odisha,Female,Rural,85+,Secondary,20.00,16.40,24.40,11016,55080
IN-OD,Odisha,Female,Rural,85+,Higher,15.00,12.30,18.30,8262,55080
IN-TG,Telangana,Both,All,60+,All,7.10,5.82,8.66,276900,3900000
IN-TG,Telangana,Both,All,60+,None,9.94,8.15,12.13,77531,780000
IN-TG,Telangana,Both,All,60+,Primary,7.46,6.12,9.10,58188,780000
IN-TG,Telangana,Both,All,60+,Middle,5.68,4.66,6.93,44304,780000
IN-TG,Telangana,Both,All,60+,Secondary,4.26,3.49,5.20,33228,780000
IN-TG,Telangana,Both,All,60+,Higher,3.20,2.62,3.90,24960,780000
IN-TG,Telangana,Both,All,60-64,All,3.20,2.62,3.90,22464,702000
IN-TG,Telangana,Both,All,60-64,None,4.47,3.67,5.45,6275,140400
IN-TG,Telangana,Both,All,60-64,Primary,3.35,2.75,4.09,4703,140400
IN-TG,Telangana,Both,All,60-64,Middle,2.56,2.10,3.12,3594,140400
IN-TG,Telangana,Both,All,60-64,Secondary,1.92,1.57,2.34,2695,140400
IN-TG,Telangana,Both,All,60-64,Higher,1.44,1.18,1.76,2021,140400
IN-TG,Telangana,Both,All,65-69,All,5.32,4.36,6.49,37346,702000
IN-TG,Telangana,Both,All,65-69,None,7.45,6.11,9.09,10459,140400
IN-TG,Telangana,Both,All,65-69,Primary,5.59,4.58,6.82,7848,140400
IN-TG,Telangana,Both,All,65-69,Middle,4.26,3.49,5.20,5981,140400
IN-TG,Telangana,Both,All,65-69,Secondary,3.19,2.62,3.89,4478,140400
IN-TG,Telangana,Both,All,65-69,Higher,2.40,1.97,2.93,3369,140400
IN-TG,Telangana,Both,All,70-74,All,8.16,6.69,9.96,57283,702000
IN-TG,Telangana,Both,All,70-74,None,11.43,9.37,13.94,16047,140400
IN-TG,Telangana,Both,All,70-74,Primary,8.57,7.03,10.46,12032,140400
IN-TG,Telangana,Both,All,70-74,Middle,6.53,5.35,7.97,9168,140400
IN-TG,Telangana,Both,All,70-74,Secondary,4.90,4.02,5.98,6879,140400
IN-TG,Telangana,Both,All,70-74,Higher,3.67,3.01,4.48,5152,140400
IN-TG,Telangana,Both,All,75-79,All,12.07,9.90,14.73,84731,702000
IN-TG,Telangana,Both,All,75-79,None,16.90,13.86,20.62,23727,140400
IN-TG,Telangana,Both,All,75-79,Primary,12.67,10.39,15.46,17788,140400
IN-TG,Telangana,Both,All,75-79,Middle,9.66,7.92,11.79,13562,140400
IN-TG,Telangana,Both,All,75-79,Secondary,7.24,5.94,8.83,10164,140400
IN-TG,Telangana,Both,All,75-79,Higher,5.43,4.45,6.62,7623,140400
IN-TG,Telangana,Both,All,80-84,All,17.04,13.97,20.79,119620,702000
IN-TG,Telangana,Both,All,80-84,None,23.86,19.57,29.11,33499,140400
IN-TG,Telangana,Both,All,80-84,Primary,17.89,14.67,21.83,25117,140400
IN-TG,Telangana,Both,All,80-84,Middle,13.63,11.18,16.63,19136,140400
IN-TG,Telangana,Both,All,80-84,Secondary,10.22,8.38,12.47,14348,140400
IN-TG,Telangana,Both,All,80-84,Higher,7.67,6.29,9.36,10768,140400
IN-TG,Telangana,Both,All,85+,All,23.43,19.21,28.58,164478,702000
IN-TG,Telangana,Both,All,85+,None,32.80,26.90,40.02,46051,140400
IN-TG,Telangana,Both,All,85+,Primary,24.60,20.17,30.01,34538,140400
IN-TG,Telangana,Both,All,85+,Middle,18.74,15.37,22.86,26310,140400
IN-TG,Telangana,Both,All,85+,Secondary,14.06,11.53,17.15,19740,140400
IN-TG,Telangana,Both,All,85+,Higher,10.54,8.64,12.86,14798,140400
IN-TG,Telangana,Both,Urban,60+,All,5.82,4.77,7.10,72633,1248000
IN-TG,Telangana,Both,Urban,60+,None,8.15,6.68,9.94,20342,249600
IN-TG,Telangana,Both,Urban,60+,Primary,6.11,5.01,7.45,15250,249600
IN-TG,Telangana,Both,Urban,60+,Middle,4.66,3.82,5.69,11631,249600
IN-TG,Telangana,Both,Urban,60+,Secondary,3.49,2.86,4.26,8711,249600
IN-TG,Telangana,Both,Urban,60+,Higher,2.62,2.15,3.20,6539,249600
IN-TG,Telangana,Both,Urban,60-64,All,2.62,2.15,3.20,5885,224640
IN-TG,Telangana,Both,Urban,60-64,None,3.67,3.01,4.48,1648,44928
IN-TG,Telangana,Both,Urban,60-64,Primary,2.75,2.26,3.36,1235,44928
IN-TG,Telangana,Both,Urban,60-64,Middle,2.10,1.72,2.56,943,44928
IN-TG,Telangana,Both,Urban,60-64,Secondary,1.57,1.29,1.92,705,44928
IN-TG,Telangana,Both,Urban,60-64,Higher,1.18,0.97,1.44,530,44928
IN-TG,Telangana,Both,Urban,65-69,All,4.37,3.58,5.33,9816,224640
IN-TG,Telangana,Both,Urban,65-69,None,6.11,5.01,7.45,2745,44928
IN-TG,Telangana,Both,Urban,65-69,Primary,4.58,3.76,5.59,2057,44928
IN-TG,Telangana,Both,Urban,65-69,Middle,3.49,2.86,4.26,1567,44928
IN-TG,Telangana,Both,Urban,65-69,Secondary,2.62,2.15,3.20,1177,44928
IN-TG,Telangana,Both,Urban,65-69,Higher,1.96,1.61,2.39,880,44928
IN-TG,Telangana,Both,Urban,70-74,All,6.70,5.49,8.17,15050,224640
IN-TG,Telangana,Both,Urban,70-74,None,9.37,7.68,11.43,4209,44928
IN-TG,Telangana,Both,Urban,70-74,Primary,7.03,5.76,8.58,3158,44928
IN-TG,Telangana,Both,Urban,70-74,Middle,5.36,4.40,6.54,2408,44928
IN-TG,Telangana,Both,Urban,70-74,Secondary,4.02,3.30,4.90,1806,44928
IN-TG,Telangana,Both,Urban,70-74,Higher,3.01,2.47,3.67,1352,44928
IN-TG,Telangana,Both,Urban,75-79,All,9.90,8.12,12.08,22239,224640
IN-TG,Telangana,Both,Urban,75-79,None,13.86,11.37,16.91,6227,44928
IN-TG,Telangana,Both,Urban,75-79,Primary,10.39,8.52,12.68,4668,44928
IN-TG,Telangana,Both,Urban,75-79,Middle,7.92,6.49,9.66,3558,44928
IN-TG,Telangana,Both,Urban,75-79,Secondary,5.94,4.87,7.25,2668,44928
IN-TG,Telangana,Both,Urban,75-79,Higher,4.45,3.65,5.43,1999,44928
IN-TG,Telangana,Both,Urban,80-84,All,13.97,11.46,17.04,31382,224640
IN-TG,Telangana,Both,Urban,80-84,None,19.56,16.04,23.86,8787,44928
IN-TG,Telangana,Both,Urban,80-84,Primary,14.67,12.03,17.90,6590,44928
IN-TG,Telangana,Both,Urban,80-84,Middle,11.18,9.17,13.64,5022,44928
IN-TG,Telangana,Both,Urban,80-84,Secondary,8.38,6.87,10.22,3764,44928
IN-TG,Telangana,Both,Urban,80-84,Higher,6.29,5.16,7.67,2825,44928
IN-TG,Telangana,Both,Urban,85+,All,19.21,15.75,23.44,43153,224640
IN-TG,Telangana,Both,Urban,85+,None,26.90,22.06,32.82,12085,44928
IN-TG,Telangana,Both,Urban,85+,Primary,20.17,16.54,24.61,9061,44928
IN-TG,Telangana,Both,Urban,85+,Middle,15.37,12.60,18.75,6905,44928
IN-TG,Telangana,Both,Urban,85+,Secondary,11.53,9.45,14.07,5180,44928
IN-TG,Telangana,Both,Urban,85+,Higher,8.65,7.09,10.55,3886,44928
IN-TG,Telangana,Both,Rural,60+,All,8.66,7.10,10.57,229663,2652000
IN-TG,Telangana,Both,Rural,60+,None,12.13,9.95,14.80,64337,530400
IN-TG,Telangana,Both,Rural,60+,Primary,9.10,7.46,11.10,48266,530400
IN-TG,Telangana,Both,Rural,60+,Middle,6.93,5.68,8.45,36756,530400
IN-TG,Telangana,Both,Rural,60+,Secondary,5.20,4.26,6.34,27580,530400
IN-TG,Telangana,Both,Rural,60+,Higher,3.90,3.20,4.76,20685,530400
IN-TG,Telangana,Both,Rural,60-64,All,3.90,3.20,4.76,18617,477360
IN-TG,Telangana,Both,Rural,60-64,None,5.46,4.48,6.66,5212,95472
IN-TG,Telangana,Both,Rural,60-64,Primary,4.09,3.35,4.99,3904,95472
IN-TG,Telangana,Both,Rural,60-64,Middle,3.12,2.56,3.81,2978,95472
IN-TG,Telangana,Both,Rural,60-64,Secondary,2.34,1.92,2.85,2234,95472
IN-TG,Telangana,Both,Rural,60-64,Higher,1.75,1.43,2.13,1670,95472
IN-TG,Telangana,Both,Rural,65-69,All,6.50,5.33,7.93,31028,477360
IN-TG,Telangana,Both,Rural,65-69,None,9.10,7.46,11.10,8687,95472
IN-TG,Telangana,Both,Rural,65-69,Primary,6.82,5.59,8.32,6511,95472
IN-TG,Telangana,Both,Rural,65-69,Middle,5.20,4.26,6.34,4964,95472
IN-TG,Telangana,Both,Rural,65-69,Secondary,3.90,3.20,4.76,3723,95472
IN-TG,Telangana,Both,Rural,65-69,Higher,2.92,2.39,3.56,2787,95472
IN-TG,Telangana,Both,Rural,70-74,All,9.96,8.17,12.15,47545,477360
IN-TG,Telangana,Both,Rural,70-74,None,13.95,11.44,17.02,13318,95472
IN-TG,Telangana,Both,Rural,70-74,Primary,10.46,8.58,12.76,9986,95472
IN-TG,Telangana,Both,Rural,70-74,Middle,7.97,6.54,9.72,7609,95472
IN-TG,Telangana,Both,Rural,70-74,Secondary,5.98,4.90,7.30,5709,95472
IN-TG,Telangana,Both,Rural,70-74,Higher,4.48,3.67,5.47,4277,95472
IN-TG,Telangana,Both,Rural,75-79,All,14.73,12.08,17.97,70315,477360
IN-TG,Telangana,Both,Rural,75-79,None,20.62,16.91,25.16,19686,95472
IN-TG,Telangana,Both,Rural,75-79,Primary,15.46,12.68,18.86,14759,95472
IN-TG,Telangana,Both,Rural,75-79,Middle,11.78,9.66,14.37,11246,95472
IN-TG,Telangana,Both,Rural,75-79,Secondary,8.84,7.25,10.78,8439,95472
IN-TG,Telangana,Both,Rural,75-79,Higher,6.63,5.44,8.09,6329,95472
IN-TG,Telangana,Both,Rural,80-84,All,20.79,17.05,25.36,99243,477360
IN-TG,Telangana,Both,Rural,80-84,None,29.10,23.86,35.50,27782,95472
IN-TG,Telangana,Both,Rural,80-84,Primary,21.83,17.90,26.63,20841,95472
IN-TG,Telangana,Both,Rural,80-84,Middle,16.63,13.64,20.29,15876,95472
IN-TG,Telangana,Both,Rural,80-84,Secondary,12.47,10.23,15.21,11905,95472
IN-TG,Telangana,Both,Rural,80-84,Higher,9.35,7.67,11.41,8926,95472
IN-TG,Telangana,Both,Rural,85+,All,28.58,23.44,34.87,136429,477360
IN-TG,Telangana,Both,Rural,85+,None,35.00,28.70,42.70,33415,95472
IN-TG,Telangana,Both,Rural,85+,Primary,30.01,24.61,36.61,28651,95472
IN-TG,Telangana,Both,Rural,85+,Middle,22.87,18.75,27.90,21834,95472
IN-TG,Telangana,Both,Rural,85+,Secondary,17.15,14.06,20.92,16373,95472
IN-TG,Telangana,Both,Rural,85+,Higher,12.86,10.55,15.69,12277,95472
IN-TG,Telangana,Male,All,60+,All,6.03,4.94,7.36,117585,1950000
IN-TG,Telangana,Male,All,60+,None,8.45,6.93,10.31,32955,390000
IN-TG,Telangana,Male,All,60+,Primary,6.34,5.20,7.73,24726,390000
IN-TG,Telangana,Male,All,60+,Middle,4.83,3.96,5.89,18837,390000
IN-TG,Telangana,Male,All,60+,Secondary,3.62,2.97,4.42,14118,390000
IN-TG,Telangana,Male,All,60+,Higher,2.72,2.23,3.32,10608,390000
IN-TG,Telangana,Male,All,60-64,All,2.72,2.23,3.32,9547,351000
IN-TG,Telangana,Male,All,60-64,None,3.80,3.12,4.64,2667,70200
IN-TG,Telangana,Male,All,60-64,Primary,2.85,2.34,3.48,2000,70200
IN-TG,Telangana,Male,All,60-64,Middle,2.17,1.78,2.65,1523,70200
IN-TG,Telangana,Male,All,60-64,Secondary,1.63,1.34,1.99,1144,70200
IN-TG,Telangana,Male,All,60-64,Higher,1.22,1.00,1.49,856,70200
IN-TG,Telangana,Male,All,65-69,All,4.53,3.71,5.53,15900,351000
IN-TG,Telangana,Male,All,65-69,None,6.34,5.20,7.73,4450,70200
IN-TG,Telangana,Male,All,65-69,Primary,4.75,3.89,5.80,3334,70200
IN-TG,Telangana,Male,All,65-69,Middle,3.62,2.97,4.42,2541,70200
IN-TG,Telangana,Male,All,65-69,Secondary,2.72,2.23,3.32,1909,70200
IN-TG,Telangana,Male,All,65-69,Higher,2.04,1.67,2.49,1432,70200
IN-TG,Telangana,Male,All,70-74,All,6.94,5.69,8.47,24359,351000
IN-TG,Telangana,Male,All,70-74,None,9.72,7.97,11.86,6823,70200
IN-TG,Telangana,Male,All,70-74,Primary,7.29,5.98,8.89,5117,70200
IN-TG,Telangana,Male,All,70-74,Middle,5.55,4.55,6.77,3896,70200
IN-TG,Telangana,Male,All,70-74,Secondary,4.16,3.41,5.08,2920,70200
IN-TG,Telangana,Male,All,70-74,Higher,3.12,2.56,3.81,2190,70200
IN-TG,Telangana,Male,All,75-79,All,10.26,8.41,12.52,36012,351000
IN-TG,Telangana,Male,All,75-79,None,14.36,11.78,17.52,10080,70200
IN-TG,Telangana,Male,All,75-79,Primary,10.77,8.83,13.14,7560,70200
IN-TG,Telangana,Male,All,75-79,Middle,8.21,6.73,10.02,5763,70200
IN-TG,Telangana,Male,All,75-79,Secondary,6.16,5.05,7.52,4324,70200
IN-TG,Telangana,Male,All,75-79,Higher,4.62,3.79,5.64,3243,70200
IN-TG,Telangana,Male,All,80-84,All,14.48,11.87,17.67,50824,351000
IN-TG,Telangana,Male,All,80-84,None,20.28,16.63,24.74,14236,70200
IN-TG,Telangana,Male,All,80-84,Primary,15.21,12.47,18.56,10677,70200
IN-TG,Telangana,Male,All,80-84,Middle,11.59,9.50,14.14,8136,70200
IN-TG,Telangana,Male,All,80-84,Secondary,8.69,7.13,10.60,6100,70200
IN-TG,Telangana,Male,All,80-84,Higher,6.52,5.35,7.95,4577,70200
IN-TG,Telangana,Male,All,85+,All,19.92,16.33,24.30,69919,351000
IN-TG,Telangana,Male,All,85+,None,27.88,22.86,34.01,19571,70200
IN-TG,Telangana,Male,All,85+,Primary,20.91,17.15,25.51,14678,70200
IN-TG,Telangana,Male,All,85+,Middle,15.93,13.06,19.43,11182,70200
IN-TG,Telangana,Male,All,85+,Secondary,11.95,9.80,14.58,8388,70200
IN-TG,Telangana,Male,All,85+,Higher,8.96,7.35,10.93,6289,70200
IN-TG,Telangana,Male,Urban,60+,All,4.95,4.06,6.04,30888,624000
IN-TG,Telangana,Male,Urban,60+,None,6.93,5.68,8.45,8648,124800
IN-TG,Telangana,Male,Urban,60+,Primary,5.20,4.26,6.34,6489,124800
IN-TG,Telangana,Male,Urban,60+,Middle,3.96,3.25,4.83,4942,124800
IN-TG,Telangana,Male,Urban,60+,Secondary,2.97,2.44,3.62,3706,124800
IN-TG,Telangana,Male,Urban,60+,Higher,2.23,1.83,2.72,2783,124800
IN-TG,Telangana,Male,Urban,60-64,All,2.23,1.83,2.72,2504,112320
IN-TG,Telangana,Male,Urban,60-64,None,3.12,2.56,3.81,700,22464
IN-TG,Telangana,Male,Urban,60-64,Primary,2.34,1.92,2.85,525,22464
IN-TG,Telangana,Male,Urban,60-64,Middle,1.78,1.46,2.17,399,22464
IN-TG,Telangana,Male,Urban,60-64,Secondary,1.34,1.10,1.63,301,22464
IN-TG,Telangana,Male,Urban,60-64,Higher,1.00,0.82,1.22,224,22464
IN-TG,Telangana,Male,Urban,65-69,All,3.71,3.04,4.53,4167,112320
IN-TG,Telangana,Male,Urban,65-69,None,5.20,4.26,6.34,1168,22464
IN-TG,Telangana,Male,Urban,65-69,Primary,3.90,3.20,4.76,876,22464
IN-TG,Telangana,Male,Urban,65-69,Middle,2.97,2.44,3.62,667,22464
IN-TG,Telangana,Male,Urban,65-69,Secondary,2.23,1.83,2.72,500,22464
IN-TG,Telangana,Male,Urban,65-69,Higher,1.67,1.37,2.04,375,22464
IN-TG,Telangana,Male,Urban,70-74,All,5.69,4.67,6.94,6391,112320
IN-TG,Telangana,Male,Urban,70-74,None,7.97,6.54,9.72,1790,22464
IN-TG,Telangana,Male,Urban,70-74,Primary,5.98,4.90,7.30,1343,22464
IN-TG,Telangana,Male,Urban,70-74,Middle,4.55,3.73,5.55,1022,22464
IN-TG,Telangana,Male,Urban,70-74,Secondary,3.41,2.80,4.16,766,22464
IN-TG,Telangana,Male,Urban,70-74,Higher,2.56,2.10,3.12,575,22464
IN-TG,Telangana,Male,Urban,75-79,All,8.41,6.90,10.26,9446,112320
IN-TG,Telangana,Male,Urban,75-79,None,11.78,9.66,14.37,2646,22464
IN-TG,Telangana,Male,Urban,75-79,Primary,8.83,7.24,10.77,1983,22464
IN-TG,Telangana,Male,Urban,75-79,Middle,6.73,5.52,8.21,1511,22464
IN-TG,Telangana,Male,Urban,75-79,Secondary,5.05,4.14,6.16,1134,22464
IN-TG,Telangana,Male,Urban,75-79,Higher,3.79,3.11,4.62,851,22464
IN-TG,Telangana,Male,Urban,80-84,All,11.88,9.74,14.49,13343,112320
IN-TG,Telangana,Male,Urban,80-84,None,16.63,13.64,20.29,3735,22464
IN-TG,Telangana,Male,Urban,80-84,Primary,12.47,10.23,15.21,2801,22464
IN-TG,Telangana,Male,Urban,80-84,Middle,9.50,7.79,11.59,2134,22464
IN-TG,Telangana,Male,Urban,80-84,Secondary,7.13,5.85,8.70,1601,22464
IN-TG,Telangana,Male,Urban,80-84,Higher,5.34,4.38,6.51,1199,22464
IN-TG,Telangana,Male,Urban,85+,All,16.33,13.39,19.92,18341,112320
IN-TG,Telangana,Male,Urban,85+,None,22.86,18.75,27.89,5135,22464
IN-TG,Telangana,Male,Urban,85+,Primary,17.15,14.06,20.92,3852,22464
IN-TG,Telangana,Male,Urban,85+,Middle,13.06,10.71,15.93,2933,22464
IN-TG,Telangana,Male,Urban,85+,Secondary,9.80,8.04,11.96,2201,22464
IN-TG,Telangana,Male,Urban,85+,Higher,7.35,6.03,8.97,1651,22464
IN-TG,Telangana,Male,Rural,60+,All,7.36,6.04,8.98,97593,1326000
IN-TG,Telangana,Male,Rural,60+,None,10.31,8.45,12.58,27342,265200
IN-TG,Telangana,Male,Rural,60+,Primary,7.73,6.34,9.43,20499,265200
IN-TG,Telangana,Male,Rural,60+,Middle,5.89,4.83,7.19,15620,265200
IN-TG,Telangana,Male,Rural,60+,Secondary,4.42,3.62,5.39,11721,265200
IN-TG,Telangana,Male,Rural,60+,Higher,3.31,2.71,4.04,8778,265200
IN-TG,Telangana,Male,Rural,60-64,All,3.31,2.71,4.04,7900,238680
IN-TG,Telangana,Male,Rural,60-64,None,4.64,3.80,5.66,2214,47736
IN-TG,Telangana,Male,Rural,60-64,Primary,3.48,2.85,4.25,1661,47736
IN-TG,Telangana,Male,Rural,60-64,Middle,2.65,2.17,3.23,1265,47736
IN-TG,Telangana,Male,Rural,60-64,Secondary,1.99,1.63,2.43,949,47736
IN-TG,Telangana,Male,Rural,60-64,Higher,1.49,1.22,1.82,711,47736
IN-TG,Telangana,Male,Rural,65-69,All,5.52,4.53,6.73,13175,238680
IN-TG,Telangana,Male,Rural,65-69,None,7.73,6.34,9.43,3689,47736
IN-TG,Telangana,Male,Rural,65-69,Primary,5.80,4.76,7.08,2768,47736
IN-TG,Telangana,Male,Rural,65-69,Middle,4.42,3.62,5.39,2109,47736
IN-TG,Telangana,Male,Rural,65-69,Secondary,3.31,2.71,4.04,1580,47736
IN-TG,Telangana,Male,Rural,65-69,Higher,2.48,2.03,3.03,1183,47736
IN-TG,Telangana,Male,Rural,70-74,All,8.47,6.95,10.33,20216,238680
IN-TG,Telangana,Male,Rural,70-74,None,11.85,9.72,14.46,5656,47736
IN-TG,Telangana,Male,Rural,70-74,Primary,8.89,7.29,10.85,4243,47736
IN-TG,Telangana,Male,Rural,70-74,Middle,6.77,5.55,8.26,3231,47736
IN-TG,Telangana,Male,Rural,70-74,Secondary,5.08,4.17,6.20,2424,47736
IN-TG,Telangana,Male,Rural,70-74,Higher,3.81,3.12,4.65,1818,47736
IN-TG,Telangana,Male,Rural,75-79,All,12.52,10.27,15.27,29882,238680
IN-TG,Telangana,Male,Rural,75-79,None,17.52,14.37,21.37,8363,47736
IN-TG,Telangana,Male,Rural,75-79,Primary,13.14,10.77,16.03,6272,47736
IN-TG,Telangana,Male,Rural,75-79,Middle,10.01,8.21,12.21,4778,47736
IN-TG,Telangana,Male,Rural,75-79,Secondary,7.51,6.16,9.16,3584,47736
IN-TG,Telangana,Male,Rural,75-79,Higher,5.63,4.62,6.87,2687,47736
IN-TG,Telangana,Male,Rural,80-84,All,17.67,14.49,21.56,42174,238680
IN-TG,Telangana,Male,Rural,80-84,None,24.74,20.29,30.18,11809,47736
IN-TG,Telangana,Male,Rural,80-84,Primary,18.55,15.21,22.63,8855,47736
IN-TG,Telangana,Male,Rural,80-84,Middle,14.14,11.59,17.25,6749,47736
IN-TG,Telangana,Male,Rural,80-84,Secondary,10.60,8.69,12.93,5060,47736
IN-TG,Telangana,Male,Rural,80-84,Higher,7.95,6.52,9.70,3795,47736
IN-TG,Telangana,Male,Rural,85+,All,24.30,19.93,29.65,57999,238680
IN-TG,Telangana,Male,Rural,85+,None,34.02,27.90,41.50,16239,47736
IN-TG,Telangana,Male,Rural,85+,Primary,25.51,20.92,31.12,12177,47736
IN-TG,Telangana,Male,Rural,85+,Middle,19.44,15.94,23.72,9279,47736
IN-TG,Telangana,Male,Rural,85+,Secondary,14.58,11.96,17.79,6959,47736
IN-TG,Telangana,Male,Rural,85+,Higher,10.93,8.96,13.33,5217,47736
IN-TG,Telangana,Female,All,60+,All,8.16,6.69,9.96,159120,1950000
IN-TG,Telangana,Female,All,60+,None,11.43,9.37,13.94,44577,390000
IN-TG,Telangana,Female,All,60+,Primary,8.57,7.03,10.46,33423,390000
IN-TG,Telangana,Female,All,60+,Middle,6.53,5.35,7.97,25467,390000
IN-TG,Telangana,Female,All,60+,Secondary,4.90,4.02,5.98,19110,390000
IN-TG,Telangana,Female,All,60+,Higher,3.67,3.01,4.48,14312,390000
IN-TG,Telangana,Female,All,60-64,All,3.67,3.01,4.48,12881,351000
IN-TG,Telangana,Female,All,60-64,None,5.14,4.21,6.27,3608,70200
IN-TG,Telangana,Female,All,60-64,Primary,3.86,3.17,4.71,2709,70200
IN-TG,Telangana,Female,All,60-64,Middle,2.94,2.41,3.59,2063,70200
IN-TG,Telangana,Female,All,60-64,Secondary,2.20,1.80,2.68,1544,70200
IN-TG,Telangana,Female,All,60-64,Higher,1.65,1.35,2.01,1158,70200
IN-TG,Telangana,Female,All,65-69,All,6.12,5.02,7.47,21481,351000
IN-TG,Telangana,Female,All,65-69,None,8.57,7.03,10.46,6016,70200
IN-TG,Telangana,Female,All,65-69,Primary,6.43,5.27,7.84,4513,70200
IN-TG,Telangana,Female,All,65-69,Middle,4.90,4.02,5.98,3439,70200
IN-TG,Telangana,Female,All,65-69,Secondary,3.67,3.01,4.48,2576,70200
IN-TG,Telangana,Female,All,65-69,Higher,2.76,2.26,3.37,1937,70200
IN-TG,Telangana,Female,All,70-74,All,9.39,7.70,11.46,32958,351000
IN-TG,Telangana,Female,All,70-74,None,13.15,10.78,16.04,9231,70200
IN-TG,Telangana,Female,All,70-74,Primary,9.86,8.09,12.03,6921,70200
IN-TG,Telangana,Female,All,70-74,Middle,7.51,6.16,9.16,5272,70200
IN-TG,Telangana,Female,All,70-74,Secondary,5.63,4.62,6.87,3952,70200
IN-TG,Telangana,Female,All,70-74,Higher,4.23,3.47,5.16,2969,70200
IN-TG,Telangana,Female,All,75-79,All,13.88,11.38,16.93,48718,351000
IN-TG,Telangana,Female,All,75-79,None,19.43,15.93,23.70,13639,70200
IN-TG,Telangana,Female,All,75-79,Primary,14.57,11.95,17.78,10228,70200
IN-TG,Telangana,Female,All,75-79,Middle,11.10,9.10,13.54,7792,70200
IN-TG,Telangana,Female,All,75-79,Secondary,8.33,6.83,10.16,5847,70200
IN-TG,Telangana,Female,All,75-79,Higher,6.25,5.13,7.63,4387,70200
IN-TG,Telangana,Female,All,80-84,All,19.60,16.07,23.91,68796,351000
IN-TG,Telangana,Female,All,80-84,None,27.43,22.49,33.46,19255,70200
IN-TG,Telangana,Female,All,80-84,Primary,20.58,16.88,25.11,14447,70200
IN-TG,Telangana,Female,All,80-84,Middle,15.68,12.86,19.13,11007,70200
IN-TG,Telangana,Female,All,80-84,Secondary,11.76,9.64,14.35,8255,70200
IN-TG,Telangana,Female,All,80-84,Higher,8.82,7.23,10.76,6191,70200
IN-TG,Telangana,Female,All,85+,All,26.94,22.09,32.87,94559,351000
IN-TG,Telangana,Female,All,85+,None,35.00,28.70,42.70,24570,70200
IN-TG,Telangana,Female,All,85+,Primary,28.29,23.20,34.51,19859,70200
IN-TG,Telangana,Female,All,85+,Middle,21.56,17.68,26.30,15135,70200
IN-TG,Telangana,Female,All,85+,Secondary,16.17,13.26,19.73,11351,70200
IN-TG,Telangana,Female,All,85+,Higher,12.13,9.95,14.80,8515,70200
IN-TG,Telangana,Female,Urban,60+,All,6.70,5.49,8.17,41808,624000
IN-TG,Telangana,Female,Urban,60+,None,9.37,7.68,11.43,11693,124800
IN-TG,Telangana,Female,Urban,60+,Primary,7.03,5.76,8.58,8773,124800
IN-TG,Telangana,Female,Urban,60+,Middle,5.36,4.40,6.54,6689,124800
IN-TG,Telangana,Female,Urban,60+,Secondary,4.02,3.30,4.90,5016,124800
IN-TG,Telangana,Female,Urban,60+,Higher,3.01,2.47,3.67,3756,124800
IN-TG,Telangana,Female,Urban,60-64,All,3.01,2.47,3.67,3380,112320
IN-TG,Telangana,Female,Urban,60-64,None,4.22,3.46,5.15,947,22464
IN-TG,Telangana,Female,Urban,60-64,Primary,3.16,2.59,3.86,709,22464
IN-TG,Telangana,Female,Urban,60-64,Middle,2.41,1.98,2.94,541,22464
IN-TG,Telangana,Female,Urban,60-64,Secondary,1.81,1.48,2.21,406,22464
IN-TG,Telangana,Female,Urban,60-64,Higher,1.36,1.12,1.66,305,22464
IN-TG,Telangana,Female,Urban,65-69,All,5.02,4.12,6.12,5638,112320
IN-TG,Telangana,Female,Urban,65-69,None,7.03,5.76,8.58,1579,22464
IN-TG,Telangana,Female,Urban,65-69,Primary,5.27,4.32,6.43,1183,22464
IN-TG,Telangana,Female,Urban,65-69,Middle,4.02,3.30,4.90,903,22464
IN-TG,Telangana,Female,Urban,65-69,Secondary,3.01,2.47,3.67,676,22464
IN-TG,Telangana,Female,Urban,65-69,Higher,2.26,1.85,2.76,507,22464
IN-TG,Telangana,Female,Urban,70-74,All,7.70,6.31,9.39,8648,112320
IN-TG,Telangana,Female,Urban,70-74,None,10.78,8.84,13.15,2421,22464
IN-TG,Telangana,Female,Urban,70-74,Primary,8.08,6.63,9.86,1815,22464
IN-TG,Telangana,Female,Urban,70-74,Middle,6.16,5.05,7.52,1383,22464
IN-TG,Telangana,Female,Urban,70-74,Secondary,4.62,3.79,5.64,1037,22464
IN-TG,Telangana,Female,Urban,70-74,Higher,3.46,2.84,4.22,777,22464
IN-TG,Telangana,Female,Urban,75-79,All,11.38,9.33,13.88,12782,112320
IN-TG,Telangana,Female,Urban,75-79,None,15.93,13.06,19.43,3578,22464
IN-TG,Telangana,Female,Urban,75-79,Primary,11.95,9.80,14.58,2684,22464
IN-TG,Telangana,Female,Urban,75-79,Middle,9.11,7.47,11.11,2046,22464
IN-TG,Telangana,Female,Urban,75-79,Secondary,6.83,5.60,8.33,1534,22464
IN-TG,Telangana,Female,Urban,75-79,Higher,5.12,4.20,6.25,1150,22464
IN-TG,Telangana,Female,Urban,80-84,All,16.07,13.18,19.61,18049,112320
IN-TG,Telangana,Female,Urban,80-84,None,22.50,18.45,27.45,5054,22464
IN-TG,Telangana,Female,Urban,80-84,Primary,16.87,13.83,20.58,3789,22464
IN-TG,Telangana,Female,Urban,80-84,Middle,12.85,10.54,15.68,2886,22464
IN-TG,Telangana,Female,Urban,80-84,Secondary,9.64,7.90,11.76,2165,22464
IN-TG,Telangana,Female,Urban,80-84,Higher,7.23,5.93,8.82,1624,22464
IN-TG,Telangana,Female,Urban,85+,All,22.09,18.11,26.95,24811,112320
IN-TG,Telangana,Female,Urban,85+,None,30.93,25.36,37.73,6948,22464
IN-TG,Telangana,Female,Urban,85+,Primary,23.20,19.02,28.30,5211,22464
IN-TG,Telangana,Female,Urban,85+,Middle,17.68,14.50,21.57,3971,22464
IN-TG,Telangana,Female,Urban,85+,Secondary,13.26,10.87,16.18,2978,22464
IN-TG,Telangana,Female,Urban,85+,Higher,9.94,8.15,12.13,2232,22464
IN-TG,Telangana,Female,Rural,60+,All,9.96,8.17,12.15,132069,1326000
IN-TG,Telangana,Female,Rural,60+,None,13.95,11.44,17.02,36995,265200
IN-TG,Telangana,Female,Rural,60+,Primary,10.46,8.58,12.76,27739,265200
IN-TG,Telangana,Female,Rural,60+,Middle,7.97,6.54,9.72,21136,265200
IN-TG,Telangana,Female,Rural,60+,Secondary,5.98,4.90,7.30,15858,265200
IN-TG,Telangana,Female,Rural,60+,Higher,4.48,3.67,5.47,11880,265200
IN-TG,Telangana,Female,Rural,60-64,All,4.48,3.67,5.47,10692,238680
IN-TG,Telangana,Female,Rural,60-64,None,6.28,5.15,7.66,2997,47736
IN-TG,Telangana,Female,Rural,60-64,Primary,4.71,3.86,5.75,2248,47736
IN-TG,Telangana,Female,Rural,60-64,Middle,3.59,2.94,4.38,1713,47736
IN-TG,Telangana,Female,Rural,60-64,Secondary,2.69,2.21,3.28,1284,47736
IN-TG,Telangana,Female,Rural,60-64,Higher,2.02,1.66,2.46,964,47736
IN-TG,Telangana,Female,Rural,65-69,All,7.47,6.13,9.11,17829,238680
IN-TG,Telangana,Female,Rural,65-69,None,10.46,8.58,12.76,4993,47736
IN-TG,Telangana,Female,Rural,65-69,Primary,7.84,6.43,9.56,3742,47736
IN-TG,Telangana,Female,Rural,65-69,Middle,5.98,4.90,7.30,2854,47736
IN-TG,Telangana,Female,Rural,65-69,Secondary,4.48,3.67,5.47,2138,47736
IN-TG,Telangana,Female,Rural,65-69,Higher,3.36,2.76,4.10,1603,47736
IN-TG,Telangana,Female,Rural,70-74,All,11.46,9.40,13.98,27352,238680
IN-TG,Telangana,Female,Rural,70-74,None,16.04,13.15,19.57,7656,47736
IN-TG,Telangana,Female,Rural,70-74,Primary,12.03,9.86,14.68,5742,47736
IN-TG,Telangana,Female,Rural,70-74,Middle,9.16,7.51,11.18,4372,47736
IN-TG,Telangana,Female,Rural,70-74,Secondary,6.87,5.63,8.38,3279,47736
IN-TG,Telangana,Female,Rural,70-74,Higher,5.15,4.22,6.28,2458,47736
IN-TG,Telangana,Female,Rural,75-79,All,16.93,13.88,20.65,40408,238680
IN-TG,Telangana,Female,Rural,75-79,None,23.71,19.44,28.93,11318,47736
IN-TG,Telangana,Female,Rural,75-79,Primary,17.78,14.58,21.69,8487,47736
IN-TG,Telangana,Female,Rural,75-79,Middle,13.55,11.11,16.53,6468,47736
IN-TG,Telangana,Female,Rural,75-79,Secondary,10.16,8.33,12.40,4849,47736
IN-TG,Telangana,Female,Rural,75-79,Higher,7.62,6.25,9.30,3637,47736
IN-TG,Telangana,Female,Rural,80-84,All,23.91,19.61,29.17,57068,238680
IN-TG,Telangana,Female,Rural,80-84,None,33.47,27.45,40.83,15977,47736
IN-TG,Telangana,Female,Rural,80-84,Primary,25.10,20.58,30.62,11981,47736
IN-TG,Telangana,Female,Rural,80-84,Middle,19.13,15.69,23.34,9131,47736
IN-TG,Telangana,Female,Rural,80-84,Secondary,14.34,11.76,17.49,6845,47736
IN-TG,Telangana,Female,Rural,80-84,Higher,10.76,8.82,13.13,5136,47736
IN-TG,Telangana,Female,Rural,85+,All,32.87,26.95,40.10,78454,238680
IN-TG,Telangana,Female,Rural,85+,None,35.00,28.70,42.70,16707,47736
IN-TG,Telangana,Female,Rural,85+,Primary,34.52,28.31,42.11,16478,47736
IN-TG,Telangana,Female,Rural,85+,Middle,26.30,21.57,32.09,12554,47736
IN-TG,Telangana,Female,Rural,85+,Secondary,19.72,16.17,24.06,9413,47736
IN-TG,Telangana,Female,Rural,85+,Higher,14.79,12.13,18.04,7060,47736
IN-GJ,Gujarat,Both,All,60+,All,6.80,5.58,8.30,421600,6200000
IN-GJ,Gujarat,Both,All,60+,None,9.52,7.81,11.61,118047,1240000
IN-GJ,Gujarat,Both,All,60+,Primary,7.14,5.85,8.71,88535,1240000
IN-GJ,Gujarat,Both,All,60+,Middle,5.44,4.46,6.64,67456,1240000
IN-GJ,Gujarat,Both,All,60+,Secondary,4.08,3.35,4.98,50592,1240000
IN-GJ,Gujarat,Both,All,60+,Higher,3.06,2.51,3.73,37944,1240000
IN-GJ,Gujarat,Both,All,60-64,All,3.06,2.51,3.73,34149,1116000
IN-GJ,Gujarat,Both,All,60-64,None,4.28,3.51,5.22,9552,223199
IN-GJ,Gujarat,Both,All,60-64,Primary,3.21,2.63,3.92,7164,223199
IN-GJ,Gujarat,Both,All,60-64,Middle,2.45,2.01,2.99,5468,223199
IN-GJ,Gujarat,Both,All,60-64,Secondary,1.84,1.51,2.24,4106,223199
IN-GJ,Gujarat,Both,All,60-64,Higher,1.38,1.13,1.68,3080,223199
IN-GJ,Gujarat,Both,All,65-69,All,5.10,4.18,6.22,56915,1116000
IN-GJ,Gujarat,Both,All,65-69,None,7.14,5.85,8.71,15936,223199
IN-GJ,Gujarat,Both,All,65-69,Primary,5.36,4.40,6.54,11963,223199
IN-GJ,Gujarat,Both,All,65-69,Middle,4.08,3.35,4.98,9106,223199
IN-GJ,Gujarat,Both,All,65-69,Secondary,3.06,2.51,3.73,6829,223199
IN-GJ,Gujarat,Both,All,65-69,Higher,2.30,1.89,2.81,5133,223199
IN-GJ,Gujarat,Both,All,70-74,All,7.82,6.41,9.54,87271,1116000
IN-GJ,Gujarat,Both,All,70-74,None,10.95,8.98,13.36,24440,223199
IN-GJ,Gujarat,Both,All,70-74,Primary,8.21,6.73,10.02,18324,223199
IN-GJ,Gujarat,Both,All,70-74,Middle,6.26,5.13,7.64,13972,223199
IN-GJ,Gujarat,Both,All,70-74,Secondary,4.69,3.85,5.72,10468,223199
IN-GJ,Gujarat,Both,All,70-74,Higher,3.52,2.89,4.29,7856,223199
IN-GJ,Gujarat,Both,All,75-79,All,11.56,9.48,14.10,129009,1116000
IN-GJ,Gujarat,Both,All,75-79,None,16.18,13.27,19.74,36113,223199
IN-GJ,Gujarat,Both,All,75-79,Primary,12.14,9.95,14.81,27096,223199
IN-GJ,Gujarat,Both,All,75-79,Middle,9.25,7.59,11.29,20645,223199
IN-GJ,Gujarat,Both,All,75-79,Secondary,6.94,5.69,8.47,15490,223199
IN-GJ,Gujarat,Both,All,75-79,Higher,5.20,4.26,6.34,11606,223199
IN-GJ,Gujarat,Both,All,80-84,All,16.32,13.38,19.91,182131,1116000
IN-GJ,Gujarat,Both,All,80-84,None,22.85,18.74,27.88,51000,223199
IN-GJ,Gujarat,Both,All,80-84,Primary,17.14,14.05,20.91,38256,223199
IN-GJ,Gujarat,Both,All,80-84,Middle,13.06,10.71,15.93,29149,223199
IN-GJ,Gujarat,Both,All,80-84,Secondary,9.79,8.03,11.94,21851,223199
IN-GJ,Gujarat,Both,All,80-84,Higher,7.34,6.02,8.95,16382,223199
IN-GJ,Gujarat,Both,All,85+,All,22.44,18.40,27.38,250430,1116000
IN-GJ,Gujarat,Both,All,85+,None,31.42,25.76,38.33,70129,223199
IN-GJ,Gujarat,Both,All,85+,Primary,23.56,19.32,28.74,52585,223199
IN-GJ,Gujarat,Both,All,85+,Middle,17.95,14.72,21.90,40064,223199
IN-GJ,Gujarat,Both,All,85+,Secondary,13.46,11.04,16.42,30042,223199
IN-GJ,Gujarat,Both,All,85+,Higher,10.10,8.28,12.32,22543,223199
IN-GJ,Gujarat,Both,Urban,60+,All,5.58,4.58,6.81,110707,1984000
IN-GJ,Gujarat,Both,Urban,60+,None,7.81,6.40,9.53,30990,396800
IN-GJ,Gujarat,Both,Urban,60+,Primary,5.85,4.80,7.14,23212,396800
IN-GJ,Gujarat,Both,Urban,60+,Middle,4.46,3.66,5.44,17697,396800
IN-GJ,Gujarat,Both,Urban,60+,Secondary,3.35,2.75,4.09,13292,396800
IN-GJ,Gujarat,Both,Urban,60+,Higher,2.51,2.06,3.06,9959,396800
IN-GJ,Gujarat,Both,Urban,60-64,All,2.51,2.06,3.06,8963,357120
IN-GJ,Gujarat,Both,Urban,60-64,None,3.51,2.88,4.28,2506,71424
IN-GJ,Gujarat,Both,Urban,60-64,Primary,2.63,2.16,3.21,1878,71424
IN-GJ,Gujarat,Both,Urban,60-64,Middle,2.01,1.65,2.45,1435,71424
IN-GJ,Gujarat,Both,Urban,60-64,Secondary,1.51,1.24,1.84,1078,71424
IN-GJ,Gujarat,Both,Urban,60-64,Higher,1.13,0.93,1.38,807,71424
IN-GJ,Gujarat,Both,Urban,65-69,All,4.18,3.43,5.10,14927,357120
IN-GJ,Gujarat,Both,Urban,65-69,None,5.85,4.80,7.14,4178,71424
IN-GJ,Gujarat,Both,Urban,65-69,Primary,4.39,3.60,5.36,3135,71424
IN-GJ,Gujarat,Both,Urban,65-69,Middle,3.35,2.75,4.09,2392,71424
IN-GJ,Gujarat,Both,Urban,65-69,Secondary,2.51,2.06,3.06,1792,71424
IN-GJ,Gujarat,Both,Urban,65-69,Higher,1.88,1.54,2.29,1342,71424
IN-GJ,Gujarat,Both,Urban,70-74,All,6.41,5.26,7.82,22891,357120
IN-GJ,Gujarat,Both,Urban,70-74,None,8.98,7.36,10.96,6413,71424
IN-GJ,Gujarat,Both,Urban,70-74,Primary,6.73,5.52,8.21,4806,71424
IN-GJ,Gujarat,Both,Urban,70-74,Middle,5.13,4.21,6.26,3664,71424
IN-GJ,Gujarat,Both,Urban,70-74,Secondary,3.85,3.16,4.70,2749,71424
IN-GJ,Gujarat,Both,Urban,70-74,Higher,2.89,2.37,3.53,2064,71424
IN-GJ,Gujarat,Both,Urban,75-79,All,9.48,7.77,11.57,33854,357120
IN-GJ,Gujarat,Both,Urban,75-79,None,13.27,10.88,16.19,9477,71424
IN-GJ,Gujarat,Both,Urban,75-79,Primary,9.95,8.16,12.14,7106,71424
IN-GJ,Gujarat,Both,Urban,75-79,Middle,7.58,6.22,9.25,5413,71424
IN-GJ,Gujarat,Both,Urban,75-79,Secondary,5.69,4.67,6.94,4064,71424
IN-GJ,Gujarat,Both,Urban,75-79,Higher,4.27,3.50,5.21,3049,71424
IN-GJ,Gujarat,Both,Urban,80-84,All,13.38,10.97,16.32,47782,357120
IN-GJ,Gujarat,Both,Urban,80-84,None,18.74,15.37,22.86,13384,71424
IN-GJ,Gujarat,Both,Urban,80-84,Primary,14.05,11.52,17.14,10035,71424
IN-GJ,Gujarat,Both,Urban,80-84,Middle,10.71,8.78,13.07,7649,71424
IN-GJ,Gujarat,Both,Urban,80-84,Secondary,8.03,6.58,9.80,5735,71424
IN-GJ,Gujarat,Both,Urban,80-84,Higher,6.02,4.94,7.34,4299,71424
IN-GJ,Gujarat,Both,Urban,85+,All,18.40,15.09,22.45,65710,357120
IN-GJ,Gujarat,Both,Urban,85+,None,25.76,21.12,31.43,18398,71424
IN-GJ,Gujarat,Both,Urban,85+,Primary,19.32,15.84,23.57,13799,71424
IN-GJ,Gujarat,Both,Urban,85+,Middle,14.72,12.07,17.96,10513,71424
IN-GJ,Gujarat,Both,Urban,85+,Secondary,11.04,9.05,13.47,7885,71424
IN-GJ,Gujarat,Both,Urban,85+,Higher,8.28,6.79,10.10,5913,71424
IN-GJ,Gujarat,Both,Rural,60+,All,8.30,6.81,10.13,349928,4216000
IN-GJ,Gujarat,Both,Rural,60+,None,11.61,9.52,14.16,97895,843200
IN-GJ,Gujarat,Both,Rural,60+,Primary,8.71,7.14,10.63,73442,843200
IN-GJ,Gujarat,Both,Rural,60+,Middle,6.64,5.44,8.10,55988,843200
IN-GJ,Gujarat,Both,Rural,60+,Secondary,4.98,4.08,6.08,41991,843200
IN-GJ,Gujarat,Both,Rural,60+,Higher,3.73,3.06,4.55,31451,843200
IN-GJ,Gujarat,Both,Rural,60-64,All,3.73,3.06,4.55,28306,758880
IN-GJ,Gujarat,Both,Rural,60-64,None,5.23,4.29,6.38,7937,151776
IN-GJ,Gujarat,Both,Rural,60-64,Primary,3.92,3.21,4.78,5949,151776
IN-GJ,Gujarat,Both,Rural,60-64,Middle,2.99,2.45,3.65,4538,151776
IN-GJ,Gujarat,Both,Rural,60-64,Secondary,2.24,1.84,2.73,3399,151776
IN-GJ,Gujarat,Both,Rural,60-64,Higher,1.68,1.38,2.05,2549,151776
IN-GJ,Gujarat,Both,Rural,65-69,All,6.22,5.10,7.59,47202,758880
IN-GJ,Gujarat,Both,Rural,65-69,None,8.71,7.14,10.63,13219,151776
IN-GJ,Gujarat,Both,Rural,65-69,Primary,6.53,5.35,7.97,9910,151776
IN-GJ,Gujarat,Both,Rural,65-69,Middle,4.98,4.08,6.08,7558,151776
IN-GJ,Gujarat,Both,Rural,65-69,Secondary,3.73,3.06,4.55,5661,151776
IN-GJ,Gujarat,Both,Rural,65-69,Higher,2.80,2.30,3.42,4249,151776
IN-GJ,Gujarat,Both,Rural,70-74,All,9.54,7.82,11.64,72397,758880
IN-GJ,Gujarat,Both,Rural,70-74,None,13.36,10.96,16.30,20277,151776
IN-GJ,Gujarat,Both,Rural,70-74,Primary,10.02,8.22,12.22,15207,151776
IN-GJ,Gujarat,Both,Rural,70-74,Middle,7.63,6.26,9.31,11580,151776
IN-GJ,Gujarat,Both,Rural,70-74,Secondary,5.72,4.69,6.98,8681,151776
IN-GJ,Gujarat,Both,Rural,70-74,Higher,4.29,3.52,5.23,6511,151776
IN-GJ,Gujarat,Both,Rural,75-79,All,14.10,11.56,17.20,107002,758880
IN-GJ,Gujarat,Both,Rural,75-79,None,19.74,16.19,24.08,29960,151776
IN-GJ,Gujarat,Both,Rural,75-79,Primary,14.81,12.14,18.07,22478,151776
IN-GJ,Gujarat,Both,Rural,75-79,Middle,11.28,9.25,13.76,17120,151776
IN-GJ,Gujarat,Both,Rural,75-79,Secondary,8.46,6.94,10.32,12840,151776
IN-GJ,Gujarat,Both,Rural,75-79,Higher,6.35,5.21,7.75,9637,151776
IN-GJ,Gujarat,Both,Rural,80-84,All,19.91,16.33,24.29,151093,758880
IN-GJ,Gujarat,Both,Rural,80-84,None,27.87,22.85,34.00,42299,151776
IN-GJ,Gujarat,Both,Rural,80-84,Primary,20.91,17.15,25.51,31736,151776
IN-GJ,Gujarat,Both,Rural,80-84,Middle,15.93,13.06,19.43,24177,151776
IN-GJ,Gujarat,Both,Rural,80-84,Secondary,11.95,9.80,14.58,18137,151776
IN-GJ,Gujarat,Both,Rural,80-84,Higher,8.96,7.35,10.93,13599,151776
IN-GJ,Gujarat,Both,Rural,85+,All,27.38,22.45,33.40,207781,758880
IN-GJ,Gujarat,Both,Rural,85+,None,35.00,28.70,42.70,53121,151776
IN-GJ,Gujarat,Both,Rural,85+,Primary,28.75,23.58,35.07,43635,151776
IN-GJ,Gujarat,Both,Rural,85+,Middle,21.90,17.96,26.72,33238,151776
IN-GJ,Gujarat,Both,Rural,85+,Secondary,16.43,13.47,20.04,24936,151776
IN-GJ,Gujarat,Both,Rural,85+,Higher,12.32,10.10,15.03,18698,151776
IN-GJ,Gujarat,Male,All,60+,All,5.78,4.74,7.05,179180,3100000
IN-GJ,Gujarat,Male,All,60+,None,8.09,6.63,9.87,50158,620000
IN-GJ,Gujarat,Male,All,60+,Primary,6.07,4.98,7.41,37634,620000
IN-GJ,Gujarat,Male,All,60+,Middle,4.62,3.79,5.64,28644,620000
IN-GJ,Gujarat,Male,All,60+,Secondary,3.47,2.85,4.23,21514,620000
IN-GJ,Gujarat,Male,All,60+,Higher,2.60,2.13,3.17,16120,620000
IN-GJ,Gujarat,Male,All,60-64,All,2.60,2.13,3.17,14508,558000
IN-GJ,Gujarat,Male,All,60-64,None,3.64,2.98,4.44,4062,111599
IN-GJ,Gujarat,Male,All,60-64,Primary,2.73,2.24,3.33,3046,111599
IN-GJ,Gujarat,Male,All,60-64,Middle,2.08,1.71,2.54,2321,111599
IN-GJ,Gujarat,Male,All,60-64,Secondary,1.56,1.28,1.90,1740,111599
IN-GJ,Gujarat,Male,All,60-64,Higher,1.17,0.96,1.43,1305,111599
IN-GJ,Gujarat,Male,All,65-69,All,4.34,3.56,5.29,24217,558000
IN-GJ,Gujarat,Male,All,65-69,None,6.07,4.98,7.41,6774,111599
IN-GJ,Gujarat,Male,All,65-69,Primary,4.55,3.73,5.55,5077,111599
IN-GJ,Gujarat,Male,All,65-69,Middle,3.47,2.85,4.23,3872,111599
IN-GJ,Gujarat,Male,All,65-69,Secondary,2.60,2.13,3.17,2901,111599
IN-GJ,Gujarat,Male,All,65-69,Higher,1.95,1.60,2.38,2176,111599
IN-GJ,Gujarat,Male,All,70-74,All,6.65,5.45,8.11,37107,558000
IN-GJ,Gujarat,Male,All,70-74,None,9.31,7.63,11.36,10389,111599
IN-GJ,Gujarat,Male,All,70-74,Primary,6.98,5.72,8.52,7789,111599
IN-GJ,Gujarat,Male,All,70-74,Middle,5.32,4.36,6.49,5937,111599
IN-GJ,Gujarat,Male,All,70-74,Secondary,3.99,3.27,4.87,4452,111599
IN-GJ,Gujarat,Male,All,70-74,Higher,2.99,2.45,3.65,3336,111599
IN-GJ,Gujarat,Male,All,75-79,All,9.83,8.06,11.99,54851,558000
IN-GJ,Gujarat,Male,All,75-79,None,13.76,11.28,16.79,15356,111599
IN-GJ,Gujarat,Male,All,75-79,Primary,10.32,8.46,12.59,11517,111599
IN-GJ,Gujarat,Male,All,75-79,Middle,7.86,6.45,9.59,8771,111599
IN-GJ,Gujarat,Male,All,75-79,Secondary,5.90,4.84,7.20,6584,111599
IN-GJ,Gujarat,Male,All,75-79,Higher,4.42,3.62,5.39,4932,111599
IN-GJ,Gujarat,Male,All,80-84,All,13.87,11.37,16.92,77394,558000
IN-GJ,Gujarat,Male,All,80-84,None,19.42,15.92,23.69,21672,111599
IN-GJ,Gujarat,Male,All,80-84,Primary,14.57,11.95,17.78,16259,111599
IN-GJ,Gujarat,Male,All,80-84,Middle,11.10,9.10,13.54,12387,111599
IN-GJ,Gujarat,Male,All,80-84,Secondary,8.32,6.82,10.15,9285,111599
IN-GJ,Gujarat,Male,All,80-84,Higher,6.24,5.12,7.61,6963,111599
IN-GJ,Gujarat,Male,All,85+,All,19.07,15.64,23.27,106410,558000
IN-GJ,Gujarat,Male,All,85+,None,26.70,21.89,32.57,29796,111599
IN-GJ,Gujarat,Male,All,85+,Primary,20.03,16.42,24.44,22353,111599
IN-GJ,Gujarat,Male,All,85+,Middle,15.26,12.51,18.62,17030,111599
IN-GJ,Gujarat,Male,All,85+,Secondary,11.44,9.38,13.96,12766,111599
IN-GJ,Gujarat,Male,All,85+,Higher,8.58,7.04,10.47,9575,111599
IN-GJ,Gujarat,Male,Urban,60+,All,4.74,3.89,5.78,47020,992000
IN-GJ,Gujarat,Male,Urban,60+,None,6.64,5.44,8.10,13173,198400
IN-GJ,Gujarat,Male,Urban,60+,Primary,4.98,4.08,6.08,9880,198400
IN-GJ,Gujarat,Male,Urban,60+,Middle,3.79,3.11,4.62,7519,198400
IN-GJ,Gujarat,Male,Urban,60+,Secondary,2.84,2.33,3.46,5634,198400
IN-GJ,Gujarat,Male,Urban,60+,Higher,2.13,1.75,2.60,4225,198400
IN-GJ,Gujarat,Male,Urban,60-64,All,2.13,1.75,2.60,3803,178560
IN-GJ,Gujarat,Male,Urban,60-64,None,2.99,2.45,3.65,1067,35712
IN-GJ,Gujarat,Male,Urban,60-64,Primary,2.24,1.84,2.73,799,35712
IN-GJ,Gujarat,Male,Urban,60-64,Middle,1.71,1.40,2.09,610,35712
IN-GJ,Gujarat,Male,Urban,60-64,Secondary,1.28,1.05,1.56,457,35712
IN-GJ,Gujarat,Male,Urban,60-64,Higher,1.00,0.82,1.22,357,35712
IN-GJ,Gujarat,Male,Urban,65-69,All,3.55,2.91,4.33,6338,178560
IN-GJ,Gujarat,Male,Urban,65-69,None,4.98,4.08,6.08,1778,35712
IN-GJ,Gujarat,Male,Urban,65-69,Primary,3.73,3.06,4.55,1332,35712
IN-GJ,Gujarat,Male,Urban,65-69,Middle,2.84,2.33,3.46,1014,35712
IN-GJ,Gujarat,Male,Urban,65-69,Secondary,2.13,1.75,2.60,760,35712
IN-GJ,Gujarat,Male,Urban,65-69,Higher,1.60,1.31,1.95,571,35712
IN-GJ,Gujarat,Male,Urban,70-74,All,5.45,4.47,6.65,9731,178560
IN-GJ,Gujarat,Male,Urban,70-74,None,7.63,6.26,9.31,2724,35712
IN-GJ,Gujarat,Male,Urban,70-74,Primary,5.72,4.69,6.98,2042,35712
IN-GJ,Gujarat,Male,Urban,70-74,Middle,4.36,3.58,5.32,1557,35712
IN-GJ,Gujarat,Male,Urban,70-74,Secondary,3.27,2.68,3.99,1167,35712
IN-GJ,Gujarat,Male,Urban,70-74,Higher,2.45,2.01,2.99,874,35712
IN-GJ,Gujarat,Male,Urban,75-79,All,8.06,6.61,9.83,14391,178560
IN-GJ,Gujarat,Male,Urban,75-79,None,11.28,9.25,13.76,4028,35712
IN-GJ,Gujarat,Male,Urban,75-79,Primary,8.46,6.94,10.32,3021,35712
IN-GJ,Gujarat,Male,Urban,75-79,Middle,6.45,5.29,7.87,2303,35712
IN-GJ,Gujarat,Male,Urban,75-79,Secondary,4.83,3.96,5.89,1724,35712
IN-GJ,Gujarat,Male,Urban,75-79,Higher,3.63,2.98,4.43,1296,35712
IN-GJ,Gujarat,Male,Urban,80-84,All,11.38,9.33,13.88,20320,178560
IN-GJ,Gujarat,Male,Urban,80-84,None,15.93,13.06,19.43,5688,35712
IN-GJ,Gujarat,Male,Urban,80-84,Primary,11.94,9.79,14.57,4264,35712
IN-GJ,Gujarat,Male,Urban,80-84,Middle,9.10,7.46,11.10,3249,35712
IN-GJ,Gujarat,Male,Urban,80-84,Secondary,6.83,5.60,8.33,2439,35712
IN-GJ,Gujarat,Male,Urban,80-84,Higher,5.12,4.20,6.25,1828,35712
IN-GJ,Gujarat,Male,Urban,85+,All,15.64,12.82,19.08,27926,178560
IN-GJ,Gujarat,Male,Urban,85+,None,21.90,17.96,26.72,7820,35712
IN-GJ,Gujarat,Male,Urban,85+,Primary,16.42,13.46,20.03,5863,35712
IN-GJ,Gujarat,Male,Urban,85+,Middle,12.51,10.26,15.26,4467,35712
IN-GJ,Gujarat,Male,Urban,85+,Secondary,9.38,7.69,11.44,3349,35712
IN-GJ,Gujarat,Male,Urban,85+,Higher,7.04,5.77,8.59,2514,35712
IN-GJ,Gujarat,Male,Rural,60+,All,7.05,5.78,8.60,148614,2108000
IN-GJ,Gujarat,Male,Rural,60+,None,9.87,8.09,12.04,41611,421600
IN-GJ,Gujarat,Male,Rural,60+,Primary,7.40,6.07,9.03,31198,421600
IN-GJ,Gujarat,Male,Rural,60+,Middle,5.64,4.62,6.88,23778,421600
IN-GJ,Gujarat,Male,Rural,60+,Secondary,4.23,3.47,5.16,17833,421600
IN-GJ,Gujarat,Male,Rural,60+,Higher,3.17,2.60,3.87,13364,421600
IN-GJ,Gujarat,Male,Rural,60-64,All,3.17,2.60,3.87,12028,379440
IN-GJ,Gujarat,Male,Rural,60-64,None,4.44,3.64,5.42,3369,75888
IN-GJ,Gujarat,Male,Rural,60-64,Primary,3.33,2.73,4.06,2527,75888
IN-GJ,Gujarat,Male,Rural,60-64,Middle,2.54,2.08,3.10,1927,75888
IN-GJ,Gujarat,Male,Rural,60-64,Secondary,1.90,1.56,2.32,1441,75888
IN-GJ,Gujarat,Male,Rural,60-64,Higher,1.43,1.17,1.74,1085,75888
IN-GJ,Gujarat,Male,Rural,65-69,All,5.29,4.34,6.45,20072,379440
IN-GJ,Gujarat,Male,Rural,65-69,None,7.40,6.07,9.03,5615,75888
IN-GJ,Gujarat,Male,Rural,65-69,Primary,5.55,4.55,6.77,4211,75888
IN-GJ,Gujarat,Male,Rural,65-69,Middle,4.23,3.47,5.16,3210,75888
IN-GJ,Gujarat,Male,Rural,65-69,Secondary,3.17,2.60,3.87,2405,75888
IN-GJ,Gujarat,Male,Rural,65-69,Higher,2.38,1.95,2.90,1806,75888
IN-GJ,Gujarat,Male,Rural,70-74,All,8.11,6.65,9.89,30772,379440
IN-GJ,Gujarat,Male,Rural,70-74,None,11.35,9.31,13.85,8613,75888
IN-GJ,Gujarat,Male,Rural,70-74,Primary,8.51,6.98,10.38,6458,75888
IN-GJ,Gujarat,Male,Rural,70-74,Middle,6.49,5.32,7.92,4925,75888
IN-GJ,Gujarat,Male,Rural,70-74,Secondary,4.87,3.99,5.94,3695,75888
IN-GJ,Gujarat,Male,Rural,70-74,Higher,3.65,2.99,4.45,2769,75888
IN-GJ,Gujarat,Male,Rural,75-79,All,11.99,9.83,14.63,45494,379440
IN-GJ,Gujarat,Male,Rural,75-79,None,16.78,13.76,20.47,12734,75888
IN-GJ,Gujarat,Male,Rural,75-79,Primary,12.59,10.32,15.36,9554,75888
IN-GJ,Gujarat,Male,Rural,75-79,Middle,9.59,7.86,11.70,7277,75888
IN-GJ,Gujarat,Male,Rural,75-79,Secondary,7.19,5.90,8.77,5456,75888
IN-GJ,Gujarat,Male,Rural,75-79,Higher,5.39,4.42,6.58,4090,75888
IN-GJ,Gujarat,Male,Rural,80-84,All,16.92,13.87,20.64,64201,379440
IN-GJ,Gujarat,Male,Rural,80-84,None,23.69,19.43,28.90,17977,75888
IN-GJ,Gujarat,Male,Rural,80-84,Primary,17.77,14.57,21.68,13485,75888
IN-GJ,Gujarat,Male,Rural,80-84,Middle,13.54,11.10,16.52,10275,75888
IN-GJ,Gujarat,Male,Rural,80-84,Secondary,10.15,8.32,12.38,7702,75888
IN-GJ,Gujarat,Male,Rural,80-84,Higher,7.62,6.25,9.30,5782,75888
IN-GJ,Gujarat,Male,Rural,85+,All,23.27,19.08,28.39,88295,379440
IN-GJ,Gujarat,Male,Rural,85+,None,32.58,26.72,39.75,24724,75888
IN-GJ,Gujarat,Male,Rural,85+,Primary,24.43,20.03,29.80,18539,75888
IN-GJ,Gujarat,Male,Rural,85+,Middle,18.62,15.27,22.72,14130,75888
IN-GJ,Gujarat,Male,Rural,85+,Secondary,13.96,11.45,17.03,10593,75888
IN-GJ,Gujarat,Male,Rural,85+,Higher,10.47,8.59,12.77,7945,75888
IN-GJ,Gujarat,Female,All,60+,All,7.82,6.41,9.54,242420,3100000
IN-GJ,Gujarat,Female,All,60+,None,10.95,8.98,13.36,67889,620000
IN-GJ,Gujarat,Female,All,60+,Primary,8.21,6.73,10.02,50902,620000
IN-GJ,Gujarat,Female,All,60+,Middle,6.26,5.13,7.64,38812,620000
IN-GJ,Gujarat,Female,All,60+,Secondary,4.69,3.85,5.72,29078,620000
IN-GJ,Gujarat,Female,All,60+,Higher,3.52,2.89,4.29,21824,620000
IN-GJ,Gujarat,Female,All,60-64,All,3.52,2.89,4.29,19641,558000
IN-GJ,Gujarat,Female,All,60-64,None,4.93,4.04,6.01,5501,111599
IN-GJ,Gujarat,Female,All,60-64,Primary,3.69,3.03,4.50,4118,111599
IN-GJ,Gujarat,Female,All,60-64,Middle,2.82,2.31,3.44,3147,111599
IN-GJ,Gujarat,Female,All,60-64,Secondary,2.11,1.73,2.57,2354,111599
IN-GJ,Gujarat,Female,All,60-64,Higher,1.58,1.30,1.93,1763,111599
IN-GJ,Gujarat,Female,All,65-69,All,5.86,4.81,7.15,32698,558000
IN-GJ,Gujarat,Female,All,65-69,None,8.21,6.73,10.02,9162,111599
IN-GJ,Gujarat,Female,All,65-69,Primary,6.16,5.05,7.52,6874,111599
IN-GJ,Gujarat,Female,All,65-69,Middle,4.69,3.85,5.72,5233,111599
IN-GJ,Gujarat,Female,All,65-69,Secondary,3.52,2.89,4.29,3928,111599
IN-GJ,Gujarat,Female,All,65-69,Higher,2.64,2.16,3.22,2946,111599
IN-GJ,Gujarat,Female,All,70-74,All,8.99,7.37,10.97,50164,558000
IN-GJ,Gujarat,Female,All,70-74,None,12.59,10.32,15.36,14050,111599
IN-GJ,Gujarat,Female,All,70-74,Primary,9.44,7.74,11.52,10534,111599
IN-GJ,Gujarat,Female,All,70-74,Middle,7.19,5.90,8.77,8023,111599
IN-GJ,Gujarat,Female,All,70-74,Secondary,5.40,4.43,6.59,6026,111599
IN-GJ,Gujarat,Female,All,70-74,Higher,4.05,3.32,4.94,4519,111599
IN-GJ,Gujarat,Female,All,75-79,All,13.29,10.90,16.21,74158,558000
IN-GJ,Gujarat,Female,All,75-79,None,18.61,15.26,22.70,20768,111599
IN-GJ,Gujarat,Female,All,75-79,Primary,13.96,11.45,17.03,15579,111599
IN-GJ,Gujarat,Female,All,75-79,Middle,10.64,8.72,12.98,11874,111599
IN-GJ,Gujarat,Female,All,75-79,Secondary,7.98,6.54,9.74,8905,111599
IN-GJ,Gujarat,Female,All,75-79,Higher,5.98,4.90,7.30,6673,111599
IN-GJ,Gujarat,Female,All,80-84,All,18.77,15.39,22.90,104736,558000
IN-GJ,Gujarat,Female,All,80-84,None,26.28,21.55,32.06,29328,111599
IN-GJ,Gujarat,Female,All,80-84,Primary,19.71,16.16,24.05,21996,111599
IN-GJ,Gujarat,Female,All,80-84,Middle,15.01,12.31,18.31,16751,111599
IN-GJ,Gujarat,Female,All,80-84,Secondary,11.26,9.23,13.74,12566,111599
IN-GJ,Gujarat,Female,All,80-84,Higher,8.45,6.93,10.31,9430,111599
IN-GJ,Gujarat,Female,All,85+,All,25.81,21.16,31.49,144019,558000
IN-GJ,Gujarat,Female,All,85+,None,35.00,28.70,42.70,39059,111599
IN-GJ,Gujarat,Female,All,85+,Primary,27.10,22.22,33.06,30243,111599
IN-GJ,Gujarat,Female,All,85+,Middle,20.64,16.92,25.18,23034,111599
IN-GJ,Gujarat,Female,All,85+,Secondary,15.48,12.69,18.89,17275,111599
IN-GJ,Gujarat,Female,All,85+,Higher,11.61,9.52,14.16,12956,111599
IN-GJ,Gujarat,Female,Urban,60+,All,6.41,5.26,7.82,63587,992000
IN-GJ,Gujarat,Female,Urban,60+,None,8.98,7.36,10.96,17816,198400
IN-GJ,Gujarat,Female,Urban,60+,Primary,6.73,5.52,8.21,13352,198400
IN-GJ,Gujarat,Female,Urban,60+,Middle,5.13,4.21,6.26,10177,198400
IN-GJ,Gujarat,Female,Urban,60+,Secondary,3.85,3.16,4.70,7638,198400
IN-GJ,Gujarat,Female,Urban,60+,Higher,2.89,2.37,3.53,5733,198400
IN-GJ,Gujarat,Female,Urban,60-64,All,2.89,2.37,3.53,5160,178560
IN-GJ,Gujarat,Female,Urban,60-64,None,4.04,3.31,4.93,1442,35712
IN-GJ,Gujarat,Female,Urban,60-64,Primary,3.03,2.48,3.70,1082,35712
IN-GJ,Gujarat,Female,Urban,60-64,Middle,2.31,1.89,2.82,824,35712
IN-GJ,Gujarat,Female,Urban,60-64,Secondary,1.73,1.42,2.11,617,35712
IN-GJ,Gujarat,Female,Urban,60-64,Higher,1.30,1.07,1.59,464,35712
IN-GJ,Gujarat,Female,Urban,65-69,All,4.81,3.94,5.87,8588,178560
IN-GJ,Gujarat,Female,Urban,65-69,None,6.73,5.52,8.21,2403,35712
IN-GJ,Gujarat,Female,Urban,65-69,Primary,5.05,4.14,6.16,1803,35712
IN-GJ,Gujarat,Female,Urban,65-69,Middle,3.85,3.16,4.70,1374,35712
IN-GJ,Gujarat,Female,Urban,65-69,Secondary,2.89,2.37,3.53,1032,35712
IN-GJ,Gujarat,Female,Urban,65-69,Higher,2.16,1.77,2.64,771,35712
IN-GJ,Gujarat,Female,Urban,70-74,All,7.37,6.04,8.99,13159,178560
IN-GJ,Gujarat,Female,Urban,70-74,None,10.32,8.46,12.59,3685,35712
IN-GJ,Gujarat,Female,Urban,70-74,Primary,7.74,6.35,9.44,2764,35712
IN-GJ,Gujarat,Female,Urban,70-74,Middle,5.90,4.84,7.20,2107,35712
IN-GJ,Gujarat,Female,Urban,70-74,Secondary,4.42,3.62,5.39,1578,35712
IN-GJ,Gujarat,Female,Urban,70-74,Higher,3.32,2.72,4.05,1185,35712
IN-GJ,Gujarat,Female,Urban,75-79,All,10.90,8.94,13.30,19463,178560
IN-GJ,Gujarat,Female,Urban,75-79,None,15.26,12.51,18.62,5449,35712
IN-GJ,Gujarat,Female,Urban,75-79,Primary,11.45,9.39,13.97,4089,35712
IN-GJ,Gujarat,Female,Urban,75-79,Middle,8.72,7.15,10.64,3114,35712
IN-GJ,Gujarat,Female,Urban,75-79,Secondary,6.54,5.36,7.98,2335,35712
IN-GJ,Gujarat,Female,Urban,75-79,Higher,4.91,4.03,5.99,1753,35712
IN-GJ,Gujarat,Female,Urban,80-84,All,15.39,12.62,18.78,27480,178560
IN-GJ,Gujarat,Female,Urban,80-84,None,21.55,17.67,26.29,7695,35712
IN-GJ,Gujarat,Female,Urban,80-84,Primary,16.16,13.25,19.72,5771,35712
IN-GJ,Gujarat,Female,Urban,80-84,Middle,12.31,10.09,15.02,4396,35712
IN-GJ,Gujarat,Female,Urban,80-84,Secondary,9.23,7.57,11.26,3296,35712
IN-GJ,Gujarat,Female,Urban,80-84,Higher,6.93,5.68,8.45,2474,35712
IN-GJ,Gujarat,Female,Urban,85+,All,21.16,17.35,25.82,37783,178560
IN-GJ,Gujarat,Female,Urban,85+,None,29.63,24.30,36.15,10581,35712
IN-GJ,Gujarat,Female,Urban,85+,Primary,22.22,18.22,27.11,7935,35712
IN-GJ,Gujarat,Female,Urban,85+,Middle,16.93,13.88,20.65,6046,35712
IN-GJ,Gujarat,Female,Urban,85+,Secondary,12.70,10.41,15.49,4535,35712
IN-GJ,Gujarat,Female,Urban,85+,Higher,9.52,7.81,11.61,3399,35712
IN-GJ,Gujarat,Female,Rural,60+,All,9.54,7.82,11.64,201103,2108000
IN-GJ,Gujarat,Female,Rural,60+,None,13.36,10.96,16.30,56325,421600
IN-GJ,Gujarat,Female,Rural,60+,Primary,10.02,8.22,12.22,42244,421600
IN-GJ,Gujarat,Female,Rural,60+,Middle,7.63,6.26,9.31,32168,421600
IN-GJ,Gujarat,Female,Rural,60+,Secondary,5.72,4.69,6.98,24115,421600
IN-GJ,Gujarat,Female,Rural,60+,Higher,4.29,3.52,5.23,18086,421600
IN-GJ,Gujarat,Female,Rural,60-64,All,4.29,3.52,5.23,16277,379440
IN-GJ,Gujarat,Female,Rural,60-64,None,6.01,4.93,7.33,4560,75888
IN-GJ,Gujarat,Female,Rural,60-64,Primary,4.51,3.70,5.50,3422,75888
IN-GJ,Gujarat,Female,Rural,60-64,Middle,3.43,2.81,4.18,2602,75888
IN-GJ,Gujarat,Female,Rural,60-64,Secondary,2.58,2.12,3.15,1957,75888
IN-GJ,Gujarat,Female,Rural,60-64,Higher,1.93,1.58,2.35,1464,75888
IN-GJ,Gujarat,Female,Rural,65-69,All,7.16,5.87,8.74,27167,379440
IN-GJ,Gujarat,Female,Rural,65-69,None,10.02,8.22,12.22,7603,75888
IN-GJ,Gujarat,Female,Rural,65-69,Primary,7.51,6.16,9.16,5699,75888
IN-GJ,Gujarat,Female,Rural,65-69,Middle,5.72,4.69,6.98,4340,75888
IN-GJ,Gujarat,Female,Rural,65-69,Secondary,4.29,3.52,5.23,3255,75888
IN-GJ,Gujarat,Female,Rural,65-69,Higher,3.22,2.64,3.93,2443,75888
IN-GJ,Gujarat,Female,Rural,70-74,All,10.97,9.00,13.38,41624,379440
IN-GJ,Gujarat,Female,Rural,70-74,None,15.36,12.60,18.74,11656,75888
IN-GJ,Gujarat,Female,Rural,70-74,Primary,11.52,9.45,14.05,8742,75888
IN-GJ,Gujarat,Female,Rural,70-74,Middle,8.78,7.20,10.71,6662,75888
IN-GJ,Gujarat,Female,Rural,70-74,Secondary,6.58,5.40,8.03,4993,75888
IN-GJ,Gujarat,Female,Rural,70-74,Higher,4.94,4.05,6.03,3748,75888
IN-GJ,Gujarat,Female,Rural,75-79,All,16.22,13.30,19.79,61545,379440
IN-GJ,Gujarat,Female,Rural,75-79,None,22.71,18.62,27.71,17234,75888
IN-GJ,Gujarat,Female,Rural,75-79,Primary,17.03,13.96,20.78,12923,75888
IN-GJ,Gujarat,Female,Rural,75-79,Middle,12.97,10.64,15.82,9842,75888
IN-GJ,Gujarat,Female,Rural,75-79,Secondary,9.73,7.98,11.87,7383,75888
IN-GJ,Gujarat,Female,Rural,75-79,Higher,7.30,5.99,8.91,5539,75888
IN-GJ,Gujarat,Female,Rural,80-84,All,22.90,18.78,27.94,86891,379440
IN-GJ,Gujarat,Female,Rural,80-84,None,32.06,26.29,39.11,24329,75888
IN-GJ,Gujarat,Female,Rural,80-84,Primary,24.04,19.71,29.33,18243,75888
IN-GJ,Gujarat,Female,Rural,80-84,Middle,18.32,15.02,22.35,13902,75888
IN-GJ,Gujarat,Female,Rural,80-84,Secondary,13.74,11.27,16.76,10427,75888
IN-GJ,Gujarat,Female,Rural,80-84,Higher,10.30,8.45,12.57,7816,75888
IN-GJ,Gujarat,Female,Rural,85+,All,31.48,25.81,38.41,119447,379440
IN-GJ,Gujarat,Female,Rural,85+,None,35.00,28.70,42.70,26560,75888
IN-GJ,Gujarat,Female,Rural,85+,Primary,33.06,27.11,40.33,25088,75888
IN-GJ,Gujarat,Female,Rural,85+,Middle,25.19,20.66,30.73,19116,75888
IN-GJ,Gujarat,Female,Rural,85+,Secondary,18.89,15.49,23.05,14335,75888
IN-GJ,Gujarat,Female,Rural,85+,Higher,14.17,11.62,17.29,10753,75888
IN-MP,Madhya Pradesh,Both,All,60+,All,6.50,5.33,7.93,396500,6100000
IN-MP,Madhya Pradesh,Both,All,60+,None,9.10,7.46,11.10,111020,1220000
IN-MP,Madhya Pradesh,Both,All,60+,Primary,6.83,5.60,8.33,83326,1220000
IN-MP,Madhya Pradesh,Both,All,60+,Middle,5.20,4.26,6.34,63440,1220000
IN-MP,Madhya Pradesh,Both,All,60+,Secondary,3.90,3.20,4.76,47580,1220000
IN-MP,Madhya Pradesh,Both,All,60+,Higher,2.93,2.40,3.57,35746,1220000
IN-MP,Madhya Pradesh,Both,All,60-64,All,2.93,2.40,3.57,32171,1098000
IN-MP,Madhya Pradesh,Both,All,60-64,None,4.10,3.36,5.00,9003,219599
IN-MP,Madhya Pradesh,Both,All,60-64,Primary,3.07,2.52,3.75,6741,219599
IN-MP,Madhya Pradesh,Both,All,60-64,Middle,2.34,1.92,2.85,5138,219599
IN-MP,Madhya Pradesh,Both,All,60-64,Secondary,1.76,1.44,2.15,3864,219599
IN-MP,Madhya Pradesh,Both,All,60-64,Higher,1.32,1.08,1.61,2898,219599
IN-MP,Madhya Pradesh,Both,All,65-69,All,4.88,4.00,5.95,53582,1098000
IN-MP,Madhya Pradesh,Both,All,65-69,None,6.82,5.59,8.32,14976,219599
IN-MP,Madhya Pradesh,Both,All,65-69,Primary,5.12,4.20,6.25,11243,219599
IN-MP,Madhya Pradesh,Both,All,65-69,Middle,3.90,3.20,4.76,8564,219599
IN-MP,Madhya Pradesh,Both,All,65-69,Secondary,2.93,2.40,3.57,6434,219599
IN-MP,Madhya Pradesh,Both,All,65-69,Higher,2.19,1.80,2.67,4809,219599
IN-MP,Madhya Pradesh,Both,All,70-74,All,7.48,6.13,9.13,82130,1098000
IN-MP,Madhya Pradesh,Both,All,70-74,None,10.47,8.59,12.77,22992,219599
IN-MP,Madhya Pradesh,Both,All,70-74,Primary,7.85,6.44,9.58,17238,219599
IN-MP,Madhya Pradesh,Both,All,70-74,Middle,5.98,4.90,7.30,13132,219599
IN-MP,Madhya Pradesh,Both,All,70-74,Secondary,4.48,3.67,5.47,9838,219599
IN-MP,Madhya Pradesh,Both,All,70-74,Higher,3.36,2.76,4.10,7378,219599
IN-MP,Madhya Pradesh,Both,All,75-79,All,11.05,9.06,13.48,121329,1098000
IN-MP,Madhya Pradesh,Both,All,75-79,None,15.47,12.69,18.87,33971,219599
IN-MP,Madhya Pradesh,Both,All,75-79,Primary,11.60,9.51,14.15,25473,219599
IN-MP,Madhya Pradesh,Both,All,75-79,Middle,8.84,7.25,10.78,19412,219599
IN-MP,Madhya Pradesh,Both,All,75-79,Secondary,6.63,5.44,8.09,14559,219599
IN-MP,Madhya Pradesh,Both,All,75-79,Higher,4.97,4.08,6.06,10914,219599
IN-MP,Madhya Pradesh,Both,All,80-84,All,15.60,12.79,19.03,171288,1098000
IN-MP,Madhya Pradesh,Both,All,80-84,None,21.84,17.91,26.64,47960,219599
IN-MP,Madhya Pradesh,Both,All,80-84,Primary,16.38,13.43,19.98,35970,219599
IN-MP,Madhya Pradesh,Both,All,80-84,Middle,12.48,10.23,15.23,27405,219599
IN-MP,Madhya Pradesh,Both,All,80-84,Secondary,9.36,7.68,11.42,20554,219599
IN-MP,Madhya Pradesh,Both,All,80-84,Higher,7.02,5.76,8.56,15415,219599
IN-MP,Madhya Pradesh,Both,All,85+,All,21.45,17.59,26.17,235521,1098000
IN-MP,Madhya Pradesh,Both,All,85+,None,30.03,24.62,36.64,65945,219599
IN-MP,Madhya Pradesh,Both,All,85+,Primary,22.52,18.47,27.47,49453,219599
IN-MP,Madhya Pradesh,Both,All,85+,Middle,17.16,14.07,20.94,37683,219599
IN-MP,Madhya Pradesh,Both,All,85+,Secondary,12.87,10.55,15.70,28262,219599
IN-MP,Madhya Pradesh,Both,All,85+,Higher,9.65,7.91,11.77,21191,219599
IN-MP,Madhya Pradesh,Both,Urban,60+,All,5.33,4.37,6.50,104041,1952000
IN-MP,Madhya Pradesh,Both,Urban,60+,None,7.46,6.12,9.10,29123,390400
IN-MP,Madhya Pradesh,Both,Urban,60+,Primary,5.60,4.59,6.83,21862,390400
IN-MP,Madhya Pradesh,Both,Urban,60+,Middle,4.26,3.49,5.20,16631,390400
IN-MP,Madhya Pradesh,Both,Urban,60+,Secondary,3.20,2.62,3.90,12492,390400
IN-MP,Madhya Pradesh,Both,Urban,60+,Higher,2.40,1.97,2.93,9369,390400
IN-MP,Madhya Pradesh,Both,Urban,60-64,All,2.40,1.97,2.93,8432,351360
IN-MP,Madhya Pradesh,Both,Urban,60-64,None,3.36,2.76,4.10,2361,70272
IN-MP,Madhya Pradesh,Both,Urban,60-64,Primary,2.52,2.07,3.07,1770,70272
IN-MP,Madhya Pradesh,Both,Urban,60-64,Middle,1.92,1.57,2.34,1349,70272
IN-MP,Madhya Pradesh,Both,Urban,60-64,Secondary,1.44,1.18,1.76,1011,70272
IN-MP,Madhya Pradesh,Both,Urban,60-64,Higher,1.08,0.89,1.32,758,70272
IN-MP,Madhya Pradesh,Both,Urban,65-69,All,4.00,3.28,4.88,14054,351360
IN-MP,Madhya Pradesh,Both,Urban,65-69,None,5.60,4.59,6.83,3935,70272
IN-MP,Madhya Pradesh,Both,Urban,65-69,Primary,4.20,3.44,5.12,2951,70272
IN-MP,Madhya Pradesh,Both,Urban,65-69,Middle,3.20,2.62,3.90,2248,70272
IN-MP,Madhya Pradesh,Both,Urban,65-69,Secondary,2.40,1.97,2.93,1686,70272
IN-MP,Madhya Pradesh,Both,Urban,65-69,Higher,1.80,1.48,2.20,1264,70272
IN-MP,Madhya Pradesh,Both,Urban,70-74,All,6.13,5.03,7.48,21538,351360
IN-MP,Madhya Pradesh,Both,Urban,70-74,None,8.58,7.04,10.47,6029,70272
IN-MP,Madhya Pradesh,Both,Urban,70-74,Primary,6.44,5.28,7.86,4525,70272
IN-MP,Madhya Pradesh,Both,Urban,70-74,Middle,4.90,4.02,5.98,3443,70272
IN-MP,Madhya Pradesh,Both,Urban,70-74,Secondary,3.68,3.02,4.49,2586,70272
IN-MP,Madhya Pradesh,Both,Urban,70-74,Higher,2.76,2.26,3.37,1939,70272
IN-MP,Madhya Pradesh,Both,Urban,75-79,All,9.06,7.43,11.05,31833,351360
IN-MP,Madhya Pradesh,Both,Urban,75-79,None,12.69,10.41,15.48,8917,70272
IN-MP,Madhya Pradesh,Both,Urban,75-79,Primary,9.51,7.80,11.60,6682,70272
IN-MP,Madhya Pradesh,Both,Urban,75-79,Middle,7.25,5.94,8.85,5094,70272
IN-MP,Madhya Pradesh,Both,Urban,75-79,Secondary,5.44,4.46,6.64,3822,70272
IN-MP,Madhya Pradesh,Both,Urban,75-79,Higher,4.08,3.35,4.98,2867,70272
IN-MP,Madhya Pradesh,Both,Urban,80-84,All,12.79,10.49,15.60,44938,351360
IN-MP,Madhya Pradesh,Both,Urban,80-84,None,17.91,14.69,21.85,12585,70272
IN-MP,Madhya Pradesh,Both,Urban,80-84,Primary,13.43,11.01,16.38,9437,70272
IN-MP,Madhya Pradesh,Both,Urban,80-84,Middle,10.23,8.39,12.48,7188,70272
IN-MP,Madhya Pradesh,Both,Urban,80-84,Secondary,7.68,6.30,9.37,5396,70272
IN-MP,Madhya Pradesh,Both,Urban,80-84,Higher,5.76,4.72,7.03,4047,70272
IN-MP,Madhya Pradesh,Both,Urban,85+,All,17.59,14.42,21.46,61804,351360
IN-MP,Madhya Pradesh,Both,Urban,85+,None,24.62,20.19,30.04,17300,70272
IN-MP,Madhya Pradesh,Both,Urban,85+,Primary,18.47,15.15,22.53,12979,70272
IN-MP,Madhya Pradesh,Both,Urban,85+,Middle,14.07,11.54,17.17,9887,70272
IN-MP,Madhya Pradesh,Both,Urban,85+,Secondary,10.55,8.65,12.87,7413,70272
IN-MP,Madhya Pradesh,Both,Urban,85+,Higher,7.92,6.49,9.66,5565,70272
IN-MP,Madhya Pradesh,Both,Rural,60+,All,7.93,6.50,9.67,328936,4148000
IN-MP,Madhya Pradesh,Both,Rural,60+,None,11.10,9.10,13.54,92085,829600
IN-MP,Madhya Pradesh,Both,Rural,60+,Primary,8.33,6.83,10.16,69105,829600
IN-MP,Madhya Pradesh,Both,Rural,60+,Middle,6.34,5.20,7.73,52596,829600
IN-MP,Madhya Pradesh,Both,Rural,60+,Secondary,4.76,3.90,5.81,39488,829600
IN-MP,Madhya Pradesh,Both,Rural,60+,Higher,3.57,2.93,4.36,29616,829600
IN-MP,Madhya Pradesh,Both,Rural,60-64,All,3.57,2.93,4.36,26655,746640
IN-MP,Madhya Pradesh,Both,Rural,60-64,None,5.00,4.10,6.10,7466,149328
IN-MP,Madhya Pradesh,Both,Rural,60-64,Primary,3.75,3.08,4.58,5599,149328
IN-MP,Madhya Pradesh,Both,Rural,60-64,Middle,2.85,2.34,3.48,4255,149328
IN-MP,Madhya Pradesh,Both,Rural,60-64,Secondary,2.14,1.75,2.61,3195,149328
IN-MP,Madhya Pradesh,Both,Rural,60-64,Higher,1.61,1.32,1.96,2404,149328
IN-MP,Madhya Pradesh,Both,Rural,65-69,All,5.95,4.88,7.26,44425,746640
IN-MP,Madhya Pradesh,Both,Rural,65-69,None,8.33,6.83,10.16,12439,149328
IN-MP,Madhya Pradesh,Both,Rural,65-69,Primary,6.24,5.12,7.61,9318,149328
IN-MP,Madhya Pradesh,Both,Rural,65-69,Middle,4.76,3.90,5.81,7108,149328
IN-MP,Madhya Pradesh,Both,Rural,65-69,Secondary,3.57,2.93,4.36,5331,149328
IN-MP,Madhya Pradesh,Both,Rural,65-69,Higher,2.68,2.20,3.27,4001,149328
IN-MP,Madhya Pradesh,Both,Rural,70-74,All,9.12,7.48,11.13,68093,746640
IN-MP,Madhya Pradesh,Both,Rural,70-74,None,12.77,10.47,15.58,19069,149328
IN-MP,Madhya Pradesh,Both,Rural,70-74,Primary,9.58,7.86,11.69,14305,149328
IN-MP,Madhya Pradesh,Both,Rural,70-74,Middle,7.30,5.99,8.91,10900,149328
IN-MP,Madhya Pradesh,Both,Rural,70-74,Secondary,5.47,4.49,6.67,8168,149328
IN-MP,Madhya Pradesh,Both,Rural,70-74,Higher,4.10,3.36,5.00,6122,149328
IN-MP,Madhya Pradesh,Both,Rural,75-79,All,13.48,11.05,16.45,100647,746640
IN-MP,Madhya Pradesh,Both,Rural,75-79,None,18.87,15.47,23.02,28178,149328
IN-MP,Madhya Pradesh,Both,Rural,75-79,Primary,14.16,11.61,17.28,21144,149328
IN-MP,Madhya Pradesh,Both,Rural,75-79,Middle,10.78,8.84,13.15,16097,149328
IN-MP,Madhya Pradesh,Both,Rural,75-79,Secondary,8.09,6.63,9.87,12080,149328
IN-MP,Madhya Pradesh,Both,Rural,75-79,Higher,6.07,4.98,7.41,9064,149328
IN-MP,Madhya Pradesh,Both,Rural,80-84,All,19.03,15.60,23.22,142085,746640
IN-MP,Madhya Pradesh,Both,Rural,80-84,None,26.64,21.84,32.50,39780,149328
IN-MP,Madhya Pradesh,Both,Rural,80-84,Primary,19.98,16.38,24.38,29835,149328
IN-MP,Madhya Pradesh,Both,Rural,80-84,Middle,15.23,12.49,18.58,22742,149328
IN-MP,Madhya Pradesh,Both,Rural,80-84,Secondary,11.42,9.36,13.93,17053,149328
IN-MP,Madhya Pradesh,Both,Rural,80-84,Higher,8.56,7.02,10.44,12782,149328
IN-MP,Madhya Pradesh,Both,Rural,85+,All,26.17,21.46,31.93,195395,746640
IN-MP,Madhya Pradesh,Both,Rural,85+,None,35.00,28.70,42.70,52264,149328
IN-MP,Madhya Pradesh,Both,Rural,85+,Primary,27.48,22.53,33.53,41035,149328
IN-MP,Madhya Pradesh,Both,Rural,85+,Middle,20.94,17.17,25.55,31269,149328
IN-MP,Madhya Pradesh,Both,Rural,85+,Secondary,15.70,12.87,19.15,23444,149328
IN-MP,Madhya Pradesh,Both,Rural,85+,Higher,11.78,9.66,14.37,17590,149328
IN-MP,Madhya Pradesh,Male,All,60+,All,5.53,4.53,6.75,168665,3050000
IN-MP,Madhya Pradesh,Male,All,60+,None,7.74,6.35,9.44,47214,610000
IN-MP,Madhya Pradesh,Male,All,60+,Primary,5.80,4.76,7.08,35380,610000
IN-MP,Madhya Pradesh,Male,All,60+,Middle,4.42,3.62,5.39,26961,610000
IN-MP,Madhya Pradesh,Male,All,60+,Secondary,3.32,2.72,4.05,20252,610000
IN-MP,Madhya Pradesh,Male,All,60+,Higher,2.49,2.04,3.04,15189,610000
IN-MP,Madhya Pradesh,Male,All,60-64,All,2.49,2.04,3.04,13670,549000
IN-MP,Madhya Pradesh,Male,All,60-64,None,3.48,2.85,4.25,3821,109799
IN-MP,Madhya Pradesh,Male,All,60-64,Primary,2.61,2.14,3.18,2865,109799
IN-MP,Madhya Pradesh,Male,All,60-64,Middle,1.99,1.63,2.43,2185,109799
IN-MP,Madhya Pradesh,Male,All,60-64,Secondary,1.49,1.22,1.82,1636,109799
IN-MP,Madhya Pradesh,Male,All,60-64,Higher,1.12,0.92,1.37,1229,109799
IN-MP,Madhya Pradesh,Male,All,65-69,All,4.14,3.39,5.05,22728,549000
IN-MP,Madhya Pradesh,Male,All,65-69,None,5.80,4.76,7.08,6368,109799
IN-MP,Madhya Pradesh,Male,All,65-69,Primary,4.35,3.57,5.31,4776,109799
IN-MP,Madhya Pradesh,Male,All,65-69,Middle,3.32,2.72,4.05,3645,109799
IN-MP,Madhya Pradesh,Male,All,65-69,Secondary,2.49,2.04,3.04,2733,109799
IN-MP,Madhya Pradesh,Male,All,65-69,Higher,1.86,1.53,2.27,2042,109799
IN-MP,Madhya Pradesh,Male,All,70-74,All,6.35,5.21,7.75,34861,549000
IN-MP,Madhya Pradesh,Male,All,70-74,None,8.90,7.30,10.86,9772,109799
IN-MP,Madhya Pradesh,Male,All,70-74,Primary,6.67,5.47,8.14,7323,109799
IN-MP,Madhya Pradesh,Male,All,70-74,Middle,5.08,4.17,6.20,5577,109799
IN-MP,Madhya Pradesh,Male,All,70-74,Secondary,3.81,3.12,4.65,4183,109799
IN-MP,Madhya Pradesh,Male,All,70-74,Higher,2.86,2.35,3.49,3140,109799
IN-MP,Madhya Pradesh,Male,All,75-79,All,9.39,7.70,11.46,51551,549000
IN-MP,Madhya Pradesh,Male,All,75-79,None,13.15,10.78,16.04,14438,109799
IN-MP,Madhya Pradesh,Male,All,75-79,Primary,9.86,8.09,12.03,10826,109799
IN-MP,Madhya Pradesh,Male,All,75-79,Middle,7.51,6.16,9.16,8245,109799
IN-MP,Madhya Pradesh,Male,All,75-79,Secondary,5.64,4.62,6.88,6192,109799
IN-MP,Madhya Pradesh,Male,All,75-79,Higher,4.23,3.47,5.16,4644,109799
IN-MP,Madhya Pradesh,Male,All,80-84,All,13.26,10.87,16.18,72797,549000
IN-MP,Madhya Pradesh,Male,All,80-84,None,18.56,15.22,22.64,20378,109799
IN-MP,Madhya Pradesh,Male,All,80-84,Primary,13.92,11.41,16.98,15284,109799
IN-MP,Madhya Pradesh,Male,All,80-84,Middle,10.61,8.70,12.94,11649,109799
IN-MP,Madhya Pradesh,Male,All,80-84,Secondary,7.96,6.53,9.71,8740,109799
IN-MP,Madhya Pradesh,Male,All,80-84,Higher,5.97,4.90,7.28,6555,109799
IN-MP,Madhya Pradesh,Male,All,85+,All,18.23,14.95,22.24,100082,549000
IN-MP,Madhya Pradesh,Male,All,85+,None,25.53,20.93,31.15,28031,109799
IN-MP,Madhya Pradesh,Male,All,85+,Primary,19.14,15.69,23.35,21015,109799
IN-MP,Madhya Pradesh,Male,All,85+,Middle,14.59,11.96,17.80,16019,109799
IN-MP,Madhya Pradesh,Male,All,85+,Secondary,10.94,8.97,13.35,12012,109799
IN-MP,Madhya Pradesh,Male,All,85+,Higher,8.20,6.72,10.00,9003,109799
IN-MP,Madhya Pradesh,Male,Urban,60+,All,4.53,3.71,5.53,44212,976000
IN-MP,Madhya Pradesh,Male,Urban,60+,None,6.34,5.20,7.73,12375,195200
IN-MP,Madhya Pradesh,Male,Urban,60+,Primary,4.76,3.90,5.81,9291,195200
IN-MP,Madhya Pradesh,Male,Urban,60+,Middle,3.62,2.97,4.42,7066,195200
IN-MP,Madhya Pradesh,Male,Urban,60+,Secondary,2.72,2.23,3.32,5309,195200
IN-MP,Madhya Pradesh,Male,Urban,60+,Higher,2.04,1.67,2.49,3982,195200
IN-MP,Madhya Pradesh,Male,Urban,60-64,All,2.04,1.67,2.49,3583,175680
IN-MP,Madhya Pradesh,Male,Urban,60-64,None,2.85,2.34,3.48,1001,35136
IN-MP,Madhya Pradesh,Male,Urban,60-64,Primary,2.14,1.75,2.61,751,35136
IN-MP,Madhya Pradesh,Male,Urban,60-64,Middle,1.63,1.34,1.99,572,35136
IN-MP,Madhya Pradesh,Male,Urban,60-64,Secondary,1.22,1.00,1.49,428,35136
IN-MP,Madhya Pradesh,Male,Urban,60-64,Higher,1.00,0.82,1.22,351,35136
IN-MP,Madhya Pradesh,Male,Urban,65-69,All,3.40,2.79,4.15,5973,175680
IN-MP,Madhya Pradesh,Male,Urban,65-69,None,4.76,3.90,5.81,1672,35136
IN-MP,Madhya Pradesh,Male,Urban,65-69,Primary,3.57,2.93,4.36,1254,35136
IN-MP,Madhya Pradesh,Male,Urban,65-69,Middle,2.72,2.23,3.32,955,35136
IN-MP,Madhya Pradesh,Male,Urban,65-69,Secondary,2.04,1.67,2.49,716,35136
IN-MP,Madhya Pradesh,Male,Urban,65-69,Higher,1.53,1.25,1.87,537,35136
IN-MP,Madhya Pradesh,Male,Urban,70-74,All,5.21,4.27,6.36,9152,175680
IN-MP,Madhya Pradesh,Male,Urban,70-74,None,7.29,5.98,8.89,2561,35136
IN-MP,Madhya Pradesh,Male,Urban,70-74,Primary,5.47,4.49,6.67,1921,35136
IN-MP,Madhya Pradesh,Male,Urban,70-74,Middle,4.17,3.42,5.09,1465,35136
IN-MP,Madhya Pradesh,Male,Urban,70-74,Secondary,3.13,2.57,3.82,1099,35136
IN-MP,Madhya Pradesh,Male,Urban,70-74,Higher,2.34,1.92,2.85,822,35136
IN-MP,Madhya Pradesh,Male,Urban,75-79,All,7.70,6.31,9.39,13527,175680
IN-MP,Madhya Pradesh,Male,Urban,75-79,None,10.78,8.84,13.15,3787,35136
IN-MP,Madhya Pradesh,Male,Urban,75-79,Primary,8.09,6.63,9.87,2842,35136
IN-MP,Madhya Pradesh,Male,Urban,75-79,Middle,6.16,5.05,7.52,2164,35136
IN-MP,Madhya Pradesh,Male,Urban,75-79,Secondary,4.62,3.79,5.64,1623,35136
IN-MP,Madhya Pradesh,Male,Urban,75-79,Higher,3.47,2.85,4.23,1219,35136
IN-MP,Madhya Pradesh,Male,Urban,80-84,All,10.87,8.91,13.26,19096,175680
IN-MP,Madhya Pradesh,Male,Urban,80-84,None,15.22,12.48,18.57,5347,35136
IN-MP,Madhya Pradesh,Male,Urban,80-84,Primary,11.42,9.36,13.93,4012,35136
IN-MP,Madhya Pradesh,Male,Urban,80-84,Middle,8.70,7.13,10.61,3056,35136
IN-MP,Madhya Pradesh,Male,Urban,80-84,Secondary,6.52,5.35,7.95,2290,35136
IN-MP,Madhya Pradesh,Male,Urban,80-84,Higher,4.89,4.01,5.97,1718,35136
IN-MP,Madhya Pradesh,Male,Urban,85+,All,14.95,12.26,18.24,26264,175680
IN-MP,Madhya Pradesh,Male,Urban,85+,None,20.93,17.16,25.53,7353,35136
IN-MP,Madhya Pradesh,Male,Urban,85+,Primary,15.70,12.87,19.15,5516,35136
IN-MP,Madhya Pradesh,Male,Urban,85+,Middle,11.96,9.81,14.59,4202,35136
IN-MP,Madhya Pradesh,Male,Urban,85+,Secondary,8.97,7.36,10.94,3151,35136
IN-MP,Madhya Pradesh,Male,Urban,85+,Higher,6.73,5.52,8.21,2364,35136
IN-MP,Madhya Pradesh,Male,Rural,60+,All,6.74,5.53,8.22,139787,2074000
IN-MP,Madhya Pradesh,Male,Rural,60+,None,9.44,7.74,11.52,39157,414800
IN-MP,Madhya Pradesh,Male,Rural,60+,Primary,7.08,5.81,8.64,29367,414800
IN-MP,Madhya Pradesh,Male,Rural,60+,Middle,5.39,4.42,6.58,22357,414800
IN-MP,Madhya Pradesh,Male,Rural,60+,Secondary,4.04,3.31,4.93,16757,414800
IN-MP,Madhya Pradesh,Male,Rural,60+,Higher,3.03,2.48,3.70,12568,414800
IN-MP,Madhya Pradesh,Male,Rural,60-64,All,3.03,2.48,3.70,11311,373320
IN-MP,Madhya Pradesh,Male,Rural,60-64,None,4.25,3.49,5.19,3173,74664
IN-MP,Madhya Pradesh,Male,Rural,60-64,Primary,3.18,2.61,3.88,2374,74664
IN-MP,Madhya Pradesh,Male,Rural,60-64,Middle,2.43,1.99,2.96,1814,74664
IN-MP,Madhya Pradesh,Male,Rural,60-64,Secondary,1.82,1.49,2.22,1358,74664
IN-MP,Madhya Pradesh,Male,Rural,60-64,Higher,1.36,1.12,1.66,1015,74664
IN-MP,Madhya Pradesh,Male,Rural,65-69,All,5.06,4.15,6.17,18889,373320
IN-MP,Madhya Pradesh,Male,Rural,65-69,None,7.08,5.81,8.64,5286,74664
IN-MP,Madhya Pradesh,Male,Rural,65-69,Primary,5.31,4.35,6.48,3964,74664
IN-MP,Madhya Pradesh,Male,Rural,65-69,Middle,4.04,3.31,4.93,3016,74664
IN-MP,Madhya Pradesh,Male,Rural,65-69,Secondary,3.03,2.48,3.70,2262,74664
IN-MP,Madhya Pradesh,Male,Rural,65-69,Higher,2.27,1.86,2.77,1694,74664
IN-MP,Madhya Pradesh,Male,Rural,70-74,All,7.75,6.36,9.46,28932,373320
IN-MP,Madhya Pradesh,Male,Rural,70-74,None,10.85,8.90,13.24,8101,74664
IN-MP,Madhya Pradesh,Male,Rural,70-74,Primary,8.14,6.67,9.93,6077,74664
IN-MP,Madhya Pradesh,Male,Rural,70-74,Middle,6.20,5.08,7.56,4629,74664
IN-MP,Madhya Pradesh,Male,Rural,70-74,Secondary,4.65,3.81,5.67,3471,74664
IN-MP,Madhya Pradesh,Male,Rural,70-74,Higher,3.49,2.86,4.26,2605,74664
IN-MP,Madhya Pradesh,Male,Rural,75-79,All,11.46,9.40,13.98,42782,373320
IN-MP,Madhya Pradesh,Male,Rural,75-79,None,16.04,13.15,19.57,11976,74664
IN-MP,Madhya Pradesh,Male,Rural,75-79,Primary,12.03,9.86,14.68,8982,74664
IN-MP,Madhya Pradesh,Male,Rural,75-79,Middle,9.17,7.52,11.19,6846,74664
IN-MP,Madhya Pradesh,Male,Rural,75-79,Secondary,6.88,5.64,8.39,5136,74664
IN-MP,Madhya Pradesh,Male,Rural,75-79,Higher,5.16,4.23,6.30,3852,74664
IN-MP,Madhya Pradesh,Male,Rural,80-84,All,16.18,13.27,19.74,60403,373320
IN-MP,Madhya Pradesh,Male,Rural,80-84,None,22.65,18.57,27.63,16911,74664
IN-MP,Madhya Pradesh,Male,Rural,80-84,Primary,16.99,13.93,20.73,12685,74664
IN-MP,Madhya Pradesh,Male,Rural,80-84,Middle,12.94,10.61,15.79,9661,74664
IN-MP,Madhya Pradesh,Male,Rural,80-84,Secondary,9.71,7.96,11.85,7249,74664
IN-MP,Madhya Pradesh,Male,Rural,80-84,Higher,7.28,5.97,8.88,5435,74664
IN-MP,Madhya Pradesh,Male,Rural,85+,All,22.24,18.24,27.13,83026,373320
IN-MP,Madhya Pradesh,Male,Rural,85+,None,31.14,25.53,37.99,23250,74664
IN-MP,Madhya Pradesh,Male,Rural,85+,Primary,23.36,19.16,28.50,17441,74664
IN-MP,Madhya Pradesh,Male,Rural,85+,Middle,17.79,14.59,21.70,13282,74664
IN-MP,Madhya Pradesh,Male,Rural,85+,Secondary,13.35,10.95,16.29,9967,74664
IN-MP,Madhya Pradesh,Male,Rural,85+,Higher,10.01,8.21,12.21,7473,74664
IN-MP,Madhya Pradesh,Female,All,60+,All,7.48,6.13,9.13,228140,3050000
IN-MP,Madhya Pradesh,Female,All,60+,None,10.47,8.59,12.77,63867,610000
IN-MP,Madhya Pradesh,Female,All,60+,Primary,7.85,6.44,9.58,47885,610000
IN-MP,Madhya Pradesh,Female,All,60+,Middle,5.98,4.90,7.30,36478,610000
IN-MP,Madhya Pradesh,Female,All,60+,Secondary,4.48,3.67,5.47,27328,610000
IN-MP,Madhya Pradesh,Female,All,60+,Higher,3.36,2.76,4.10,20496,610000
IN-MP,Madhya Pradesh,Female,All,60-64,All,3.36,2.76,4.10,18446,549000
IN-MP,Madhya Pradesh,Female,All,60-64,None,4.71,3.86,5.75,5171,109799
IN-MP,Madhya Pradesh,Female,All,60-64,Primary,3.53,2.89,4.31,3875,109799
IN-MP,Madhya Pradesh,Female,All,60-64,Middle,2.69,2.21,3.28,2953,109799
IN-MP,Madhya Pradesh,Female,All,60-64,Secondary,2.02,1.66,2.46,2217,109799
IN-MP,Madhya Pradesh,Female,All,60-64,Higher,1.51,1.24,1.84,1657,109799
IN-MP,Madhya Pradesh,Female,All,65-69,All,5.61,4.60,6.84,30798,549000
IN-MP,Madhya Pradesh,Female,All,65-69,None,7.85,6.44,9.58,8619,109799
IN-MP,Madhya Pradesh,Female,All,65-69,Primary,5.89,4.83,7.19,6467,109799
IN-MP,Madhya Pradesh,Female,All,65-69,Middle,4.48,3.67,5.47,4918,109799
IN-MP,Madhya Pradesh,Female,All,65-69,Secondary,3.36,2.76,4.10,3689,109799
IN-MP,Madhya Pradesh,Female,All,65-69,Higher,2.52,2.07,3.07,2766,109799
IN-MP,Madhya Pradesh,Female,All,70-74,All,8.60,7.05,10.49,47213,549000
IN-MP,Madhya Pradesh,Female,All,70-74,None,12.03,9.86,14.68,13208,109799
IN-MP,Madhya Pradesh,Female,All,70-74,Primary,9.03,7.40,11.02,9914,109799
IN-MP,Madhya Pradesh,Female,All,70-74,Middle,6.88,5.64,8.39,7554,109799
IN-MP,Madhya Pradesh,Female,All,70-74,Secondary,5.16,4.23,6.30,5665,109799
IN-MP,Madhya Pradesh,Female,All,70-74,Higher,3.87,3.17,4.72,4249,109799
IN-MP,Madhya Pradesh,Female,All,75-79,All,12.71,10.42,15.51,69777,549000
IN-MP,Madhya Pradesh,Female,All,75-79,None,17.79,14.59,21.70,19533,109799
IN-MP,Madhya Pradesh,Female,All,75-79,Primary,13.34,10.94,16.27,14647,109799
IN-MP,Madhya Pradesh,Female,All,75-79,Middle,10.17,8.34,12.41,11166,109799
IN-MP,Madhya Pradesh,Female,All,75-79,Secondary,7.62,6.25,9.30,8366,109799
IN-MP,Madhya Pradesh,Female,All,75-79,Higher,5.72,4.69,6.98,6280,109799
IN-MP,Madhya Pradesh,Female,All,80-84,All,17.94,14.71,21.89,98490,549000
IN-MP,Madhya Pradesh,Female,All,80-84,None,25.12,20.60,30.65,27581,109799
IN-MP,Madhya Pradesh,Female,All,80-84,Primary,18.84,15.45,22.98,20686,109799
IN-MP,Madhya Pradesh,Female,All,80-84,Middle,14.35,11.77,17.51,15756,109799
IN-MP,Madhya Pradesh,Female,All,80-84,Secondary,10.76,8.82,13.13,11814,109799
IN-MP,Madhya Pradesh,Female,All,80-84,Higher,8.07,6.62,9.85,8860,109799
IN-MP,Madhya Pradesh,Female,All,85+,All,24.67,20.23,30.10,135438,549000
IN-MP,Madhya Pradesh,Female,All,85+,None,34.53,28.31,42.13,37913,109799
IN-MP,Madhya Pradesh,Female,All,85+,Primary,25.90,21.24,31.60,28437,109799
IN-MP,Madhya Pradesh,Female,All,85+,Middle,19.73,16.18,24.07,21663,109799
IN-MP,Madhya Pradesh,Female,All,85+,Secondary,14.80,12.14,18.06,16250,109799
IN-MP,Madhya Pradesh,Female,All,85+,Higher,11.10,9.10,13.54,12187,109799
IN-MP,Madhya Pradesh,Female,Urban,60+,All,6.13,5.03,7.48,59828,976000
IN-MP,Madhya Pradesh,Female,Urban,60+,None,8.58,7.04,10.47,16748,195200
IN-MP,Madhya Pradesh,Female,Urban,60+,Primary,6.44,5.28,7.86,12570,195200
IN-MP,Madhya Pradesh,Female,Urban,60+,Middle,4.90,4.02,5.98,9564,195200
IN-MP,Madhya Pradesh,Female,Urban,60+,Secondary,3.68,3.02,4.49,7183,195200
IN-MP,Madhya Pradesh,Female,Urban,60+,Higher,2.76,2.26,3.37,5387,195200
IN-MP,Madhya Pradesh,Female,Urban,60-64,All,2.76,2.26,3.37,4848,175680
IN-MP,Madhya Pradesh,Female,Urban,60-64,None,3.86,3.17,4.71,1356,35136
IN-MP,Madhya Pradesh,Female,Urban,60-64,Primary,2.90,2.38,3.54,1018,35136
IN-MP,Madhya Pradesh,Female,Urban,60-64,Middle,2.21,1.81,2.70,776,35136
IN-MP,Madhya Pradesh,Female,Urban,60-64,Secondary,1.65,1.35,2.01,579,35136
IN-MP,Madhya Pradesh,Female,Urban,60-64,Higher,1.24,1.02,1.51,435,35136
IN-MP,Madhya Pradesh,Female,Urban,65-69,All,4.60,3.77,5.61,8081,175680
IN-MP,Madhya Pradesh,Female,Urban,65-69,None,6.44,5.28,7.86,2262,35136
IN-MP,Madhya Pradesh,Female,Urban,65-69,Primary,4.83,3.96,5.89,1697,35136
IN-MP,Madhya Pradesh,Female,Urban,65-69,Middle,3.68,3.02,4.49,1293,35136
IN-MP,Madhya Pradesh,Female,Urban,65-69,Secondary,2.76,2.26,3.37,969,35136
IN-MP,Madhya Pradesh,Female,Urban,65-69,Higher,2.07,1.70,2.53,727,35136
IN-MP,Madhya Pradesh,Female,Urban,70-74,All,7.05,5.78,8.60,12385,175680
IN-MP,Madhya Pradesh,Female,Urban,70-74,None,9.87,8.09,12.04,3467,35136
IN-MP,Madhya Pradesh,Female,Urban,70-74,Primary,7.40,6.07,9.03,2600,35136
IN-MP,Madhya Pradesh,Female,Urban,70-74,Middle,5.64,4.62,6.88,1981,35136
IN-MP,Madhya Pradesh,Female,Urban,70-74,Secondary,4.23,3.47,5.16,1486,35136
IN-MP,Madhya Pradesh,Female,Urban,70-74,Higher,3.17,2.60,3.87,1113,35136
IN-MP,Madhya Pradesh,Female,Urban,75-79,All,10.42,8.54,12.71,18305,175680
IN-MP,Madhya Pradesh,Female,Urban,75-79,None,14.59,11.96,17.80,5126,35136
IN-MP,Madhya Pradesh,Female,Urban,75-79,Primary,10.94,8.97,13.35,3843,35136
IN-MP,Madhya Pradesh,Female,Urban,75-79,Middle,8.34,6.84,10.17,2930,35136
IN-MP,Madhya Pradesh,Female,Urban,75-79,Secondary,6.25,5.13,7.63,2196,35136
IN-MP,Madhya Pradesh,Female,Urban,75-79,Higher,4.69,3.85,5.72,1647,35136
IN-MP,Madhya Pradesh,Female,Urban,80-84,All,14.71,12.06,17.95,25842,175680
IN-MP,Madhya Pradesh,Female,Urban,80-84,None,20.60,16.89,25.13,7238,35136
IN-MP,Madhya Pradesh,Female,Urban,80-84,Primary,15.45,12.67,18.85,5428,35136
IN-MP,Madhya Pradesh,Female,Urban,80-84,Middle,11.77,9.65,14.36,4135,35136
IN-MP,Madhya Pradesh,Female,Urban,80-84,Secondary,8.83,7.24,10.77,3102,35136
IN-MP,Madhya Pradesh,Female,Urban,80-84,Higher,6.62,5.43,8.08,2326,35136
IN-MP,Madhya Pradesh,Female,Urban,85+,All,20.23,16.59,24.68,35540,175680
IN-MP,Madhya Pradesh,Female,Urban,85+,None,28.32,23.22,34.55,9950,35136
IN-MP,Madhya Pradesh,Female,Urban,85+,Primary,21.24,17.42,25.91,7462,35136
IN-MP,Madhya Pradesh,Female,Urban,85+,Middle,16.18,13.27,19.74,5685,35136
IN-MP,Madhya Pradesh,Female,Urban,85+,Secondary,12.14,9.95,14.81,4265,35136
IN-MP,Madhya Pradesh,Female,Urban,85+,Higher,9.10,7.46,11.10,3197,35136
IN-MP,Madhya Pradesh,Female,Rural,60+,All,9.12,7.48,11.13,189148,2074000
IN-MP,Madhya Pradesh,Female,Rural,60+,None,12.77,10.47,15.58,52969,414800
IN-MP,Madhya Pradesh,Female,Rural,60+,Primary,9.58,7.86,11.69,39737,414800
IN-MP,Madhya Pradesh,Female,Rural,60+,Middle,7.30,5.99,8.91,30280,414800
IN-MP,Madhya Pradesh,Female,Rural,60+,Secondary,5.47,4.49,6.67,22689,414800
IN-MP,Madhya Pradesh,Female,Rural,60+,Higher,4.10,3.36,5.00,17006,414800
IN-MP,Madhya Pradesh,Female,Rural,60-64,All,4.10,3.36,5.00,15306,373320
IN-MP,Madhya Pradesh,Female,Rural,60-64,None,5.75,4.72,7.02,4293,74664
IN-MP,Madhya Pradesh,Female,Rural,60-64,Primary,4.31,3.53,5.26,3218,74664
IN-MP,Madhya Pradesh,Female,Rural,60-64,Middle,3.28,2.69,4.00,2448,74664
IN-MP,Madhya Pradesh,Female,Rural,60-64,Secondary,2.46,2.02,3.00,1836,74664
IN-MP,Madhya Pradesh,Female,Rural,60-64,Higher,1.85,1.52,2.26,1381,74664
IN-MP,Madhya Pradesh,Female,Rural,65-69,All,6.84,5.61,8.34,25535,373320
IN-MP,Madhya Pradesh,Female,Rural,65-69,None,9.58,7.86,11.69,7152,74664
IN-MP,Madhya Pradesh,Female,Rural,65-69,Primary,7.18,5.89,8.76,5360,74664
IN-MP,Madhya Pradesh,Female,Rural,65-69,Middle,5.47,4.49,6.67,4084,74664
IN-MP,Madhya Pradesh,Female,Rural,65-69,Secondary,4.10,3.36,5.00,3061,74664
IN-MP,Madhya Pradesh,Female,Rural,65-69,Higher,3.08,2.53,3.76,2299,74664
IN-MP,Madhya Pradesh,Female,Rural,70-74,All,10.49,8.60,12.80,39161,373320
IN-MP,Madhya Pradesh,Female,Rural,70-74,None,14.68,12.04,17.91,10960,74664
IN-MP,Madhya Pradesh,Female,Rural,70-74,Primary,11.01,9.03,13.43,8220,74664
IN-MP,Madhya Pradesh,Female,Rural,70-74,Middle,8.39,6.88,10.24,6264,74664
IN-MP,Madhya Pradesh,Female,Rural,70-74,Secondary,6.29,5.16,7.67,4696,74664
IN-MP,Madhya Pradesh,Female,Rural,70-74,Higher,4.72,3.87,5.76,3524,74664
IN-MP,Madhya Pradesh,Female,Rural,75-79,All,15.50,12.71,18.91,57864,373320
IN-MP,Madhya Pradesh,Female,Rural,75-79,None,21.70,17.79,26.47,16202,74664
IN-MP,Madhya Pradesh,Female,Rural,75-79,Primary,16.28,13.35,19.86,12155,74664
IN-MP,Madhya Pradesh,Female,Rural,75-79,Middle,12.40,10.17,15.13,9258,74664
IN-MP,Madhya Pradesh,Female,Rural,75-79,Secondary,9.30,7.63,11.35,6943,74664
IN-MP,Madhya Pradesh,Female,Rural,75-79,Higher,6.98,5.72,8.52,5211,74664
IN-MP,Madhya Pradesh,Female,Rural,80-84,All,21.89,17.95,26.71,81719,373320
IN-MP,Madhya Pradesh,Female,Rural,80-84,None,30.64,25.12,37.38,22877,74664
IN-MP,Madhya Pradesh,Female,Rural,80-84,Primary,22.98,18.84,28.04,17157,74664
IN-MP,Madhya Pradesh,Female,Rural,80-84,Middle,17.51,14.36,21.36,13073,74664
IN-MP,Madhya Pradesh,Female,Rural,80-84,Secondary,13.13,10.77,16.02,9803,74664
IN-MP,Madhya Pradesh,Female,Rural,80-84,Higher,9.85,8.08,12.02,7354,74664
IN-MP,Madhya Pradesh,Female,Rural,85+,All,30.09,24.67,36.71,112331,373320
IN-MP,Madhya Pradesh,Female,Rural,85+,None,35.00,28.70,42.70,26132,74664
IN-MP,Madhya Pradesh,Female,Rural,85+,Primary,31.60,25.91,38.55,23593,74664
IN-MP,Madhya Pradesh,Female,Rural,85+,Middle,24.08,19.75,29.38,17979,74664
IN-MP,Madhya Pradesh,Female,Rural,85+,Secondary,18.06,14.81,22.03,13484,74664
IN-MP,Madhya Pradesh,Female,Rural,85+,Higher,13.54,11.10,16.52,10109,74664
IN-RJ,Rajasthan,Both,All,60+,All,6.20,5.08,7.56,359600,5800000
IN-RJ,Rajasthan,Both,All,60+,None,8.68,7.12,10.59,100688,1160000
IN-RJ,Rajasthan,Both,All,60+,Primary,6.51,5.34,7.94,75515,1160000
IN-RJ,Rajasthan,Both,All,60+,Middle,4.96,4.07,6.05,57536,1160000
IN-RJ,Rajasthan,Both,All,60+,Secondary,3.72,3.05,4.54,43152,1160000
IN-RJ,Rajasthan,Both,All,60+,Higher,2.79,2.29,3.40,32364,1160000
IN-RJ,Rajasthan,Both,All,60-64,All,2.79,2.29,3.40,29127,1044000
IN-RJ,Rajasthan,Both,All,60-64,None,3.91,3.21,4.77,8164,208799
IN-RJ,Rajasthan,Both,All,60-64,Primary,2.93,2.40,3.57,6117,208799
IN-RJ,Rajasthan,Both,All,60-64,Middle,2.23,1.83,2.72,4656,208799
IN-RJ,Rajasthan,Both,All,60-64,Secondary,1.67,1.37,2.04,3486,208799
IN-RJ,Rajasthan,Both,All,60-64,Higher,1.26,1.03,1.54,2630,208799
IN-RJ,Rajasthan,Both,All,65-69,All,4.65,3.81,5.67,48546,1044000
IN-RJ,Rajasthan,Both,All,65-69,None,6.51,5.34,7.94,13592,208799
IN-RJ,Rajasthan,Both,All,65-69,Primary,4.88,4.00,5.95,10189,208799
IN-RJ,Rajasthan,Both,All,65-69,Middle,3.72,3.05,4.54,7767,208799
IN-RJ,Rajasthan,Both,All,65-69,Secondary,2.79,2.29,3.40,5825,208799
IN-RJ,Rajasthan,Both,All,65-69,Higher,2.09,1.71,2.55,4363,208799
IN-RJ,Rajasthan,Both,All,70-74,All,7.13,5.85,8.70,74437,1044000
IN-RJ,Rajasthan,Both,All,70-74,None,9.98,8.18,12.18,20838,208799
IN-RJ,Rajasthan,Both,All,70-74,Primary,7.49,6.14,9.14,15639,208799
IN-RJ,Rajasthan,Both,All,70-74,Middle,5.70,4.67,6.95,11901,208799
IN-RJ,Rajasthan,Both,All,70-74,Secondary,4.28,3.51,5.22,8936,208799
IN-RJ,Rajasthan,Both,All,70-74,Higher,3.21,2.63,3.92,6702,208799
IN-RJ,Rajasthan,Both,All,75-79,All,10.54,8.64,12.86,110037,1044000
IN-RJ,Rajasthan,Both,All,75-79,None,14.76,12.10,18.01,30818,208799
IN-RJ,Rajasthan,Both,All,75-79,Primary,11.07,9.08,13.51,23114,208799
IN-RJ,Rajasthan,Both,All,75-79,Middle,8.43,6.91,10.28,17601,208799
IN-RJ,Rajasthan,Both,All,75-79,Secondary,6.32,5.18,7.71,13196,208799
IN-RJ,Rajasthan,Both,All,75-79,Higher,4.74,3.89,5.78,9897,208799
IN-RJ,Rajasthan,Both,All,80-84,All,14.88,12.20,18.15,155347,1044000
IN-RJ,Rajasthan,Both,All,80-84,None,20.83,17.08,25.41,43492,208799
IN-RJ,Rajasthan,Both,All,80-84,Primary,15.62,12.81,19.06,32614,208799
IN-RJ,Rajasthan,Both,All,80-84,Middle,11.90,9.76,14.52,24847,208799
IN-RJ,Rajasthan,Both,All,80-84,Secondary,8.93,7.32,10.89,18645,208799
IN-RJ,Rajasthan,Both,All,80-84,Higher,6.70,5.49,8.17,13989,208799
IN-RJ,Rajasthan,Both,All,85+,All,20.46,16.78,24.96,213602,1044000
IN-RJ,Rajasthan,Both,All,85+,None,28.64,23.48,34.94,59800,208799
IN-RJ,Rajasthan,Both,All,85+,Primary,21.48,17.61,26.21,44850,208799
IN-RJ,Rajasthan,Both,All,85+,Middle,16.37,13.42,19.97,34180,208799
IN-RJ,Rajasthan,Both,All,85+,Secondary,12.28,10.07,14.98,25640,208799
IN-RJ,Rajasthan,Both,All,85+,Higher,9.21,7.55,11.24,19230,208799
IN-RJ,Rajasthan,Both,Urban,60+,All,5.08,4.17,6.20,94284,1856000
IN-RJ,Rajasthan,Both,Urban,60+,None,7.12,5.84,8.69,26429,371200
IN-RJ,Rajasthan,Both,Urban,60+,Primary,5.34,4.38,6.51,19822,371200
IN-RJ,Rajasthan,Both,Urban,60+,Middle,4.07,3.34,4.97,15107,371200
IN-RJ,Rajasthan,Both,Urban,60+,Secondary,3.05,2.50,3.72,11321,371200
IN-RJ,Rajasthan,Both,Urban,60+,Higher,2.29,1.88,2.79,8500,371200
IN-RJ,Rajasthan,Both,Urban,60-64,All,2.29,1.88,2.79,7650,334080
IN-RJ,Rajasthan,Both,Urban,60-64,None,3.20,2.62,3.90,2138,66816
IN-RJ,Rajasthan,Both,Urban,60-64,Primary,2.40,1.97,2.93,1603,66816
IN-RJ,Rajasthan,Both,Urban,60-64,Middle,1.83,1.50,2.23,1222,66816
IN-RJ,Rajasthan,Both,Urban,60-64,Secondary,1.37,1.12,1.67,915,66816
IN-RJ,Rajasthan,Both,Urban,60-64,Higher,1.03,0.84,1.26,688,66816
IN-RJ,Rajasthan,Both,Urban,65-69,All,3.81,3.12,4.65,12728,334080
IN-RJ,Rajasthan,Both,Urban,65-69,None,5.34,4.38,6.51,3567,66816
IN-RJ,Rajasthan,Both,Urban,65-69,Primary,4.00,3.28,4.88,2672,66816
IN-RJ,Rajasthan,Both,Urban,65-69,Middle,3.05,2.50,3.72,2037,66816
IN-RJ,Rajasthan,Both,Urban,65-69,Secondary,2.29,1.88,2.79,1530,66816
IN-RJ,Rajasthan,Both,Urban,65-69,Higher,1.72,1.41,2.10,1149,66816
IN-RJ,Rajasthan,Both,Urban,70-74,All,5.85,4.80,7.14,19543,334080
IN-RJ,Rajasthan,Both,Urban,70-74,None,8.19,6.72,9.99,5472,66816
IN-RJ,Rajasthan,Both,Urban,70-74,Primary,6.14,5.03,7.49,4102,66816
IN-RJ,Rajasthan,Both,Urban,70-74,Middle,4.68,3.84,5.71,3126,66816
IN-RJ,Rajasthan,Both,Urban,70-74,Secondary,3.51,2.88,4.28,2345,66816
IN-RJ,Rajasthan,Both,Urban,70-74,Higher,2.63,2.16,3.21,1757,66816
IN-RJ,Rajasthan,Both,Urban,75-79,All,8.64,7.08,10.54,28864,334080
IN-RJ,Rajasthan,Both,Urban,75-79,None,12.10,9.92,14.76,8084,66816
IN-RJ,Rajasthan,Both,Urban,75-79,Primary,9.07,7.44,11.07,6060,66816
IN-RJ,Rajasthan,Both,Urban,75-79,Middle,6.91,5.67,8.43,4616,66816
IN-RJ,Rajasthan,Both,Urban,75-79,Secondary,5.19,4.26,6.33,3467,66816
IN-RJ,Rajasthan,Both,Urban,75-79,Higher,3.89,3.19,4.75,2599,66816
IN-RJ,Rajasthan,Both,Urban,80-84,All,12.20,10.00,14.88,40757,334080
IN-RJ,Rajasthan,Both,Urban,80-84,None,17.08,14.01,20.84,11412,66816
IN-RJ,Rajasthan,Both,Urban,80-84,Primary,12.81,10.50,15.63,8559,66816
IN-RJ,Rajasthan,Both,Urban,80-84,Middle,9.76,8.00,11.91,6521,66816
IN-RJ,Rajasthan,Both,Urban,80-84,Secondary,7.32,6.00,8.93,4890,66816
IN-RJ,Rajasthan,Both,Urban,80-84,Higher,5.49,4.50,6.70,3668,66816
IN-RJ,Rajasthan,Both,Urban,85+,All,16.78,13.76,20.47,56058,334080
IN-RJ,Rajasthan,Both,Urban,85+,None,23.49,19.26,28.66,15695,66816
IN-RJ,Rajasthan,Both,Urban,85+,Primary,17.62,14.45,21.50,11772,66816
IN-RJ,Rajasthan,Both,Urban,85+,Middle,13.42,11.00,16.37,8966,66816
IN-RJ,Rajasthan,Both,Urban,85+,Secondary,10.07,8.26,12.29,6728,66816
IN-RJ,Rajasthan,Both,Urban,85+,Higher,7.55,6.19,9.21,5044,66816
IN-RJ,Rajasthan,Both,Rural,60+,All,7.56,6.20,9.22,298166,3944000
IN-RJ,Rajasthan,Both,Rural,60+,None,10.59,8.68,12.92,83533,788800
IN-RJ,Rajasthan,Both,Rural,60+,Primary,7.94,6.51,9.69,62630,788800
IN-RJ,Rajasthan,Both,Rural,60+,Middle,6.05,4.96,7.38,47722,788800
IN-RJ,Rajasthan,Both,Rural,60+,Secondary,4.54,3.72,5.54,35811,788800
IN-RJ,Rajasthan,Both,Rural,60+,Higher,3.40,2.79,4.15,26819,788800
IN-RJ,Rajasthan,Both,Rural,60-64,All,3.40,2.79,4.15,24137,709920
IN-RJ,Rajasthan,Both,Rural,60-64,None,4.77,3.91,5.82,6772,141984
IN-RJ,Rajasthan,Both,Rural,60-64,Primary,3.57,2.93,4.36,5068,141984
IN-RJ,Rajasthan,Both,Rural,60-64,Middle,2.72,2.23,3.32,3861,141984
IN-RJ,Rajasthan,Both,Rural,60-64,Secondary,2.04,1.67,2.49,2896,141984
IN-RJ,Rajasthan,Both,Rural,60-64,Higher,1.53,1.25,1.87,2172,141984
IN-RJ,Rajasthan,Both,Rural,65-69,All,5.67,4.65,6.92,40252,709920
IN-RJ,Rajasthan,Both,Rural,65-69,None,7.94,6.51,9.69,11273,141984
IN-RJ,Rajasthan,Both,Rural,65-69,Primary,5.96,4.89,7.27,8462,141984
IN-RJ,Rajasthan,Both,Rural,65-69,Middle,4.54,3.72,5.54,6446,141984
IN-RJ,Rajasthan,Both,Rural,65-69,Secondary,3.40,2.79,4.15,4827,141984
IN-RJ,Rajasthan,Both,Rural,65-69,Higher,2.55,2.09,3.11,3620,141984
IN-RJ,Rajasthan,Both,Rural,70-74,All,8.70,7.13,10.61,61763,709920
IN-RJ,Rajasthan,Both,Rural,70-74,None,12.18,9.99,14.86,17293,141984
IN-RJ,Rajasthan,Both,Rural,70-74,Primary,9.13,7.49,11.14,12963,141984
IN-RJ,Rajasthan,Both,Rural,70-74,Middle,6.96,5.71,8.49,9882,141984
IN-RJ,Rajasthan,Both,Rural,70-74,Secondary,5.22,4.28,6.37,7411,141984
IN-RJ,Rajasthan,Both,Rural,70-74,Higher,3.91,3.21,4.77,5551,141984
IN-RJ,Rajasthan,Both,Rural,75-79,All,12.86,10.55,15.69,91295,709920
IN-RJ,Rajasthan,Both,Rural,75-79,None,18.00,14.76,21.96,25557,141984
IN-RJ,Rajasthan,Both,Rural,75-79,Primary,13.50,11.07,16.47,19167,141984
IN-RJ,Rajasthan,Both,Rural,75-79,Middle,10.29,8.44,12.55,14610,141984
IN-RJ,Rajasthan,Both,Rural,75-79,Secondary,7.72,6.33,9.42,10961,141984
IN-RJ,Rajasthan,Both,Rural,75-79,Higher,5.79,4.75,7.06,8220,141984
IN-RJ,Rajasthan,Both,Rural,80-84,All,18.15,14.88,22.14,128850,709920
IN-RJ,Rajasthan,Both,Rural,80-84,None,25.42,20.84,31.01,36092,141984
IN-RJ,Rajasthan,Both,Rural,80-84,Primary,19.06,15.63,23.25,27062,141984
IN-RJ,Rajasthan,Both,Rural,80-84,Middle,14.52,11.91,17.71,20616,141984
IN-RJ,Rajasthan,Both,Rural,80-84,Secondary,10.89,8.93,13.29,15462,141984
IN-RJ,Rajasthan,Both,Rural,80-84,Higher,8.17,6.70,9.97,11600,141984
IN-RJ,Rajasthan,Both,Rural,85+,All,24.96,20.47,30.45,177196,709920
IN-RJ,Rajasthan,Both,Rural,85+,None,34.95,28.66,42.64,49623,141984
IN-RJ,Rajasthan,Both,Rural,85+,Primary,26.21,21.49,31.98,37214,141984
IN-RJ,Rajasthan,Both,Rural,85+,Middle,19.97,16.38,24.36,28354,141984
IN-RJ,Rajasthan,Both,Rural,85+,Secondary,14.98,12.28,18.28,21269,141984
IN-RJ,Rajasthan,Both,Rural,85+,Higher,11.23,9.21,13.70,15944,141984
IN-RJ,Rajasthan,Male,All,60+,All,5.27,4.32,6.43,152830,2900000
IN-RJ,Rajasthan,Male,All,60+,None,7.38,6.05,9.00,42804,580000
IN-RJ,Rajasthan,Male,All,60+,Primary,5.53,4.53,6.75,32074,580000
IN-RJ,Rajasthan,Male,All,60+,Middle,4.22,3.46,5.15,24475,580000
IN-RJ,Rajasthan,Male,All,60+,Secondary,3.16,2.59,3.86,18328,580000
IN-RJ,Rajasthan,Male,All,60+,Higher,2.37,1.94,2.89,13746,580000
IN-RJ,Rajasthan,Male,All,60-64,All,2.37,1.94,2.89,12371,522000
IN-RJ,Rajasthan,Male,All,60-64,None,3.32,2.72,4.05,3466,104399
IN-RJ,Rajasthan,Male,All,60-64,Primary,2.49,2.04,3.04,2599,104399
IN-RJ,Rajasthan,Male,All,60-64,Middle,1.90,1.56,2.32,1983,104399
IN-RJ,Rajasthan,Male,All,60-64,Secondary,1.42,1.16,1.73,1482,104399
IN-RJ,Rajasthan,Male,All,60-64,Higher,1.07,0.88,1.31,1117,104399
IN-RJ,Rajasthan,Male,All,65-69,All,3.95,3.24,4.82,20619,522000
IN-RJ,Rajasthan,Male,All,65-69,None,5.53,4.53,6.75,5773,104399
IN-RJ,Rajasthan,Male,All,65-69,Primary,4.15,3.40,5.06,4332,104399
IN-RJ,Rajasthan,Male,All,65-69,Middle,3.16,2.59,3.86,3299,104399
IN-RJ,Rajasthan,Male,All,65-69,Secondary,2.37,1.94,2.89,2474,104399
IN-RJ,Rajasthan,Male,All,65-69,Higher,1.78,1.46,2.17,1858,104399
IN-RJ,Rajasthan,Male,All,70-74,All,6.06,4.97,7.39,31633,522000
IN-RJ,Rajasthan,Male,All,70-74,None,8.48,6.95,10.35,8853,104399
IN-RJ,Rajasthan,Male,All,70-74,Primary,6.36,5.22,7.76,6639,104399
IN-RJ,Rajasthan,Male,All,70-74,Middle,4.85,3.98,5.92,5063,104399
IN-RJ,Rajasthan,Male,All,70-74,Secondary,3.64,2.98,4.44,3800,104399
IN-RJ,Rajasthan,Male,All,70-74,Higher,2.73,2.24,3.33,2850,104399
IN-RJ,Rajasthan,Male,All,75-79,All,8.96,7.35,10.93,46771,522000
IN-RJ,Rajasthan,Male,All,75-79,None,12.54,10.28,15.30,13091,104399
IN-RJ,Rajasthan,Male,All,75-79,Primary,9.41,7.72,11.48,9823,104399
IN-RJ,Rajasthan,Male,All,75-79,Middle,7.17,5.88,8.75,7485,104399
IN-RJ,Rajasthan,Male,All,75-79,Secondary,5.38,4.41,6.56,5616,104399
IN-RJ,Rajasthan,Male,All,75-79,Higher,4.03,3.30,4.92,4207,104399
IN-RJ,Rajasthan,Male,All,80-84,All,12.65,10.37,15.43,66033,522000
IN-RJ,Rajasthan,Male,All,80-84,None,17.71,14.52,21.61,18489,104399
IN-RJ,Rajasthan,Male,All,80-84,Primary,13.28,10.89,16.20,13864,104399
IN-RJ,Rajasthan,Male,All,80-84,Middle,10.12,8.30,12.35,10565,104399
IN-RJ,Rajasthan,Male,All,80-84,Secondary,7.59,6.22,9.26,7923,104399
IN-RJ,Rajasthan,Male,All,80-84,Higher,5.69,4.67,6.94,5940,104399
IN-RJ,Rajasthan,Male,All,85+,All,17.39,14.26,21.22,90775,522000
IN-RJ,Rajasthan,Male,All,85+,None,24.35,19.97,29.71,25421,104399
IN-RJ,Rajasthan,Male,All,85+,Primary,18.26,14.97,22.28,19063,104399
IN-RJ,Rajasthan,Male,All,85+,Middle,13.91,11.41,16.97,14521,104399
IN-RJ,Rajasthan,Male,All,85+,Secondary,10.43,8.55,12.72,10888,104399
IN-RJ,Rajasthan,Male,All,85+,Higher,7.83,6.42,9.55,8174,104399
IN-RJ,Rajasthan,Male,Urban,60+,All,4.32,3.54,5.27,40089,928000
IN-RJ,Rajasthan,Male,Urban,60+,None,6.05,4.96,7.38,11228,185600
IN-RJ,Rajasthan,Male,Urban,60+,Primary,4.54,3.72,5.54,8426,185600
IN-RJ,Rajasthan,Male,Urban,60+,Middle,3.46,2.84,4.22,6421,185600
IN-RJ,Rajasthan,Male,Urban,60+,Secondary,2.59,2.12,3.16,4807,185600
IN-RJ,Rajasthan,Male,Urban,60+,Higher,1.94,1.59,2.37,3600,185600
IN-RJ,Rajasthan,Male,Urban,60-64,All,1.94,1.59,2.37,3240,167040
IN-RJ,Rajasthan,Male,Urban,60-64,None,2.72,2.23,3.32,908,33408
IN-RJ,Rajasthan,Male,Urban,60-64,Primary,2.04,1.67,2.49,681,33408
IN-RJ,Rajasthan,Male,Urban,60-64,Middle,1.56,1.28,1.90,521,33408
IN-RJ,Rajasthan,Male,Urban,60-64,Secondary,1.17,0.96,1.43,390,33408
IN-RJ,Rajasthan,Male,Urban,60-64,Higher,1.00,0.82,1.22,334,33408
IN-RJ,Rajasthan,Male,Urban,65-69,All,3.24,2.66,3.95,5412,167040
IN-RJ,Rajasthan,Male,Urban,65-69,None,4.54,3.72,5.54,1516,33408
IN-RJ,Rajasthan,Male,Urban,65-69,Primary,3.40,2.79,4.15,1135,33408
IN-RJ,Rajasthan,Male,Urban,65-69,Middle,2.59,2.12,3.16,865,33408
IN-RJ,Rajasthan,Male,Urban,65-69,Secondary,1.94,1.59,2.37,648,33408
IN-RJ,Rajasthan,Male,Urban,65-69,Higher,1.46,1.20,1.78,487,33408
IN-RJ,Rajasthan,Male,Urban,70-74,All,4.97,4.08,6.06,8301,167040
IN-RJ,Rajasthan,Male,Urban,70-74,None,6.96,5.71,8.49,2325,33408
IN-RJ,Rajasthan,Male,Urban,70-74,Primary,5.22,4.28,6.37,1743,33408
IN-RJ,Rajasthan,Male,Urban,70-74,Middle,3.98,3.26,4.86,1329,33408
IN-RJ,Rajasthan,Male,Urban,70-74,Secondary,2.98,2.44,3.64,995,33408
IN-RJ,Rajasthan,Male,Urban,70-74,Higher,2.24,1.84,2.73,748,33408
IN-RJ,Rajasthan,Male,Urban,75-79,All,7.35,6.03,8.97,12277,167040
IN-RJ,Rajasthan,Male,Urban,75-79,None,10.28,8.43,12.54,3434,33408
IN-RJ,Rajasthan,Male,Urban,75-79,Primary,7.71,6.32,9.41,2575,33408
IN-RJ,Rajasthan,Male,Urban,75-79,Middle,5.88,4.82,7.17,1964,33408
IN-RJ,Rajasthan,Male,Urban,75-79,Secondary,4.41,3.62,5.38,1473,33408
IN-RJ,Rajasthan,Male,Urban,75-79,Higher,3.31,2.71,4.04,1105,33408
IN-RJ,Rajasthan,Male,Urban,80-84,All,10.37,8.50,12.65,17322,167040
IN-RJ,Rajasthan,Male,Urban,80-84,None,14.52,11.91,17.71,4850,33408
IN-RJ,Rajasthan,Male,Urban,80-84,Primary,10.89,8.93,13.29,3638,33408
IN-RJ,Rajasthan,Male,Urban,80-84,Middle,8.30,6.81,10.13,2772,33408
IN-RJ,Rajasthan,Male,Urban,80-84,Secondary,6.22,5.10,7.59,2077,33408
IN-RJ,Rajasthan,Male,Urban,80-84,Higher,4.67,3.83,5.70,1560,33408
IN-RJ,Rajasthan,Male,Urban,85+,All,14.26,11.69,17.40,23819,167040
IN-RJ,Rajasthan,Male,Urban,85+,None,19.96,16.37,24.35,6668,33408
IN-RJ,Rajasthan,Male,Urban,85+,Primary,14.97,12.28,18.26,5001,33408
IN-RJ,Rajasthan,Male,Urban,85+,Middle,11.41,9.36,13.92,3811,33408
IN-RJ,Rajasthan,Male,Urban,85+,Secondary,8.56,7.02,10.44,2859,33408
IN-RJ,Rajasthan,Male,Urban,85+,Higher,6.42,5.26,7.83,2144,33408
IN-RJ,Rajasthan,Male,Rural,60+,All,6.43,5.27,7.84,126799,1972000
IN-RJ,Rajasthan,Male,Rural,60+,None,9.00,7.38,10.98,35496,394400
IN-RJ,Rajasthan,Male,Rural,60+,Primary,6.75,5.53,8.24,26622,394400
IN-RJ,Rajasthan,Male,Rural,60+,Middle,5.14,4.21,6.27,20272,394400
IN-RJ,Rajasthan,Male,Rural,60+,Secondary,3.86,3.17,4.71,15223,394400
IN-RJ,Rajasthan,Male,Rural,60+,Higher,2.89,2.37,3.53,11398,394400
IN-RJ,Rajasthan,Male,Rural,60-64,All,2.89,2.37,3.53,10258,354960
IN-RJ,Rajasthan,Male,Rural,60-64,None,4.05,3.32,4.94,2875,70992
IN-RJ,Rajasthan,Male,Rural,60-64,Primary,3.04,2.49,3.71,2158,70992
IN-RJ,Rajasthan,Male,Rural,60-64,Middle,2.31,1.89,2.82,1639,70992
IN-RJ,Rajasthan,Male,Rural,60-64,Secondary,1.74,1.43,2.12,1235,70992
IN-RJ,Rajasthan,Male,Rural,60-64,Higher,1.30,1.07,1.59,922,70992
IN-RJ,Rajasthan,Male,Rural,65-69,All,4.82,3.95,5.88,17109,354960
IN-RJ,Rajasthan,Male,Rural,65-69,None,6.75,5.53,8.24,4791,70992
IN-RJ,Rajasthan,Male,Rural,65-69,Primary,5.06,4.15,6.17,3592,70992
IN-RJ,Rajasthan,Male,Rural,65-69,Middle,3.86,3.17,4.71,2740,70992
IN-RJ,Rajasthan,Male,Rural,65-69,Secondary,2.89,2.37,3.53,2051,70992
IN-RJ,Rajasthan,Male,Rural,65-69,Higher,2.17,1.78,2.65,1540,70992
IN-RJ,Rajasthan,Male,Rural,70-74,All,7.39,6.06,9.02,26231,354960
IN-RJ,Rajasthan,Male,Rural,70-74,None,10.35,8.49,12.63,7347,70992
IN-RJ,Rajasthan,Male,Rural,70-74,Primary,7.76,6.36,9.47,5508,70992
IN-RJ,Rajasthan,Male,Rural,70-74,Middle,5.92,4.85,7.22,4202,70992
IN-RJ,Rajasthan,Male,Rural,70-74,Secondary,4.44,3.64,5.42,3152,70992
IN-RJ,Rajasthan,Male,Rural,70-74,Higher,3.33,2.73,4.06,2364,70992
IN-RJ,Rajasthan,Male,Rural,75-79,All,10.93,8.96,13.33,38797,354960
IN-RJ,Rajasthan,Male,Rural,75-79,None,15.30,12.55,18.67,10861,70992
IN-RJ,Rajasthan,Male,Rural,75-79,Primary,11.48,9.41,14.01,8149,70992
IN-RJ,Rajasthan,Male,Rural,75-79,Middle,8.74,7.17,10.66,6204,70992
IN-RJ,Rajasthan,Male,Rural,75-79,Secondary,6.56,5.38,8.00,4657,70992
IN-RJ,Rajasthan,Male,Rural,75-79,Higher,4.92,4.03,6.00,3492,70992
IN-RJ,Rajasthan,Male,Rural,80-84,All,15.43,12.65,18.82,54770,354960
IN-RJ,Rajasthan,Male,Rural,80-84,None,21.60,17.71,26.35,15334,70992
IN-RJ,Rajasthan,Male,Rural,80-84,Primary,16.20,13.28,19.76,11500,70992
IN-RJ,Rajasthan,Male,Rural,80-84,Middle,12.34,10.12,15.05,8760,70992
IN-RJ,Rajasthan,Male,Rural,80-84,Secondary,9.26,7.59,11.30,6573,70992
IN-RJ,Rajasthan,Male,Rural,80-84,Higher,6.94,5.69,8.47,4926,70992
IN-RJ,Rajasthan,Male,Rural,85+,All,21.22,17.40,25.89,75322,354960
IN-RJ,Rajasthan,Male,Rural,85+,None,29.70,24.35,36.23,21084,70992
IN-RJ,Rajasthan,Male,Rural,85+,Primary,22.28,18.27,27.18,15817,70992
IN-RJ,Rajasthan,Male,Rural,85+,Middle,16.97,13.92,20.70,12047,70992
IN-RJ,Rajasthan,Male,Rural,85+,Secondary,12.73,10.44,15.53,9037,70992
IN-RJ,Rajasthan,Male,Rural,85+,Higher,9.55,7.83,11.65,6779,70992
IN-RJ,Rajasthan,Female,All,60+,All,7.13,5.85,8.70,206770,2900000
IN-RJ,Rajasthan,Female,All,60+,None,9.98,8.18,12.18,57884,580000
IN-RJ,Rajasthan,Female,All,60+,Primary,7.49,6.14,9.14,43442,580000
IN-RJ,Rajasthan,Female,All,60+,Middle,5.70,4.67,6.95,33060,580000
IN-RJ,Rajasthan,Female,All,60+,Secondary,4.28,3.51,5.22,24824,580000
IN-RJ,Rajasthan,Female,All,60+,Higher,3.21,2.63,3.92,18617,580000
IN-RJ,Rajasthan,Female,All,60-64,All,3.21,2.63,3.92,16756,522000
IN-RJ,Rajasthan,Female,All,60-64,None,4.49,3.68,5.48,4687,104399
IN-RJ,Rajasthan,Female,All,60-64,Primary,3.37,2.76,4.11,3518,104399
IN-RJ,Rajasthan,Female,All,60-64,Middle,2.57,2.11,3.14,2683,104399
IN-RJ,Rajasthan,Female,All,60-64,Secondary,1.93,1.58,2.35,2014,104399
IN-RJ,Rajasthan,Female,All,60-64,Higher,1.44,1.18,1.76,1503,104399
IN-RJ,Rajasthan,Female,All,65-69,All,5.35,4.39,6.53,27927,522000
IN-RJ,Rajasthan,Female,All,65-69,None,7.49,6.14,9.14,7819,104399
IN-RJ,Rajasthan,Female,All,65-69,Primary,5.61,4.60,6.84,5856,104399
IN-RJ,Rajasthan,Female,All,65-69,Middle,4.28,3.51,5.22,4468,104399
IN-RJ,Rajasthan,Female,All,65-69,Secondary,3.21,2.63,3.92,3351,104399
IN-RJ,Rajasthan,Female,All,65-69,Higher,2.41,1.98,2.94,2516,104399
IN-RJ,Rajasthan,Female,All,70-74,All,8.20,6.72,10.00,42803,522000
IN-RJ,Rajasthan,Female,All,70-74,None,11.48,9.41,14.01,11985,104399
IN-RJ,Rajasthan,Female,All,70-74,Primary,8.61,7.06,10.50,8988,104399
IN-RJ,Rajasthan,Female,All,70-74,Middle,6.56,5.38,8.00,6848,104399
IN-RJ,Rajasthan,Female,All,70-74,Secondary,4.92,4.03,6.00,5136,104399
IN-RJ,Rajasthan,Female,All,70-74,Higher,3.69,3.03,4.50,3852,104399
IN-RJ,Rajasthan,Female,All,75-79,All,12.12,9.94,14.79,63266,522000
IN-RJ,Rajasthan,Female,All,75-79,None,16.97,13.92,20.70,17716,104399
IN-RJ,Rajasthan,Female,All,75-79,Primary,12.73,10.44,15.53,13289,104399
IN-RJ,Rajasthan,Female,All,75-79,Middle,9.70,7.95,11.83,10126,104399
IN-RJ,Rajasthan,Female,All,75-79,Secondary,7.27,5.96,8.87,7589,104399
IN-RJ,Rajasthan,Female,All,75-79,Higher,5.45,4.47,6.65,5689,104399
IN-RJ,Rajasthan,Female,All,80-84,All,17.11,14.03,20.87,89314,522000
IN-RJ,Rajasthan,Female,All,80-84,None,23.96,19.65,29.23,25014,104399
IN-RJ,Rajasthan,Female,All,80-84,Primary,17.97,14.74,21.92,18760,104399
IN-RJ,Rajasthan,Female,All,80-84,Middle,13.69,11.23,16.70,14292,104399
IN-RJ,Rajasthan,Female,All,80-84,Secondary,10.27,8.42,12.53,10721,104399
IN-RJ,Rajasthan,Female,All,80-84,Higher,7.70,6.31,9.39,8038,104399
IN-RJ,Rajasthan,Female,All,85+,All,23.53,19.29,28.71,122826,522000
IN-RJ,Rajasthan,Female,All,85+,None,32.94,27.01,40.19,34389,104399
IN-RJ,Rajasthan,Female,All,85+,Primary,24.71,20.26,30.15,25796,104399
IN-RJ,Rajasthan,Female,All,85+,Middle,18.82,15.43,22.96,19647,104399
IN-RJ,Rajasthan,Female,All,85+,Secondary,14.12,11.58,17.23,14741,104399
IN-RJ,Rajasthan,Female,All,85+,Higher,10.59,8.68,12.92,11055,104399
IN-RJ,Rajasthan,Female,Urban,60+,All,5.85,4.80,7.14,54288,928000
IN-RJ,Rajasthan,Female,Urban,60+,None,8.19,6.72,9.99,15200,185600
IN-RJ,Rajasthan,Female,Urban,60+,Primary,6.14,5.03,7.49,11395,185600
IN-RJ,Rajasthan,Female,Urban,60+,Middle,4.68,3.84,5.71,8686,185600
IN-RJ,Rajasthan,Female,Urban,60+,Secondary,3.51,2.88,4.28,6514,185600
IN-RJ,Rajasthan,Female,Urban,60+,Higher,2.63,2.16,3.21,4881,185600
IN-RJ,Rajasthan,Female,Urban,60-64,All,2.63,2.16,3.21,4393,167040
IN-RJ,Rajasthan,Female,Urban,60-64,None,3.68,3.02,4.49,1229,33408
IN-RJ,Rajasthan,Female,Urban,60-64,Primary,2.76,2.26,3.37,922,33408
IN-RJ,Rajasthan,Female,Urban,60-64,Middle,2.10,1.72,2.56,701,33408
IN-RJ,Rajasthan,Female,Urban,60-64,Secondary,1.58,1.30,1.93,527,33408
IN-RJ,Rajasthan,Female,Urban,60-64,Higher,1.18,0.97,1.44,394,33408
IN-RJ,Rajasthan,Female,Urban,65-69,All,4.38,3.59,5.34,7316,167040
IN-RJ,Rajasthan,Female,Urban,65-69,None,6.14,5.03,7.49,2051,33408
IN-RJ,Rajasthan,Female,Urban,65-69,Primary,4.60,3.77,5.61,1536,33408
IN-RJ,Rajasthan,Female,Urban,65-69,Middle,3.51,2.88,4.28,1172,33408
IN-RJ,Rajasthan,Female,Urban,65-69,Secondary,2.63,2.16,3.21,878,33408
IN-RJ,Rajasthan,Female,Urban,65-69,Higher,1.97,1.62,2.40,658,33408
IN-RJ,Rajasthan,Female,Urban,70-74,All,6.72,5.51,8.20,11225,167040
IN-RJ,Rajasthan,Female,Urban,70-74,None,9.41,7.72,11.48,3143,33408
IN-RJ,Rajasthan,Female,Urban,70-74,Primary,7.06,5.79,8.61,2358,33408
IN-RJ,Rajasthan,Female,Urban,70-74,Middle,5.38,4.41,6.56,1797,33408
IN-RJ,Rajasthan,Female,Urban,70-74,Secondary,4.03,3.30,4.92,1346,33408
IN-RJ,Rajasthan,Female,Urban,70-74,Higher,3.03,2.48,3.70,1012,33408
IN-RJ,Rajasthan,Female,Urban,75-79,All,9.94,8.15,12.13,16603,167040
IN-RJ,Rajasthan,Female,Urban,75-79,None,13.91,11.41,16.97,4647,33408
IN-RJ,Rajasthan,Female,Urban,75-79,Primary,10.44,8.56,12.74,3487,33408
IN-RJ,Rajasthan,Female,Urban,75-79,Middle,7.95,6.52,9.70,2655,33408
IN-RJ,Rajasthan,Female,Urban,75-79,Secondary,5.96,4.89,7.27,1991,33408
IN-RJ,Rajasthan,Female,Urban,75-79,Higher,4.47,3.67,5.45,1493,33408
IN-RJ,Rajasthan,Female,Urban,80-84,All,14.03,11.50,17.12,23435,167040
IN-RJ,Rajasthan,Female,Urban,80-84,None,19.64,16.10,23.96,6561,33408
IN-RJ,Rajasthan,Female,Urban,80-84,Primary,14.73,12.08,17.97,4920,33408
IN-RJ,Rajasthan,Female,Urban,80-84,Middle,11.23,9.21,13.70,3751,33408
IN-RJ,Rajasthan,Female,Urban,80-84,Secondary,8.42,6.90,10.27,2812,33408
IN-RJ,Rajasthan,Female,Urban,80-84,Higher,6.31,5.17,7.70,2108,33408
IN-RJ,Rajasthan,Female,Urban,85+,All,19.29,15.82,23.53,32222,167040
IN-RJ,Rajasthan,Female,Urban,85+,None,27.01,22.15,32.95,9023,33408
IN-RJ,Rajasthan,Female,Urban,85+,Primary,20.26,16.61,24.72,6768,33408
IN-RJ,Rajasthan,Female,Urban,85+,Middle,15.44,12.66,18.84,5158,33408
IN-RJ,Rajasthan,Female,Urban,85+,Secondary,11.58,9.50,14.13,3868,33408
IN-RJ,Rajasthan,Female,Urban,85+,Higher,8.68,7.12,10.59,2899,33408
IN-RJ,Rajasthan,Female,Rural,60+,All,8.70,7.13,10.61,171564,1972000
IN-RJ,Rajasthan,Female,Rural,60+,None,12.18,9.99,14.86,48037,394400
IN-RJ,Rajasthan,Female,Rural,60+,Primary,9.13,7.49,11.14,36008,394400
IN-RJ,Rajasthan,Female,Rural,60+,Middle,6.96,5.71,8.49,27450,394400
IN-RJ,Rajasthan,Female,Rural,60+,Secondary,5.22,4.28,6.37,20587,394400
IN-RJ,Rajasthan,Female,Rural,60+,Higher,3.91,3.21,4.77,15421,394400
IN-RJ,Rajasthan,Female,Rural,60-64,All,3.91,3.21,4.77,13878,354960
IN-RJ,Rajasthan,Female,Rural,60-64,None,5.48,4.49,6.69,3890,70992
IN-RJ,Rajasthan,Female,Rural,60-64,Primary,4.11,3.37,5.01,2917,70992
IN-RJ,Rajasthan,Female,Rural,60-64,Middle,3.13,2.57,3.82,2222,70992
IN-RJ,Rajasthan,Female,Rural,60-64,Secondary,2.35,1.93,2.87,1668,70992
IN-RJ,Rajasthan,Female,Rural,60-64,Higher,1.76,1.44,2.15,1249,70992
IN-RJ,Rajasthan,Female,Rural,65-69,All,6.52,5.35,7.95,23143,354960
IN-RJ,Rajasthan,Female,Rural,65-69,None,9.13,7.49,11.14,6481,70992
IN-RJ,Rajasthan,Female,Rural,65-69,Primary,6.85,5.62,8.36,4862,70992
IN-RJ,Rajasthan,Female,Rural,65-69,Middle,5.22,4.28,6.37,3705,70992
IN-RJ,Rajasthan,Female,Rural,65-69,Secondary,3.91,3.21,4.77,2775,70992
IN-RJ,Rajasthan,Female,Rural,65-69,Higher,2.94,2.41,3.59,2087,70992
IN-RJ,Rajasthan,Female,Rural,70-74,All,10.00,8.20,12.20,35496,354960
IN-RJ,Rajasthan,Female,Rural,70-74,None,14.00,11.48,17.08,9938,70992
IN-RJ,Rajasthan,Female,Rural,70-74,Primary,10.50,8.61,12.81,7454,70992
IN-RJ,Rajasthan,Female,Rural,70-74,Middle,8.00,6.56,9.76,5679,70992
IN-RJ,Rajasthan,Female,Rural,70-74,Secondary,6.00,4.92,7.32,4259,70992
IN-RJ,Rajasthan,Female,Rural,70-74,Higher,4.50,3.69,5.49,3194,70992
IN-RJ,Rajasthan,Female,Rural,75-79,All,14.79,12.13,18.04,52498,354960
IN-RJ,Rajasthan,Female,Rural,75-79,None,20.70,16.97,25.25,14695,70992
IN-RJ,Rajasthan,Female,Rural,75-79,Primary,15.53,12.73,18.95,11025,70992
IN-RJ,Rajasthan,Female,Rural,75-79,Middle,11.83,9.70,14.43,8398,70992
IN-RJ,Rajasthan,Female,Rural,75-79,Secondary,8.87,7.27,10.82,6296,70992
IN-RJ,Rajasthan,Female,Rural,75-79,Higher,6.65,5.45,8.11,4720,70992
IN-RJ,Rajasthan,Female,Rural,80-84,All,20.88,17.12,25.47,74115,354960
IN-RJ,Rajasthan,Female,Rural,80-84,None,29.23,23.97,35.66,20750,70992
IN-RJ,Rajasthan,Female,Rural,80-84,Primary,21.92,17.97,26.74,15561,70992
IN-RJ,Rajasthan,Female,Rural,80-84,Middle,16.70,13.69,20.37,11855,70992
IN-RJ,Rajasthan,Female,Rural,80-84,Secondary,12.53,10.27,15.29,8895,70992
IN-RJ,Rajasthan,Female,Rural,80-84,Higher,9.39,7.70,11.46,6666,70992
IN-RJ,Rajasthan,Female,Rural,85+,All,28.71,23.54,35.03,101909,354960
IN-RJ,Rajasthan,Female,Rural,85+,None,35.00,28.70,42.70,24847,70992
IN-RJ,Rajasthan,Female,Rural,85+,Primary,30.14,24.71,36.77,21396,70992
IN-RJ,Rajasthan,Female,Rural,85+,Middle,22.96,18.83,28.01,16299,70992
IN-RJ,Rajasthan,Female,Rural,85+,Secondary,17.22,14.12,21.01,12224,70992
IN-RJ,Rajasthan,Female,Rural,85+,Higher,12.92,10.59,15.76,9172,70992
IN-UP,Uttar Pradesh,Both,All,60+,All,5.90,4.84,7.20,973500,16500000
IN-UP,Uttar Pradesh,Both,All,60+,None,8.26,6.77,10.08,272580,3300000
IN-UP,Uttar Pradesh,Both,All,60+,Primary,6.20,5.08,7.56,204600,3300000
IN-UP,Uttar Pradesh,Both,All,60+,Middle,4.72,3.87,5.76,155760,3300000
IN-UP,Uttar Pradesh,Both,All,60+,Secondary,3.54,2.90,4.32,116820,3300000
IN-UP,Uttar Pradesh,Both,All,60+,Higher,2.66,2.18,3.25,87780,3300000
IN-UP,Uttar Pradesh,Both,All,60-64,All,2.66,2.18,3.25,79002,2970000
IN-UP,Uttar Pradesh,Both,All,60-64,None,3.72,3.05,4.54,22096,594000
IN-UP,Uttar Pradesh,Both,All,60-64,Primary,2.79,2.29,3.40,16572,594000
IN-UP,Uttar Pradesh,Both,All,60-64,Middle,2.12,1.74,2.59,12592,594000
IN-UP,Uttar Pradesh,Both,All,60-64,Secondary,1.59,1.30,1.94,9444,594000
IN-UP,Uttar Pradesh,Both,All,60-64,Higher,1.19,0.98,1.45,7068,594000
IN-UP,Uttar Pradesh,Both,All,65-69,All,4.43,3.63,5.40,131571,2970000
IN-UP,Uttar Pradesh,Both,All,65-69,None,6.19,5.08,7.55,36768,594000
IN-UP,Uttar Pradesh,Both,All,65-69,Primary,4.65,3.81,5.67,27621,594000
IN-UP,Uttar Pradesh,Both,All,65-69,Middle,3.54,2.90,4.32,21027,594000
IN-UP,Uttar Pradesh,Both,All,65-69,Secondary,2.66,2.18,3.25,15800,594000
IN-UP,Uttar Pradesh,Both,All,65-69,Higher,1.99,1.63,2.43,11820,594000
IN-UP,Uttar Pradesh,Both,All,70-74,All,6.79,5.57,8.28,201663,2970000
IN-UP,Uttar Pradesh,Both,All,70-74,None,9.50,7.79,11.59,56430,594000
IN-UP,Uttar Pradesh,Both,All,70-74,Primary,7.12,5.84,8.69,42292,594000
IN-UP,Uttar Pradesh,Both,All,70-74,Middle,5.43,4.45,6.62,32254,594000
IN-UP,Uttar Pradesh,Both,All,70-74,Secondary,4.07,3.34,4.97,24175,594000
IN-UP,Uttar Pradesh,Both,All,70-74,Higher,3.05,2.50,3.72,18117,594000
IN-UP,Uttar Pradesh,Both,All,75-79,All,10.03,8.22,12.24,297891,2970000
IN-UP,Uttar Pradesh,Both,All,75-79,None,14.04,11.51,17.13,83397,594000
IN-UP,Uttar Pradesh,Both,All,75-79,Primary,10.53,8.63,12.85,62548,594000
IN-UP,Uttar Pradesh,Both,All,75-79,Middle,8.02,6.58,9.78,47638,594000
IN-UP,Uttar Pradesh,Both,All,75-79,Secondary,6.02,4.94,7.34,35758,594000
IN-UP,Uttar Pradesh,Both,All,75-79,Higher,4.51,3.70,5.50,26789,594000
IN-UP,Uttar Pradesh,Both,All,80-84,All,14.16,11.61,17.28,420552,2970000
IN-UP,Uttar Pradesh,Both,All,80-84,None,19.82,16.25,24.18,117730,594000
IN-UP,Uttar Pradesh,Both,All,80-84,Primary,14.87,12.19,18.14,88327,594000
IN-UP,Uttar Pradesh,Both,All,80-84,Middle,11.33,9.29,13.82,67300,594000
IN-UP,Uttar Pradesh,Both,All,80-84,Secondary,8.50,6.97,10.37,50490,594000
IN-UP,Uttar Pradesh,Both,All,80-84,Higher,6.37,5.22,7.77,37837,594000
IN-UP,Uttar Pradesh,Both,All,85+,All,19.47,15.97,23.75,578259,2970000
IN-UP,Uttar Pradesh,Both,All,85+,None,27.26,22.35,33.26,161924,594000
IN-UP,Uttar Pradesh,Both,All,85+,Primary,20.44,16.76,24.94,121413,594000
IN-UP,Uttar Pradesh,Both,All,85+,Middle,15.58,12.78,19.01,92545,594000
IN-UP,Uttar Pradesh,Both,All,85+,Secondary,11.68,9.58,14.25,69379,594000
IN-UP,Uttar Pradesh,Both,All,85+,Higher,8.76,7.18,10.69,52034,594000
IN-UP,Uttar Pradesh,Both,Urban,60+,All,4.84,3.97,5.90,255552,5280000
IN-UP,Uttar Pradesh,Both,Urban,60+,None,6.77,5.55,8.26,71491,1056000
IN-UP,Uttar Pradesh,Both,Urban,60+,Primary,5.08,4.17,6.20,53644,1056000
IN-UP,Uttar Pradesh,Both,Urban,60+,Middle,3.87,3.17,4.72,40867,1056000
IN-UP,Uttar Pradesh,Both,Urban,60+,Secondary,2.90,2.38,3.54,30623,1056000
IN-UP,Uttar Pradesh,Both,Urban,60+,Higher,2.18,1.79,2.66,23020,1056000
IN-UP,Uttar Pradesh,Both,Urban,60-64,All,2.18,1.79,2.66,20718,950400
IN-UP,Uttar Pradesh,Both,Urban,60-64,None,3.05,2.50,3.72,5797,190080
IN-UP,Uttar Pradesh,Both,Urban,60-64,Primary,2.29,1.88,2.79,4352,190080
IN-UP,Uttar Pradesh,Both,Urban,60-64,Middle,1.74,1.43,2.12,3307,190080
IN-UP,Uttar Pradesh,Both,Urban,60-64,Secondary,1.31,1.07,1.60,2490,190080
IN-UP,Uttar Pradesh,Both,Urban,60-64,Higher,1.00,0.82,1.22,1900,190080
IN-UP,Uttar Pradesh,Both,Urban,65-69,All,3.63,2.98,4.43,34499,950400
IN-UP,Uttar Pradesh,Both,Urban,65-69,None,5.08,4.17,6.20,9656,190080
IN-UP,Uttar Pradesh,Both,Urban,65-69,Primary,3.81,3.12,4.65,7242,190080
IN-UP,Uttar Pradesh,Both,Urban,65-69,Middle,2.90,2.38,3.54,5512,190080
IN-UP,Uttar Pradesh,Both,Urban,65-69,Secondary,2.18,1.79,2.66,4143,190080
IN-UP,Uttar Pradesh,Both,Urban,65-69,Higher,1.63,1.34,1.99,3098,190080
IN-UP,Uttar Pradesh,Both,Urban,70-74,All,5.56,4.56,6.78,52842,950400
IN-UP,Uttar Pradesh,Both,Urban,70-74,None,7.79,6.39,9.50,14807,190080
IN-UP,Uttar Pradesh,Both,Urban,70-74,Primary,5.84,4.79,7.12,11100,190080
IN-UP,Uttar Pradesh,Both,Urban,70-74,Middle,4.45,3.65,5.43,8458,190080
IN-UP,Uttar Pradesh,Both,Urban,70-74,Secondary,3.34,2.74,4.07,6348,190080
IN-UP,Uttar Pradesh,Both,Urban,70-74,Higher,2.50,2.05,3.05,4752,190080
IN-UP,Uttar Pradesh,Both,Urban,75-79,All,8.22,6.74,10.03,78122,950400
IN-UP,Uttar Pradesh,Both,Urban,75-79,None,11.51,9.44,14.04,21878,190080
IN-UP,Uttar Pradesh,Both,Urban,75-79,Primary,8.64,7.08,10.54,16422,190080
IN-UP,Uttar Pradesh,Both,Urban,75-79,Middle,6.58,5.40,8.03,12507,190080
IN-UP,Uttar Pradesh,Both,Urban,75-79,Secondary,4.93,4.04,6.01,9370,190080
IN-UP,Uttar Pradesh,Both,Urban,75-79,Higher,3.70,3.03,4.51,7032,190080
IN-UP,Uttar Pradesh,Both,Urban,80-84,All,11.61,9.52,14.16,110341,950400
IN-UP,Uttar Pradesh,Both,Urban,80-84,None,16.26,13.33,19.84,30907,190080
IN-UP,Uttar Pradesh,Both,Urban,80-84,Primary,12.19,10.00,14.87,23170,190080
IN-UP,Uttar Pradesh,Both,Urban,80-84,Middle,9.29,7.62,11.33,17658,190080
IN-UP,Uttar Pradesh,Both,Urban,80-84,Secondary,6.97,5.72,8.50,13248,190080
IN-UP,Uttar Pradesh,Both,Urban,80-84,Higher,5.23,4.29,6.38,9941,190080
IN-UP,Uttar Pradesh,Both,Urban,85+,All,15.97,13.10,19.48,151778,950400
IN-UP,Uttar Pradesh,Both,Urban,85+,None,22.35,18.33,27.27,42482,190080
IN-UP,Uttar Pradesh,Both,Urban,85+,Primary,16.76,13.74,20.45,31857,190080
IN-UP,Uttar Pradesh,Both,Urban,85+,Middle,12.77,10.47,15.58,24273,190080
IN-UP,Uttar Pradesh,Both,Urban,85+,Secondary,9.58,7.86,11.69,18209,190080
IN-UP,Uttar Pradesh,Both,Urban,85+,Higher,7.18,5.89,8.76,13647,190080
IN-UP,Uttar Pradesh,Both,Rural,60+,All,7.20,5.90,8.78,807840,11220000
IN-UP,Uttar Pradesh,Both,Rural,60+,None,10.08,8.27,12.30,226195,2244000
IN-UP,Uttar Pradesh,Both,Rural,60+,Primary,7.56,6.20,9.22,169646,2244000
IN-UP,Uttar Pradesh,Both,Rural,60+,Middle,5.76,4.72,7.03,129254,2244000
IN-UP,Uttar Pradesh,Both,Rural,60+,Secondary,4.32,3.54,5.27,96940,2244000
IN-UP,Uttar Pradesh,Both,Rural,60+,Higher,3.24,2.66,3.95,72705,2244000
IN-UP,Uttar Pradesh,Both,Rural,60-64,All,3.24,2.66,3.95,65435,2019600
IN-UP,Uttar Pradesh,Both,Rural,60-64,None,4.53,3.71,5.53,18297,403920
IN-UP,Uttar Pradesh,Both,Rural,60-64,Primary,3.40,2.79,4.15,13733,403920
IN-UP,Uttar Pradesh,Both,Rural,60-64,Middle,2.59,2.12,3.16,10461,403920
IN-UP,Uttar Pradesh,Both,Rural,60-64,Secondary,1.94,1.59,2.37,7836,403920
IN-UP,Uttar Pradesh,Both,Rural,60-64,Higher,1.46,1.20,1.78,5897,403920
IN-UP,Uttar Pradesh,Both,Rural,65-69,All,5.40,4.43,6.59,109058,2019600
IN-UP,Uttar Pradesh,Both,Rural,65-69,None,7.56,6.20,9.22,30536,403920
IN-UP,Uttar Pradesh,Both,Rural,65-69,Primary,5.67,4.65,6.92,22902,403920
IN-UP,Uttar Pradesh,Both,Rural,65-69,Middle,4.32,3.54,5.27,17449,403920
IN-UP,Uttar Pradesh,Both,Rural,65-69,Secondary,3.24,2.66,3.95,13087,403920
IN-UP,Uttar Pradesh,Both,Rural,65-69,Higher,2.43,1.99,2.96,9815,403920
IN-UP,Uttar Pradesh,Both,Rural,70-74,All,8.28,6.79,10.10,167222,2019600
IN-UP,Uttar Pradesh,Both,Rural,70-74,None,11.59,9.50,14.14,46814,403920
IN-UP,Uttar Pradesh,Both,Rural,70-74,Primary,8.69,7.13,10.60,35100,403920
IN-UP,Uttar Pradesh,Both,Rural,70-74,Middle,6.62,5.43,8.08,26739,403920
IN-UP,Uttar Pradesh,Both,Rural,70-74,Secondary,4.97,4.08,6.06,20074,403920
IN-UP,Uttar Pradesh,Both,Rural,70-74,Higher,3.72,3.05,4.54,15025,403920
IN-UP,Uttar Pradesh,Both,Rural,75-79,All,12.24,10.04,14.93,247199,2019600
IN-UP,Uttar Pradesh,Both,Rural,75-79,None,17.13,14.05,20.90,69191,403920
IN-UP,Uttar Pradesh,Both,Rural,75-79,Primary,12.85,10.54,15.68,51903,403920
IN-UP,Uttar Pradesh,Both,Rural,75-79,Middle,9.79,8.03,11.94,39543,403920
IN-UP,Uttar Pradesh,Both,Rural,75-79,Secondary,7.34,6.02,8.95,29647,403920
IN-UP,Uttar Pradesh,Both,Rural,75-79,Higher,5.51,4.52,6.72,22255,403920
IN-UP,Uttar Pradesh,Both,Rural,80-84,All,17.28,14.17,21.08,348986,2019600
IN-UP,Uttar Pradesh,Both,Rural,80-84,None,24.19,19.84,29.51,97708,403920
IN-UP,Uttar Pradesh,Both,Rural,80-84,Primary,18.14,14.87,22.13,73271,403920
IN-UP,Uttar Pradesh,Both,Rural,80-84,Middle,13.82,11.33,16.86,55821,403920
IN-UP,Uttar Pradesh,Both,Rural,80-84,Secondary,10.37,8.50,12.65,41886,403920
IN-UP,Uttar Pradesh,Both,Rural,80-84,Higher,7.77,6.37,9.48,31384,403920
IN-UP,Uttar Pradesh,Both,Rural,85+,All,23.75,19.47,28.98,479655,2019600
IN-UP,Uttar Pradesh,Both,Rural,85+,None,33.25,27.26,40.57,134303,403920
IN-UP,Uttar Pradesh,Both,Rural,85+,Primary,24.94,20.45,30.43,100737,403920
IN-UP,Uttar Pradesh,Both,Rural,85+,Middle,19.00,15.58,23.18,76744,403920
IN-UP,Uttar Pradesh,Both,Rural,85+,Secondary,14.25,11.68,17.38,57558,403920
IN-UP,Uttar Pradesh,Both,Rural,85+,Higher,10.69,8.77,13.04,43179,403920
IN-UP,Uttar Pradesh,Male,All,60+,All,5.02,4.12,6.12,414149,8250000
IN-UP,Uttar Pradesh,Male,All,60+,None,7.02,5.76,8.56,115830,1650000
IN-UP,Uttar Pradesh,Male,All,60+,Primary,5.27,4.32,6.43,86955,1650000
IN-UP,Uttar Pradesh,Male,All,60+,Middle,4.01,3.29,4.89,66165,1650000
IN-UP,Uttar Pradesh,Male,All,60+,Secondary,3.01,2.47,3.67,49665,1650000
IN-UP,Uttar Pradesh,Male,All,60+,Higher,2.26,1.85,2.76,37290,1650000
IN-UP,Uttar Pradesh,Male,All,60-64,All,2.26,1.85,2.76,33561,1485000
IN-UP,Uttar Pradesh,Male,All,60-64,None,3.16,2.59,3.86,9385,297000
IN-UP,Uttar Pradesh,Male,All,60-64,Primary,2.37,1.94,2.89,7038,297000
IN-UP,Uttar Pradesh,Male,All,60-64,Middle,1.81,1.48,2.21,5375,297000
IN-UP,Uttar Pradesh,Male,All,60-64,Secondary,1.35,1.11,1.65,4009,297000
IN-UP,Uttar Pradesh,Male,All,60-64,Higher,1.02,0.84,1.24,3029,297000
IN-UP,Uttar Pradesh,Male,All,65-69,All,3.76,3.08,4.59,55835,1485000
IN-UP,Uttar Pradesh,Male,All,65-69,None,5.27,4.32,6.43,15651,297000
IN-UP,Uttar Pradesh,Male,All,65-69,Primary,3.95,3.24,4.82,11731,297000
IN-UP,Uttar Pradesh,Male,All,65-69,Middle,3.01,2.47,3.67,8939,297000
IN-UP,Uttar Pradesh,Male,All,65-69,Secondary,2.26,1.85,2.76,6712,297000
IN-UP,Uttar Pradesh,Male,All,65-69,Higher,1.69,1.39,2.06,5019,297000
IN-UP,Uttar Pradesh,Male,All,70-74,All,5.77,4.73,7.04,85684,1485000
IN-UP,Uttar Pradesh,Male,All,70-74,None,8.07,6.62,9.85,23967,297000
IN-UP,Uttar Pradesh,Male,All,70-74,Primary,6.06,4.97,7.39,17998,297000
IN-UP,Uttar Pradesh,Male,All,70-74,Middle,4.61,3.78,5.62,13691,297000
IN-UP,Uttar Pradesh,Male,All,70-74,Secondary,3.46,2.84,4.22,10276,297000
IN-UP,Uttar Pradesh,Male,All,70-74,Higher,2.60,2.13,3.17,7722,297000
IN-UP,Uttar Pradesh,Male,All,75-79,All,8.53,6.99,10.41,126670,1485000
IN-UP,Uttar Pradesh,Male,All,75-79,None,11.94,9.79,14.57,35461,297000
IN-UP,Uttar Pradesh,Male,All,75-79,Primary,8.95,7.34,10.92,26581,297000
IN-UP,Uttar Pradesh,Male,All,75-79,Middle,6.82,5.59,8.32,20255,297000
IN-UP,Uttar Pradesh,Male,All,75-79,Secondary,5.12,4.20,6.25,15206,297000
IN-UP,Uttar Pradesh,Male,All,75-79,Higher,3.84,3.15,4.68,11404,297000
IN-UP,Uttar Pradesh,Male,All,80-84,All,12.04,9.87,14.69,178794,1485000
IN-UP,Uttar Pradesh,Male,All,80-84,None,16.85,13.82,20.56,50044,297000
IN-UP,Uttar Pradesh,Male,All,80-84,Primary,12.64,10.36,15.42,37540,297000
IN-UP,Uttar Pradesh,Male,All,80-84,Middle,9.63,7.90,11.75,28601,297000
IN-UP,Uttar Pradesh,Male,All,80-84,Secondary,7.22,5.92,8.81,21443,297000
IN-UP,Uttar Pradesh,Male,All,80-84,Higher,5.42,4.44,6.61,16097,297000
IN-UP,Uttar Pradesh,Male,All,85+,All,16.55,13.57,20.19,245767,1485000
IN-UP,Uttar Pradesh,Male,All,85+,None,23.17,19.00,28.27,68814,297000
IN-UP,Uttar Pradesh,Male,All,85+,Primary,17.38,14.25,21.20,51618,297000
IN-UP,Uttar Pradesh,Male,All,85+,Middle,13.24,10.86,16.15,39322,297000
IN-UP,Uttar Pradesh,Male,All,85+,Secondary,9.93,8.14,12.11,29492,297000
IN-UP,Uttar Pradesh,Male,All,85+,Higher,7.45,6.11,9.09,22126,297000
IN-UP,Uttar Pradesh,Male,Urban,60+,All,4.11,3.37,5.01,108504,2640000
IN-UP,Uttar Pradesh,Male,Urban,60+,None,5.76,4.72,7.03,30412,528000
IN-UP,Uttar Pradesh,Male,Urban,60+,Primary,4.32,3.54,5.27,22809,528000
IN-UP,Uttar Pradesh,Male,Urban,60+,Middle,3.29,2.70,4.01,17371,528000
IN-UP,Uttar Pradesh,Male,Urban,60+,Secondary,2.47,2.03,3.01,13041,528000
IN-UP,Uttar Pradesh,Male,Urban,60+,Higher,1.85,1.52,2.26,9768,528000
IN-UP,Uttar Pradesh,Male,Urban,60-64,All,1.85,1.52,2.26,8791,475200
IN-UP,Uttar Pradesh,Male,Urban,60-64,None,2.59,2.12,3.16,2461,95040
IN-UP,Uttar Pradesh,Male,Urban,60-64,Primary,1.94,1.59,2.37,1843,95040
IN-UP,Uttar Pradesh,Male,Urban,60-64,Middle,1.48,1.21,1.81,1406,95040
IN-UP,Uttar Pradesh,Male,Urban,60-64,Secondary,1.11,0.91,1.35,1054,95040
IN-UP,Uttar Pradesh,Male,Urban,60-64,Higher,1.00,0.82,1.22,950,95040
IN-UP,Uttar Pradesh,Male,Urban,65-69,All,3.08,2.53,3.76,14636,475200
IN-UP,Uttar Pradesh,Male,Urban,65-69,None,4.32,3.54,5.27,4105,95040
IN-UP,Uttar Pradesh,Male,Urban,65-69,Primary,3.24,2.66,3.95,3079,95040
IN-UP,Uttar Pradesh,Male,Urban,65-69,Middle,2.47,2.03,3.01,2347,95040
IN-UP,Uttar Pradesh,Male,Urban,65-69,Secondary,1.85,1.52,2.26,1758,95040
IN-UP,Uttar Pradesh,Male,Urban,65-69,Higher,1.39,1.14,1.70,1321,95040
IN-UP,Uttar Pradesh,Male,Urban,70-74,All,4.73,3.88,5.77,22476,475200
IN-UP,Uttar Pradesh,Male,Urban,70-74,None,6.62,5.43,8.08,6291,95040
IN-UP,Uttar Pradesh,Male,Urban,70-74,Primary,4.97,4.08,6.06,4723,95040
IN-UP,Uttar Pradesh,Male,Urban,70-74,Middle,3.78,3.10,4.61,3592,95040
IN-UP,Uttar Pradesh,Male,Urban,70-74,Secondary,2.84,2.33,3.46,2699,95040
IN-UP,Uttar Pradesh,Male,Urban,70-74,Higher,2.13,1.75,2.60,2024,95040
IN-UP,Uttar Pradesh,Male,Urban,75-79,All,6.99,5.73,8.53,33216,475200
IN-UP,Uttar Pradesh,Male,Urban,75-79,None,9.79,8.03,11.94,9304,95040
IN-UP,Uttar Pradesh,Male,Urban,75-79,Primary,7.34,6.02,8.95,6975,95040
IN-UP,Uttar Pradesh,Male,Urban,75-79,Middle,5.59,4.58,6.82,5312,95040
IN-UP,Uttar Pradesh,Male,Urban,75-79,Secondary,4.19,3.44,5.11,3982,95040
IN-UP,Uttar Pradesh,Male,Urban,75-79,Higher,3.15,2.58,3.84,2993,95040
IN-UP,Uttar Pradesh,Male,Urban,80-84,All,9.87,8.09,12.04,46902,475200
IN-UP,Uttar Pradesh,Male,Urban,80-84,None,13.82,11.33,16.86,13134,95040
IN-UP,Uttar Pradesh,Male,Urban,80-84,Primary,10.36,8.50,12.64,9846,95040
IN-UP,Uttar Pradesh,Male,Urban,80-84,Middle,7.90,6.48,9.64,7508,95040
IN-UP,Uttar Pradesh,Male,Urban,80-84,Secondary,5.92,4.85,7.22,5626,95040
IN-UP,Uttar Pradesh,Male,Urban,80-84,Higher,4.44,3.64,5.42,4219,95040
IN-UP,Uttar Pradesh,Male,Urban,85+,All,13.57,11.13,16.56,64484,475200
IN-UP,Uttar Pradesh,Male,Urban,85+,None,19.00,15.58,23.18,18057,95040
IN-UP,Uttar Pradesh,Male,Urban,85+,Primary,14.25,11.68,17.38,13543,95040
IN-UP,Uttar Pradesh,Male,Urban,85+,Middle,10.86,8.91,13.25,10321,95040
IN-UP,Uttar Pradesh,Male,Urban,85+,Secondary,8.14,6.67,9.93,7736,95040
IN-UP,Uttar Pradesh,Male,Urban,85+,Higher,6.11,5.01,7.45,5806,95040
IN-UP,Uttar Pradesh,Male,Rural,60+,All,6.12,5.02,7.47,343332,5610000
IN-UP,Uttar Pradesh,Male,Rural,60+,None,8.57,7.03,10.46,96155,1122000
IN-UP,Uttar Pradesh,Male,Rural,60+,Primary,6.42,5.26,7.83,72032,1122000
IN-UP,Uttar Pradesh,Male,Rural,60+,Middle,4.89,4.01,5.97,54865,1122000
IN-UP,Uttar Pradesh,Male,Rural,60+,Secondary,3.67,3.01,4.48,41177,1122000
IN-UP,Uttar Pradesh,Male,Rural,60+,Higher,2.75,2.26,3.36,30855,1122000
IN-UP,Uttar Pradesh,Male,Rural,60-64,All,2.75,2.26,3.36,27769,1009800
IN-UP,Uttar Pradesh,Male,Rural,60-64,None,3.85,3.16,4.70,7775,201960
IN-UP,Uttar Pradesh,Male,Rural,60-64,Primary,2.89,2.37,3.53,5836,201960
IN-UP,Uttar Pradesh,Male,Rural,60-64,Middle,2.20,1.80,2.68,4443,201960
IN-UP,Uttar Pradesh,Male,Rural,60-64,Secondary,1.65,1.35,2.01,3332,201960
IN-UP,Uttar Pradesh,Male,Rural,60-64,Higher,1.24,1.02,1.51,2504,201960
IN-UP,Uttar Pradesh,Male,Rural,65-69,All,4.59,3.76,5.60,46349,1009800
IN-UP,Uttar Pradesh,Male,Rural,65-69,None,6.42,5.26,7.83,12965,201960
IN-UP,Uttar Pradesh,Male,Rural,65-69,Primary,4.82,3.95,5.88,9734,201960
IN-UP,Uttar Pradesh,Male,Rural,65-69,Middle,3.67,3.01,4.48,7411,201960
IN-UP,Uttar Pradesh,Male,Rural,65-69,Secondary,2.75,2.26,3.36,5553,201960
IN-UP,Uttar Pradesh,Male,Rural,65-69,Higher,2.06,1.69,2.51,4160,201960
IN-UP,Uttar Pradesh,Male,Rural,70-74,All,7.04,5.77,8.59,71089,1009800
IN-UP,Uttar Pradesh,Male,Rural,70-74,None,9.85,8.08,12.02,19893,201960
IN-UP,Uttar Pradesh,Male,Rural,70-74,Primary,7.39,6.06,9.02,14924,201960
IN-UP,Uttar Pradesh,Male,Rural,70-74,Middle,5.63,4.62,6.87,11370,201960
IN-UP,Uttar Pradesh,Male,Rural,70-74,Secondary,4.22,3.46,5.15,8522,201960
IN-UP,Uttar Pradesh,Male,Rural,70-74,Higher,3.17,2.60,3.87,6402,201960
IN-UP,Uttar Pradesh,Male,Rural,75-79,All,10.40,8.53,12.69,105019,1009800
IN-UP,Uttar Pradesh,Male,Rural,75-79,None,14.56,11.94,17.76,29405,201960
IN-UP,Uttar Pradesh,Male,Rural,75-79,Primary,10.92,8.95,13.32,22054,201960
IN-UP,Uttar Pradesh,Male,Rural,75-79,Middle,8.32,6.82,10.15,16803,201960
IN-UP,Uttar Pradesh,Male,Rural,75-79,Secondary,6.24,5.12,7.61,12602,201960
IN-UP,Uttar Pradesh,Male,Rural,75-79,Higher,4.68,3.84,5.71,9451,201960
IN-UP,Uttar Pradesh,Male,Rural,80-84,All,14.68,12.04,17.91,148238,1009800
IN-UP,Uttar Pradesh,Male,Rural,80-84,None,20.56,16.86,25.08,41522,201960
IN-UP,Uttar Pradesh,Male,Rural,80-84,Primary,15.42,12.64,18.81,31142,201960
IN-UP,Uttar Pradesh,Male,Rural,80-84,Middle,11.75,9.64,14.34,23730,201960
IN-UP,Uttar Pradesh,Male,Rural,80-84,Secondary,8.81,7.22,10.75,17792,201960
IN-UP,Uttar Pradesh,Male,Rural,80-84,Higher,6.61,5.42,8.06,13349,201960
IN-UP,Uttar Pradesh,Male,Rural,85+,All,20.19,16.56,24.63,203878,1009800
IN-UP,Uttar Pradesh,Male,Rural,85+,None,28.27,23.18,34.49,57094,201960
IN-UP,Uttar Pradesh,Male,Rural,85+,Primary,21.20,17.38,25.86,42815,201960
IN-UP,Uttar Pradesh,Male,Rural,85+,Middle,16.15,13.24,19.70,32616,201960
IN-UP,Uttar Pradesh,Male,Rural,85+,Secondary,12.11,9.93,14.77,24457,201960
IN-UP,Uttar Pradesh,Male,Rural,85+,Higher,9.09,7.45,11.09,18358,201960
IN-UP,Uttar Pradesh,Female,All,60+,All,6.79,5.57,8.28,560175,8250000
IN-UP,Uttar Pradesh,Female,All,60+,None,9.50,7.79,11.59,156750,1650000
IN-UP,Uttar Pradesh,Female,All,60+,Primary,7.12,5.84,8.69,117480,1650000
IN-UP,Uttar Pradesh,Female,All,60+,Middle,5.43,4.45,6.62,89594,1650000
IN-UP,Uttar Pradesh,Female,All,60+,Secondary,4.07,3.34,4.97,67155,1650000
IN-UP,Uttar Pradesh,Female,All,60+,Higher,3.05,2.50,3.72,50325,1650000
IN-UP,Uttar Pradesh,Female,All,60-64,All,3.05,2.50,3.72,45292,1485000
IN-UP,Uttar Pradesh,Female,All,60-64,None,4.27,3.50,5.21,12681,297000
IN-UP,Uttar Pradesh,Female,All,60-64,Primary,3.21,2.63,3.92,9533,297000
IN-UP,Uttar Pradesh,Female,All,60-64,Middle,2.44,2.00,2.98,7246,297000
IN-UP,Uttar Pradesh,Female,All,60-64,Secondary,1.83,1.50,2.23,5435,297000
IN-UP,Uttar Pradesh,Female,All,60-64,Higher,1.37,1.12,1.67,4068,297000
IN-UP,Uttar Pradesh,Female,All,65-69,All,5.09,4.17,6.21,75586,1485000
IN-UP,Uttar Pradesh,Female,All,65-69,None,7.12,5.84,8.69,21146,297000
IN-UP,Uttar Pradesh,Female,All,65-69,Primary,5.34,4.38,6.51,15859,297000
IN-UP,Uttar Pradesh,Female,All,65-69,Middle,4.07,3.34,4.97,12087,297000
IN-UP,Uttar Pradesh,Female,All,65-69,Secondary,3.05,2.50,3.72,9058,297000
IN-UP,Uttar Pradesh,Female,All,65-69,Higher,2.29,1.88,2.79,6801,297000
IN-UP,Uttar Pradesh,Female,All,70-74,All,7.80,6.40,9.52,115830,1485000
IN-UP,Uttar Pradesh,Female,All,70-74,None,10.92,8.95,13.32,32432,297000
IN-UP,Uttar Pradesh,Female,All,70-74,Primary,8.19,6.72,9.99,24324,297000
IN-UP,Uttar Pradesh,Female,All,70-74,Middle,6.24,5.12,7.61,18532,297000
IN-UP,Uttar Pradesh,Female,All,70-74,Secondary,4.68,3.84,5.71,13899,297000
IN-UP,Uttar Pradesh,Female,All,70-74,Higher,3.51,2.88,4.28,10424,297000
IN-UP,Uttar Pradesh,Female,All,75-79,All,11.53,9.45,14.07,171220,1485000
IN-UP,Uttar Pradesh,Female,All,75-79,None,16.15,13.24,19.70,47965,297000
IN-UP,Uttar Pradesh,Female,All,75-79,Primary,12.11,9.93,14.77,35966,297000
IN-UP,Uttar Pradesh,Female,All,75-79,Middle,9.23,7.57,11.26,27413,297000
IN-UP,Uttar Pradesh,Female,All,75-79,Secondary,6.92,5.67,8.44,20552,297000
IN-UP,Uttar Pradesh,Female,All,75-79,Higher,5.19,4.26,6.33,15414,297000
IN-UP,Uttar Pradesh,Female,All,80-84,All,16.28,13.35,19.86,241758,1485000
IN-UP,Uttar Pradesh,Female,All,80-84,None,22.80,18.70,27.82,67716,297000
IN-UP,Uttar Pradesh,Female,All,80-84,Primary,17.10,14.02,20.86,50787,297000
IN-UP,Uttar Pradesh,Female,All,80-84,Middle,13.03,10.68,15.90,38699,297000
IN-UP,Uttar Pradesh,Female,All,80-84,Secondary,9.77,8.01,11.92,29016,297000
IN-UP,Uttar Pradesh,Female,All,80-84,Higher,7.33,6.01,8.94,21770,297000
IN-UP,Uttar Pradesh,Female,All,85+,All,22.39,18.36,27.32,332491,1485000
IN-UP,Uttar Pradesh,Female,All,85+,None,31.35,25.71,38.25,93109,297000
IN-UP,Uttar Pradesh,Female,All,85+,Primary,23.51,19.28,28.68,69824,297000
IN-UP,Uttar Pradesh,Female,All,85+,Middle,17.91,14.69,21.85,53192,297000
IN-UP,Uttar Pradesh,Female,All,85+,Secondary,13.43,11.01,16.38,39887,297000
IN-UP,Uttar Pradesh,Female,All,85+,Higher,10.08,8.27,12.30,29937,297000
IN-UP,Uttar Pradesh,Female,Urban,60+,All,5.56,4.56,6.78,146784,2640000
IN-UP,Uttar Pradesh,Female,Urban,60+,None,7.79,6.39,9.50,41131,528000
IN-UP,Uttar Pradesh,Female,Urban,60+,Primary,5.84,4.79,7.12,30835,528000
IN-UP,Uttar Pradesh,Female,Urban,60+,Middle,4.45,3.65,5.43,23496,528000
IN-UP,Uttar Pradesh,Female,Urban,60+,Secondary,3.34,2.74,4.07,17635,528000
IN-UP,Uttar Pradesh,Female,Urban,60+,Higher,2.50,2.05,3.05,13200,528000
IN-UP,Uttar Pradesh,Female,Urban,60-64,All,2.50,2.05,3.05,11880,475200
IN-UP,Uttar Pradesh,Female,Urban,60-64,None,3.51,2.88,4.28,3335,95040
IN-UP,Uttar Pradesh,Female,Urban,60-64,Primary,2.63,2.16,3.21,2499,95040
IN-UP,Uttar Pradesh,Female,Urban,60-64,Middle,2.00,1.64,2.44,1900,95040
IN-UP,Uttar Pradesh,Female,Urban,60-64,Secondary,1.50,1.23,1.83,1425,95040
IN-UP,Uttar Pradesh,Female,Urban,60-64,Higher,1.13,0.93,1.38,1073,95040
IN-UP,Uttar Pradesh,Female,Urban,65-69,All,4.17,3.42,5.09,19815,475200
IN-UP,Uttar Pradesh,Female,Urban,65-69,None,5.84,4.79,7.12,5550,95040
IN-UP,Uttar Pradesh,Female,Urban,65-69,Primary,4.38,3.59,5.34,4162,95040
IN-UP,Uttar Pradesh,Female,Urban,65-69,Middle,3.34,2.74,4.07,3174,95040
IN-UP,Uttar Pradesh,Female,Urban,65-69,Secondary,2.50,2.05,3.05,2376,95040
IN-UP,Uttar Pradesh,Female,Urban,65-69,Higher,1.88,1.54,2.29,1786,95040
IN-UP,Uttar Pradesh,Female,Urban,70-74,All,6.40,5.25,7.81,30412,475200
IN-UP,Uttar Pradesh,Female,Urban,70-74,None,8.96,7.35,10.93,8515,95040
IN-UP,Uttar Pradesh,Female,Urban,70-74,Primary,6.72,5.51,8.20,6386,95040
IN-UP,Uttar Pradesh,Female,Urban,70-74,Middle,5.12,4.20,6.25,4866,95040
IN-UP,Uttar Pradesh,Female,Urban,70-74,Secondary,3.84,3.15,4.68,3649,95040
IN-UP,Uttar Pradesh,Female,Urban,70-74,Higher,2.88,2.36,3.51,2737,95040
IN-UP,Uttar Pradesh,Female,Urban,75-79,All,9.46,7.76,11.54,44953,475200
IN-UP,Uttar Pradesh,Female,Urban,75-79,None,13.24,10.86,16.15,12583,95040
IN-UP,Uttar Pradesh,Female,Urban,75-79,Primary,9.93,8.14,12.11,9437,95040
IN-UP,Uttar Pradesh,Female,Urban,75-79,Middle,7.57,6.21,9.24,7194,95040
IN-UP,Uttar Pradesh,Female,Urban,75-79,Secondary,5.67,4.65,6.92,5388,95040
IN-UP,Uttar Pradesh,Female,Urban,75-79,Higher,4.26,3.49,5.20,4048,95040
IN-UP,Uttar Pradesh,Female,Urban,80-84,All,13.35,10.95,16.29,63439,475200
IN-UP,Uttar Pradesh,Female,Urban,80-84,None,18.69,15.33,22.80,17762,95040
IN-UP,Uttar Pradesh,Female,Urban,80-84,Primary,14.02,11.50,17.10,13324,95040
IN-UP,Uttar Pradesh,Female,Urban,80-84,Middle,10.68,8.76,13.03,10150,95040
IN-UP,Uttar Pradesh,Female,Urban,80-84,Secondary,8.01,6.57,9.77,7612,95040
IN-UP,Uttar Pradesh,Female,Urban,80-84,Higher,6.01,4.93,7.33,5711,95040
IN-UP,Uttar Pradesh,Female,Urban,85+,All,18.36,15.06,22.40,87246,475200
IN-UP,Uttar Pradesh,Female,Urban,85+,None,25.70,21.07,31.35,24425,95040
IN-UP,Uttar Pradesh,Female,Urban,85+,Primary,19.28,15.81,23.52,18323,95040
IN-UP,Uttar Pradesh,Female,Urban,85+,Middle,14.69,12.05,17.92,13961,95040
IN-UP,Uttar Pradesh,Female,Urban,85+,Secondary,11.02,9.04,13.44,10473,95040
IN-UP,Uttar Pradesh,Female,Urban,85+,Higher,8.26,6.77,10.08,7850,95040
IN-UP,Uttar Pradesh,Female,Rural,60+,All,8.28,6.79,10.10,464508,5610000
IN-UP,Uttar Pradesh,Female,Rural,60+,None,11.59,9.50,14.14,130039,1122000
IN-UP,Uttar Pradesh,Female,Rural,60+,Primary,8.69,7.13,10.60,97501,1122000
IN-UP,Uttar Pradesh,Female,Rural,60+,Middle,6.62,5.43,8.08,74276,1122000
IN-UP,Uttar Pradesh,Female,Rural,60+,Secondary,4.97,4.08,6.06,55763,1122000
IN-UP,Uttar Pradesh,Female,Rural,60+,Higher,3.72,3.05,4.54,41738,1122000
IN-UP,Uttar Pradesh,Female,Rural,60-64,All,3.72,3.05,4.54,37564,1009800
IN-UP,Uttar Pradesh,Female,Rural,60-64,None,5.21,4.27,6.36,10522,201960
IN-UP,Uttar Pradesh,Female,Rural,60-64,Primary,3.91,3.21,4.77,7896,201960
IN-UP,Uttar Pradesh,Female,Rural,60-64,Middle,2.98,2.44,3.64,6018,201960
IN-UP,Uttar Pradesh,Female,Rural,60-64,Secondary,2.23,1.83,2.72,4503,201960
IN-UP,Uttar Pradesh,Female,Rural,60-64,Higher,1.68,1.38,2.05,3392,201960
IN-UP,Uttar Pradesh,Female,Rural,65-69,All,6.21,5.09,7.58,62708,1009800
IN-UP,Uttar Pradesh,Female,Rural,65-69,None,8.69,7.13,10.60,17550,201960
IN-UP,Uttar Pradesh,Female,Rural,65-69,Primary,6.52,5.35,7.95,13167,201960
IN-UP,Uttar Pradesh,Female,Rural,65-69,Middle,4.97,4.08,6.06,10037,201960
IN-UP,Uttar Pradesh,Female,Rural,65-69,Secondary,3.72,3.05,4.54,7512,201960
IN-UP,Uttar Pradesh,Female,Rural,65-69,Higher,2.79,2.29,3.40,5634,201960
IN-UP,Uttar Pradesh,Female,Rural,70-74,All,9.52,7.81,11.61,96132,1009800
IN-UP,Uttar Pradesh,Female,Rural,70-74,None,13.33,10.93,16.26,26921,201960
IN-UP,Uttar Pradesh,Female,Rural,70-74,Primary,10.00,8.20,12.20,20196,201960
IN-UP,Uttar Pradesh,Female,Rural,70-74,Middle,7.62,6.25,9.30,15389,201960
IN-UP,Uttar Pradesh,Female,Rural,70-74,Secondary,5.71,4.68,6.97,11531,201960
IN-UP,Uttar Pradesh,Female,Rural,70-74,Higher,4.28,3.51,5.22,8643,201960
IN-UP,Uttar Pradesh,Female,Rural,75-79,All,14.07,11.54,17.17,142078,1009800
IN-UP,Uttar Pradesh,Female,Rural,75-79,None,19.70,16.15,24.03,39786,201960
IN-UP,Uttar Pradesh,Female,Rural,75-79,Primary,14.78,12.12,18.03,29849,201960
IN-UP,Uttar Pradesh,Female,Rural,75-79,Middle,11.26,9.23,13.74,22740,201960
IN-UP,Uttar Pradesh,Female,Rural,75-79,Secondary,8.44,6.92,10.30,17045,201960
IN-UP,Uttar Pradesh,Female,Rural,75-79,Higher,6.33,5.19,7.72,12784,201960
IN-UP,Uttar Pradesh,Female,Rural,80-84,All,19.87,16.29,24.24,200647,1009800
IN-UP,Uttar Pradesh,Female,Rural,80-84,None,27.81,22.80,33.93,56165,201960
IN-UP,Uttar Pradesh,Female,Rural,80-84,Primary,20.86,17.11,25.45,42128,201960
IN-UP,Uttar Pradesh,Female,Rural,80-84,Middle,15.89,13.03,19.39,32091,201960
IN-UP,Uttar Pradesh,Female,Rural,80-84,Secondary,11.92,9.77,14.54,24073,201960
IN-UP,Uttar Pradesh,Female,Rural,80-84,Higher,8.94,7.33,10.91,18055,201960
IN-UP,Uttar Pradesh,Female,Rural,85+,All,27.32,22.40,33.33,275877,1009800
IN-UP,Uttar Pradesh,Female,Rural,85+,None,35.00,28.70,42.70,70686,201960
IN-UP,Uttar Pradesh,Female,Rural,85+,Primary,28.68,23.52,34.99,57922,201960
IN-UP,Uttar Pradesh,Female,Rural,85+,Middle,21.85,17.92,26.66,44128,201960
IN-UP,Uttar Pradesh,Female,Rural,85+,Secondary,16.39,13.44,20.00,33101,201960
IN-UP,Uttar Pradesh,Female,Rural,85+,Higher,12.29,10.08,14.99,24820,201960
IN-JH,Jharkhand,Both,All,60+,All,5.70,4.67,6.95,136800,2400000
IN-JH,Jharkhand,Both,All,60+,None,7.98,6.54,9.74,38304,480000
IN-JH,Jharkhand,Both,All,60+,Primary,5.99,4.91,7.31,28752,480000
IN-JH,Jharkhand,Both,All,60+,Middle,4.56,3.74,5.56,21887,480000
IN-JH,Jharkhand,Both,All,60+,Secondary,3.42,2.80,4.17,16416,480000
IN-JH,Jharkhand,Both,All,60+,Higher,2.57,2.11,3.14,12335,480000
IN-JH,Jharkhand,Both,All,60-64,All,2.57,2.11,3.14,11102,432000
IN-JH,Jharkhand,Both,All,60-64,None,3.59,2.94,4.38,3101,86400
IN-JH,Jharkhand,Both,All,60-64,Primary,2.69,2.21,3.28,2324,86400
IN-JH,Jharkhand,Both,All,60-64,Middle,2.05,1.68,2.50,1771,86400
IN-JH,Jharkhand,Both,All,60-64,Secondary,1.54,1.26,1.88,1330,86400
IN-JH,Jharkhand,Both,All,60-64,Higher,1.15,0.94,1.40,993,86400
IN-JH,Jharkhand,Both,All,65-69,All,4.28,3.51,5.22,18489,432000
IN-JH,Jharkhand,Both,All,65-69,None,5.99,4.91,7.31,5175,86400
IN-JH,Jharkhand,Both,All,65-69,Primary,4.49,3.68,5.48,3879,86400
IN-JH,Jharkhand,Both,All,65-69,Middle,3.42,2.80,4.17,2954,86400
IN-JH,Jharkhand,Both,All,65-69,Secondary,2.57,2.11,3.14,2220,86400
IN-JH,Jharkhand,Both,All,65-69,Higher,1.92,1.57,2.34,1658,86400
IN-JH,Jharkhand,Both,All,70-74,All,6.56,5.38,8.00,28339,432000
IN-JH,Jharkhand,Both,All,70-74,None,9.18,7.53,11.20,7931,86400
IN-JH,Jharkhand,Both,All,70-74,Primary,6.88,5.64,8.39,5944,86400
IN-JH,Jharkhand,Both,All,70-74,Middle,5.24,4.30,6.39,4527,86400
IN-JH,Jharkhand,Both,All,70-74,Secondary,3.93,3.22,4.79,3395,86400
IN-JH,Jharkhand,Both,All,70-74,Higher,2.95,2.42,3.60,2548,86400
IN-JH,Jharkhand,Both,All,75-79,All,9.69,7.95,11.82,41860,432000
IN-JH,Jharkhand,Both,All,75-79,None,13.57,11.13,16.56,11724,86400
IN-JH,Jharkhand,Both,All,75-79,Primary,10.17,8.34,12.41,8786,86400
IN-JH,Jharkhand,Both,All,75-79,Middle,7.75,6.36,9.46,6696,86400
IN-JH,Jharkhand,Both,All,75-79,Secondary,5.81,4.76,7.09,5019,86400
IN-JH,Jharkhand,Both,All,75-79,Higher,4.36,3.58,5.32,3767,86400
IN-JH,Jharkhand,Both,All,80-84,All,13.68,11.22,16.69,59097,432000
IN-JH,Jharkhand,Both,All,80-84,None,19.15,15.70,23.36,16545,86400
IN-JH,Jharkhand,Both,All,80-84,Primary,14.36,11.78,17.52,12407,86400
IN-JH,Jharkhand,Both,All,80-84,Middle,10.94,8.97,13.35,9452,86400
IN-JH,Jharkhand,Both,All,80-84,Secondary,8.21,6.73,10.02,7093,86400
IN-JH,Jharkhand,Both,All,80-84,Higher,6.16,5.05,7.52,5322,86400
IN-JH,Jharkhand,Both,All,85+,All,18.81,15.42,22.95,81259,432000
IN-JH,Jharkhand,Both,All,85+,None,26.33,21.59,32.12,22749,86400
IN-JH,Jharkhand,Both,All,85+,Primary,19.75,16.20,24.10,17064,86400
IN-JH,Jharkhand,Both,All,85+,Middle,15.05,12.34,18.36,13003,86400
IN-JH,Jharkhand,Both,All,85+,Secondary,11.29,9.26,13.77,9754,86400
IN-JH,Jharkhand,Both,All,85+,Higher,8.46,6.94,10.32,7309,86400
IN-JH,Jharkhand,Both,Urban,60+,All,4.67,3.83,5.70,35865,768000
IN-JH,Jharkhand,Both,Urban,60+,None,6.54,5.36,7.98,10045,153600
IN-JH,Jharkhand,Both,Urban,60+,Primary,4.91,4.03,5.99,7541,153600
IN-JH,Jharkhand,Both,Urban,60+,Middle,3.74,3.07,4.56,5744,153600
IN-JH,Jharkhand,Both,Urban,60+,Secondary,2.80,2.30,3.42,4300,153600
IN-JH,Jharkhand,Both,Urban,60+,Higher,2.10,1.72,2.56,3225,153600
IN-JH,Jharkhand,Both,Urban,60-64,All,2.10,1.72,2.56,2903,138240
IN-JH,Jharkhand,Both,Urban,60-64,None,2.94,2.41,3.59,812,27648
IN-JH,Jharkhand,Both,Urban,60-64,Primary,2.21,1.81,2.70,611,27648
IN-JH,Jharkhand,Both,Urban,60-64,Middle,1.68,1.38,2.05,464,27648
IN-JH,Jharkhand,Both,Urban,60-64,Secondary,1.26,1.03,1.54,348,27648
IN-JH,Jharkhand,Both,Urban,60-64,Higher,1.00,0.82,1.22,276,27648
IN-JH,Jharkhand,Both,Urban,65-69,All,3.51,2.88,4.28,4852,138240
IN-JH,Jharkhand,Both,Urban,65-69,None,4.91,4.03,5.99,1357,27648
IN-JH,Jharkhand,Both,Urban,65-69,Primary,3.68,3.02,4.49,1017,27648
IN-JH,Jharkhand,Both,Urban,65-69,Middle,2.80,2.30,3.42,774,27648
IN-JH,Jharkhand,Both,Urban,65-69,Secondary,2.10,1.72,2.56,580,27648
IN-JH,Jharkhand,Both,Urban,65-69,Higher,1.58,1.30,1.93,436,27648
IN-JH,Jharkhand,Both,Urban,70-74,All,5.38,4.41,6.56,7437,138240
IN-JH,Jharkhand,Both,Urban,70-74,None,7.53,6.17,9.19,2081,27648
IN-JH,Jharkhand,Both,Urban,70-74,Primary,5.64,4.62,6.88,1559,27648
IN-JH,Jharkhand,Both,Urban,70-74,Middle,4.30,3.53,5.25,1188,27648
IN-JH,Jharkhand,Both,Urban,70-74,Secondary,3.23,2.65,3.94,893,27648
IN-JH,Jharkhand,Both,Urban,70-74,Higher,2.42,1.98,2.95,669,27648
IN-JH,Jharkhand,Both,Urban,75-79,All,7.95,6.52,9.70,10990,138240
IN-JH,Jharkhand,Both,Urban,75-79,None,11.12,9.12,13.57,3074,27648
IN-JH,Jharkhand,Both,Urban,75-79,Primary,8.34,6.84,10.17,2305,27648
IN-JH,Jharkhand,Both,Urban,75-79,Middle,6.36,5.22,7.76,1758,27648
IN-JH,Jharkhand,Both,Urban,75-79,Secondary,4.77,3.91,5.82,1318,27648
IN-JH,Jharkhand,Both,Urban,75-79,Higher,3.58,2.94,4.37,989,27648
IN-JH,Jharkhand,Both,Urban,80-84,All,11.22,9.20,13.69,15510,138240
IN-JH,Jharkhand,Both,Urban,80-84,None,15.70,12.87,19.15,4340,27648
IN-JH,Jharkhand,Both,Urban,80-84,Primary,11.78,9.66,14.37,3256,27648
IN-JH,Jharkhand,Both,Urban,80-84,Middle,8.97,7.36,10.94,2480,27648
IN-JH,Jharkhand,Both,Urban,80-84,Secondary,6.73,5.52,8.21,1860,27648
IN-JH,Jharkhand,Both,Urban,80-84,Higher,5.05,4.14,6.16,1396,27648
IN-JH,Jharkhand,Both,Urban,85+,All,15.42,12.64,18.81,21316,138240
IN-JH,Jharkhand,Both,Urban,85+,None,21.59,17.70,26.34,5969,27648
IN-JH,Jharkhand,Both,Urban,85+,Primary,16.20,13.28,19.76,4478,27648
IN-JH,Jharkhand,Both,Urban,85+,Middle,12.34,10.12,15.05,3411,27648
IN-JH,Jharkhand,Both,Urban,85+,Secondary,9.25,7.59,11.29,2557,27648
IN-JH,Jharkhand,Both,Urban,85+,Higher,6.94,5.69,8.47,1918,27648
IN-JH,Jharkhand,Both,Rural,60+,All,6.95,5.70,8.48,113424,1632000
IN-JH,Jharkhand,Both,Rural,60+,None,9.74,7.99,11.88,31791,326400
IN-JH,Jharkhand,Both,Rural,60+,Primary,7.30,5.99,8.91,23827,326400
IN-JH,Jharkhand,Both,Rural,60+,Middle,5.56,4.56,6.78,18147,326400
IN-JH,Jharkhand,Both,Rural,60+,Secondary,4.17,3.42,5.09,13610,326400
IN-JH,Jharkhand,Both,Rural,60+,Higher,3.13,2.57,3.82,10216,326400
IN-JH,Jharkhand,Both,Rural,60-64,All,3.13,2.57,3.82,9194,293760
IN-JH,Jharkhand,Both,Rural,60-64,None,4.38,3.59,5.34,2573,58752
IN-JH,Jharkhand,Both,Rural,60-64,Primary,3.29,2.70,4.01,1932,58752
IN-JH,Jharkhand,Both,Rural,60-64,Middle,2.50,2.05,3.05,1468,58752
IN-JH,Jharkhand,Both,Rural,60-64,Secondary,1.88,1.54,2.29,1104,58752
IN-JH,Jharkhand,Both,Rural,60-64,Higher,1.41,1.16,1.72,828,58752
IN-JH,Jharkhand,Both,Rural,65-69,All,5.22,4.28,6.37,15334,293760
IN-JH,Jharkhand,Both,Rural,65-69,None,7.30,5.99,8.91,4288,58752
IN-JH,Jharkhand,Both,Rural,65-69,Primary,5.48,4.49,6.69,3219,58752
IN-JH,Jharkhand,Both,Rural,65-69,Middle,4.17,3.42,5.09,2449,58752
IN-JH,Jharkhand,Both,Rural,65-69,Secondary,3.13,2.57,3.82,1838,58752
IN-JH,Jharkhand,Both,Rural,65-69,Higher,2.35,1.93,2.87,1380,58752
IN-JH,Jharkhand,Both,Rural,70-74,All,8.00,6.56,9.76,23500,293760
IN-JH,Jharkhand,Both,Rural,70-74,None,11.20,9.18,13.66,6580,58752
IN-JH,Jharkhand,Both,Rural,70-74,Primary,8.40,6.89,10.25,4935,58752
IN-JH,Jharkhand,Both,Rural,70-74,Middle,6.40,5.25,7.81,3760,58752
IN-JH,Jharkhand,Both,Rural,70-74,Secondary,4.80,3.94,5.86,2820,58752
IN-JH,Jharkhand,Both,Rural,70-74,Higher,3.60,2.95,4.39,2115,58752
IN-JH,Jharkhand,Both,Rural,75-79,All,11.82,9.69,14.42,34722,293760
IN-JH,Jharkhand,Both,Rural,75-79,None,16.55,13.57,20.19,9723,58752
IN-JH,Jharkhand,Both,Rural,75-79,Primary,12.41,10.18,15.14,7291,58752
IN-JH,Jharkhand,Both,Rural,75-79,Middle,9.46,7.76,11.54,5557,58752
IN-JH,Jharkhand,Both,Rural,75-79,Secondary,7.09,5.81,8.65,4165,58752
IN-JH,Jharkhand,Both,Rural,75-79,Higher,5.32,4.36,6.49,3125,58752
IN-JH,Jharkhand,Both,Rural,80-84,All,16.69,13.69,20.36,49028,293760
IN-JH,Jharkhand,Both,Rural,80-84,None,23.37,19.16,28.51,13730,58752
IN-JH,Jharkhand,Both,Rural,80-84,Primary,17.52,14.37,21.37,10293,58752
IN-JH,Jharkhand,Both,Rural,80-84,Middle,13.35,10.95,16.29,7843,58752
IN-JH,Jharkhand,Both,Rural,80-84,Secondary,10.01,8.21,12.21,5881,58752
IN-JH,Jharkhand,Both,Rural,80-84,Higher,7.51,6.16,9.16,4412,58752
IN-JH,Jharkhand,Both,Rural,85+,All,22.95,18.82,28.00,67417,293760
IN-JH,Jharkhand,Both,Rural,85+,None,32.13,26.35,39.20,18877,58752
IN-JH,Jharkhand,Both,Rural,85+,Primary,24.10,19.76,29.40,14159,58752
IN-JH,Jharkhand,Both,Rural,85+,Middle,18.36,15.06,22.40,10786,58752
IN-JH,Jharkhand,Both,Rural,85+,Secondary,13.77,11.29,16.80,8090,58752
IN-JH,Jharkhand,Both,Rural,85+,Higher,10.33,8.47,12.60,6069,58752
IN-JH,Jharkhand,Male,All,60+,All,4.85,3.98,5.92,58199,1200000
IN-JH,Jharkhand,Male,All,60+,None,6.78,5.56,8.27,16272,240000
IN-JH,Jharkhand,Male,All,60+,Primary,5.09,4.17,6.21,12216,240000
IN-JH,Jharkhand,Male,All,60+,Middle,3.88,3.18,4.73,9312,240000
IN-JH,Jharkhand,Male,All,60+,Secondary,2.91,2.39,3.55,6984,240000
IN-JH,Jharkhand,Male,All,60+,Higher,2.18,1.79,2.66,5232,240000
IN-JH,Jharkhand,Male,All,60-64,All,2.18,1.79,2.66,4708,216000
IN-JH,Jharkhand,Male,All,60-64,None,3.05,2.50,3.72,1317,43200
IN-JH,Jharkhand,Male,All,60-64,Primary,2.29,1.88,2.79,989,43200
IN-JH,Jharkhand,Male,All,60-64,Middle,1.74,1.43,2.12,751,43200
IN-JH,Jharkhand,Male,All,60-64,Secondary,1.31,1.07,1.60,565,43200
IN-JH,Jharkhand,Male,All,60-64,Higher,1.00,0.82,1.22,432,43200
IN-JH,Jharkhand,Male,All,65-69,All,3.63,2.98,4.43,7840,216000
IN-JH,Jharkhand,Male,All,65-69,None,5.09,4.17,6.21,2198,43200
IN-JH,Jharkhand,Male,All,65-69,Primary,3.82,3.13,4.66,1650,43200
IN-JH,Jharkhand,Male,All,65-69,Middle,2.91,2.39,3.55,1257,43200
IN-JH,Jharkhand,Male,All,65-69,Secondary,2.18,1.79,2.66,941,43200
IN-JH,Jharkhand,Male,All,65-69,Higher,1.64,1.34,2.00,708,43200
IN-JH,Jharkhand,Male,All,70-74,All,5.57,4.57,6.80,12031,216000
IN-JH,Jharkhand,Male,All,70-74,None,7.80,6.40,9.52,3369,43200
IN-JH,Jharkhand,Male,All,70-74,Primary,5.85,4.80,7.14,2527,43200
IN-JH,Jharkhand,Male,All,70-74,Middle,4.46,3.66,5.44,1926,43200
IN-JH,Jharkhand,Male,All,70-74,Secondary,3.34,2.74,4.07,1442,43200
IN-JH,Jharkhand,Male,All,70-74,Higher,2.51,2.06,3.06,1084,43200
IN-JH,Jharkhand,Male,All,75-79,All,8.24,6.76,10.05,17798,216000
IN-JH,Jharkhand,Male,All,75-79,None,11.53,9.45,14.07,4980,43200
IN-JH,Jharkhand,Male,All,75-79,Primary,8.65,7.09,10.55,3736,43200
IN-JH,Jharkhand,Male,All,75-79,Middle,6.59,5.40,8.04,2846,43200
IN-JH,Jharkhand,Male,All,75-79,Secondary,4.94,4.05,6.03,2134,43200
IN-JH,Jharkhand,Male,All,75-79,Higher,3.71,3.04,4.53,1602,43200
IN-JH,Jharkhand,Male,All,80-84,All,11.63,9.54,14.19,25120,216000
IN-JH,Jharkhand,Male,All,80-84,None,16.28,13.35,19.86,7032,43200
IN-JH,Jharkhand,Male,All,80-84,Primary,12.21,10.01,14.90,5274,43200
IN-JH,Jharkhand,Male,All,80-84,Middle,9.30,7.63,11.35,4017,43200
IN-JH,Jharkhand,Male,All,80-84,Secondary,6.98,5.72,8.52,3015,43200
IN-JH,Jharkhand,Male,All,80-84,Higher,5.23,4.29,6.38,2259,43200
IN-JH,Jharkhand,Male,All,85+,All,15.99,13.11,19.51,34538,216000
IN-JH,Jharkhand,Male,All,85+,None,22.38,18.35,27.30,9668,43200
IN-JH,Jharkhand,Male,All,85+,Primary,16.79,13.77,20.48,7253,43200
IN-JH,Jharkhand,Male,All,85+,Middle,12.79,10.49,15.60,5525,43200
IN-JH,Jharkhand,Male,All,85+,Secondary,9.59,7.86,11.70,4142,43200
IN-JH,Jharkhand,Male,All,85+,Higher,7.19,5.90,8.77,3106,43200
IN-JH,Jharkhand,Male,Urban,60+,All,3.97,3.26,4.84,15244,384000
IN-JH,Jharkhand,Male,Urban,60+,None,5.56,4.56,6.78,4270,76800
IN-JH,Jharkhand,Male,Urban,60+,Primary,4.17,3.42,5.09,3202,76800
IN-JH,Jharkhand,Male,Urban,60+,Middle,3.18,2.61,3.88,2442,76800
IN-JH,Jharkhand,Male,Urban,60+,Secondary,2.38,1.95,2.90,1827,76800
IN-JH,Jharkhand,Male,Urban,60+,Higher,1.79,1.47,2.18,1374,76800
IN-JH,Jharkhand,Male,Urban,60-64,All,1.79,1.47,2.18,1237,69120
IN-JH,Jharkhand,Male,Urban,60-64,None,2.50,2.05,3.05,345,13824
IN-JH,Jharkhand,Male,Urban,60-64,Primary,1.88,1.54,2.29,259,13824
IN-JH,Jharkhand,Male,Urban,60-64,Middle,1.43,1.17,1.74,197,13824
IN-JH,Jharkhand,Male,Urban,60-64,Secondary,1.07,0.88,1.31,147,13824
IN-JH,Jharkhand,Male,Urban,60-64,Higher,1.00,0.82,1.22,138,13824
IN-JH,Jharkhand,Male,Urban,65-69,All,2.98,2.44,3.64,2059,69120
IN-JH,Jharkhand,Male,Urban,65-69,None,4.17,3.42,5.09,576,13824
IN-JH,Jharkhand,Male,Urban,65-69,Primary,3.13,2.57,3.82,432,13824
IN-JH,Jharkhand,Male,Urban,65-69,Middle,2.38,1.95,2.90,329,13824
IN-JH,Jharkhand,Male,Urban,65-69,Secondary,1.79,1.47,2.18,247,13824
IN-JH,Jharkhand,Male,Urban,65-69,Higher,1.34,1.10,1.63,185,13824
IN-JH,Jharkhand,Male,Urban,70-74,All,4.57,3.75,5.58,3158,69120
IN-JH,Jharkhand,Male,Urban,70-74,None,6.40,5.25,7.81,884,13824
IN-JH,Jharkhand,Male,Urban,70-74,Primary,4.80,3.94,5.86,663,13824
IN-JH,Jharkhand,Male,Urban,70-74,Middle,3.66,3.00,4.47,505,13824
IN-JH,Jharkhand,Male,Urban,70-74,Secondary,2.74,2.25,3.34,378,13824
IN-JH,Jharkhand,Male,Urban,70-74,Higher,2.06,1.69,2.51,284,13824
IN-JH,Jharkhand,Male,Urban,75-79,All,6.75,5.53,8.24,4665,69120
IN-JH,Jharkhand,Male,Urban,75-79,None,9.46,7.76,11.54,1307,13824
IN-JH,Jharkhand,Male,Urban,75-79,Primary,7.09,5.81,8.65,980,13824
IN-JH,Jharkhand,Male,Urban,75-79,Middle,5.40,4.43,6.59,746,13824
IN-JH,Jharkhand,Male,Urban,75-79,Secondary,4.05,3.32,4.94,559,13824
IN-JH,Jharkhand,Male,Urban,75-79,Higher,3.04,2.49,3.71,420,13824
IN-JH,Jharkhand,Male,Urban,80-84,All,9.53,7.81,11.63,6587,69120
IN-JH,Jharkhand,Male,Urban,80-84,None,13.35,10.95,16.29,1845,13824
IN-JH,Jharkhand,Male,Urban,80-84,Primary,10.01,8.21,12.21,1383,13824
IN-JH,Jharkhand,Male,Urban,80-84,Middle,7.63,6.26,9.31,1054,13824
IN-JH,Jharkhand,Male,Urban,80-84,Secondary,5.72,4.69,6.98,790,13824
IN-JH,Jharkhand,Male,Urban,80-84,Higher,4.29,3.52,5.23,593,13824
IN-JH,Jharkhand,Male,Urban,85+,All,13.11,10.75,15.99,9061,69120
IN-JH,Jharkhand,Male,Urban,85+,None,18.35,15.05,22.39,2536,13824
IN-JH,Jharkhand,Male,Urban,85+,Primary,13.77,11.29,16.80,1903,13824
IN-JH,Jharkhand,Male,Urban,85+,Middle,10.49,8.60,12.80,1450,13824
IN-JH,Jharkhand,Male,Urban,85+,Secondary,7.87,6.45,9.60,1087,13824
IN-JH,Jharkhand,Male,Urban,85+,Higher,5.90,4.84,7.20,815,13824
IN-JH,Jharkhand,Male,Rural,60+,All,5.91,4.85,7.21,48225,816000
IN-JH,Jharkhand,Male,Rural,60+,None,8.28,6.79,10.10,13512,163200
IN-JH,Jharkhand,Male,Rural,60+,Primary,6.21,5.09,7.58,10134,163200
IN-JH,Jharkhand,Male,Rural,60+,Middle,4.73,3.88,5.77,7719,163200
IN-JH,Jharkhand,Male,Rural,60+,Secondary,3.55,2.91,4.33,5793,163200
IN-JH,Jharkhand,Male,Rural,60+,Higher,2.66,2.18,3.25,4341,163200
IN-JH,Jharkhand,Male,Rural,60-64,All,2.66,2.18,3.25,3907,146880
IN-JH,Jharkhand,Male,Rural,60-64,None,3.72,3.05,4.54,1092,29376
IN-JH,Jharkhand,Male,Rural,60-64,Primary,2.79,2.29,3.40,819,29376
IN-JH,Jharkhand,Male,Rural,60-64,Middle,2.13,1.75,2.60,625,29376
IN-JH,Jharkhand,Male,Rural,60-64,Secondary,1.60,1.31,1.95,470,29376
IN-JH,Jharkhand,Male,Rural,60-64,Higher,1.20,0.98,1.46,352,29376
IN-JH,Jharkhand,Male,Rural,65-69,All,4.43,3.63,5.40,6506,146880
IN-JH,Jharkhand,Male,Rural,65-69,None,6.21,5.09,7.58,1824,29376
IN-JH,Jharkhand,Male,Rural,65-69,Primary,4.65,3.81,5.67,1365,29376
IN-JH,Jharkhand,Male,Rural,65-69,Middle,3.55,2.91,4.33,1042,29376
IN-JH,Jharkhand,Male,Rural,65-69,Secondary,2.66,2.18,3.25,781,29376
IN-JH,Jharkhand,Male,Rural,65-69,Higher,1.99,1.63,2.43,584,29376
IN-JH,Jharkhand,Male,Rural,70-74,All,6.80,5.58,8.30,9987,146880
IN-JH,Jharkhand,Male,Rural,70-74,None,9.52,7.81,11.61,2796,29376
IN-JH,Jharkhand,Male,Rural,70-74,Primary,7.14,5.85,8.71,2097,29376
IN-JH,Jharkhand,Male,Rural,70-74,Middle,5.44,4.46,6.64,1598,29376
IN-JH,Jharkhand,Male,Rural,70-74,Secondary,4.08,3.35,4.98,1198,29376
IN-JH,Jharkhand,Male,Rural,70-74,Higher,3.06,2.51,3.73,898,29376
IN-JH,Jharkhand,Male,Rural,75-79,All,10.05,8.24,12.26,14761,146880
IN-JH,Jharkhand,Male,Rural,75-79,None,14.07,11.54,17.17,4133,29376
IN-JH,Jharkhand,Male,Rural,75-79,Primary,10.55,8.65,12.87,3099,29376
IN-JH,Jharkhand,Male,Rural,75-79,Middle,8.04,6.59,9.81,2361,29376
IN-JH,Jharkhand,Male,Rural,75-79,Secondary,6.03,4.94,7.36,1771,29376
IN-JH,Jharkhand,Male,Rural,75-79,Higher,4.52,3.71,5.51,1327,29376
IN-JH,Jharkhand,Male,Rural,80-84,All,14.19,11.64,17.31,20842,146880
IN-JH,Jharkhand,Male,Rural,80-84,None,19.86,16.29,24.23,5834,29376
IN-JH,Jharkhand,Male,Rural,80-84,Primary,14.90,12.22,18.18,4377,29376
IN-JH,Jharkhand,Male,Rural,80-84,Middle,11.35,9.31,13.85,3334,29376
IN-JH,Jharkhand,Male,Rural,80-84,Secondary,8.51,6.98,10.38,2499,29376
IN-JH,Jharkhand,Male,Rural,80-84,Higher,6.38,5.23,7.78,1874,29376
IN-JH,Jharkhand,Male,Rural,85+,All,19.51,16.00,23.80,28656,146880
IN-JH,Jharkhand,Male,Rural,85+,None,27.31,22.39,33.32,8022,29376
IN-JH,Jharkhand,Male,Rural,85+,Primary,20.48,16.79,24.99,6016,29376
IN-JH,Jharkhand,Male,Rural,85+,Middle,15.60,12.79,19.03,4582,29376
IN-JH,Jharkhand,Male,Rural,85+,Secondary,11.70,9.59,14.27,3436,29376
IN-JH,Jharkhand,Male,Rural,85+,Higher,8.78,7.20,10.71,2579,29376
IN-JH,Jharkhand,Female,All,60+,All,6.56,5.38,8.00,78719,1200000
IN-JH,Jharkhand,Female,All,60+,None,9.18,7.53,11.20,22032,240000
IN-JH,Jharkhand,Female,All,60+,Primary,6.88,5.64,8.39,16512,240000
IN-JH,Jharkhand,Female,All,60+,Middle,5.24,4.30,6.39,12576,240000
IN-JH,Jharkhand,Female,All,60+,Secondary,3.93,3.22,4.79,9432,240000
IN-JH,Jharkhand,Female,All,60+,Higher,2.95,2.42,3.60,7080,240000
IN-JH,Jharkhand,Female,All,60-64,All,2.95,2.42,3.60,6372,216000
IN-JH,Jharkhand,Female,All,60-64,None,4.13,3.39,5.04,1784,43200
IN-JH,Jharkhand,Female,All,60-64,Primary,3.10,2.54,3.78,1339,43200
IN-JH,Jharkhand,Female,All,60-64,Middle,2.36,1.94,2.88,1019,43200
IN-JH,Jharkhand,Female,All,60-64,Secondary,1.77,1.45,2.16,764,43200
IN-JH,Jharkhand,Female,All,60-64,Higher,1.33,1.09,1.62,574,43200
IN-JH,Jharkhand,Female,All,65-69,All,4.92,4.03,6.00,10627,216000
IN-JH,Jharkhand,Female,All,65-69,None,6.88,5.64,8.39,2972,43200
IN-JH,Jharkhand,Female,All,65-69,Primary,5.16,4.23,6.30,2229,43200
IN-JH,Jharkhand,Female,All,65-69,Middle,3.93,3.22,4.79,1697,43200
IN-JH,Jharkhand,Female,All,65-69,Secondary,2.95,2.42,3.60,1274,43200
IN-JH,Jharkhand,Female,All,65-69,Higher,2.21,1.81,2.70,954,43200
IN-JH,Jharkhand,Female,All,70-74,All,7.54,6.18,9.20,16286,216000
IN-JH,Jharkhand,Female,All,70-74,None,10.55,8.65,12.87,4557,43200
IN-JH,Jharkhand,Female,All,70-74,Primary,7.92,6.49,9.66,3421,43200
IN-JH,Jharkhand,Female,All,70-74,Middle,6.03,4.94,7.36,2604,43200
IN-JH,Jharkhand,Female,All,70-74,Secondary,4.52,3.71,5.51,1952,43200
IN-JH,Jharkhand,Female,All,70-74,Higher,3.39,2.78,4.14,1464,43200
IN-JH,Jharkhand,Female,All,75-79,All,11.14,9.13,13.59,24062,216000
IN-JH,Jharkhand,Female,All,75-79,None,15.60,12.79,19.03,6739,43200
IN-JH,Jharkhand,Female,All,75-79,Primary,11.70,9.59,14.27,5054,43200
IN-JH,Jharkhand,Female,All,75-79,Middle,8.91,7.31,10.87,3849,43200
IN-JH,Jharkhand,Female,All,75-79,Secondary,6.69,5.49,8.16,2890,43200
IN-JH,Jharkhand,Female,All,75-79,Higher,5.01,4.11,6.11,2164,43200
IN-JH,Jharkhand,Female,All,80-84,All,15.73,12.90,19.19,33976,216000
IN-JH,Jharkhand,Female,All,80-84,None,22.02,18.06,26.86,9512,43200
IN-JH,Jharkhand,Female,All,80-84,Primary,16.52,13.55,20.15,7136,43200
IN-JH,Jharkhand,Female,All,80-84,Middle,12.59,10.32,15.36,5438,43200
IN-JH,Jharkhand,Female,All,80-84,Secondary,9.44,7.74,11.52,4078,43200
IN-JH,Jharkhand,Female,All,80-84,Higher,7.08,5.81,8.64,3058,43200
IN-JH,Jharkhand,Female,All,85+,All,21.63,17.74,26.39,46720,216000
IN-JH,Jharkhand,Female,All,85+,None,30.28,24.83,36.94,13080,43200
IN-JH,Jharkhand,Female,All,85+,Primary,22.71,18.62,27.71,9810,43200
IN-JH,Jharkhand,Female,All,85+,Middle,17.31,14.19,21.12,7477,43200
IN-JH,Jharkhand,Female,All,85+,Secondary,12.98,10.64,15.84,5607,43200
IN-JH,Jharkhand,Female,All,85+,Higher,9.73,7.98,11.87,4203,43200
IN-JH,Jharkhand,Female,Urban,60+,All,5.38,4.41,6.56,20659,384000
IN-JH,Jharkhand,Female,Urban,60+,None,7.53,6.17,9.19,5783,76800
IN-JH,Jharkhand,Female,Urban,60+,Primary,5.64,4.62,6.88,4331,76800
IN-JH,Jharkhand,Female,Urban,60+,Middle,4.30,3.53,5.25,3302,76800
IN-JH,Jharkhand,Female,Urban,60+,Secondary,3.23,2.65,3.94,2480,76800
IN-JH,Jharkhand,Female,Urban,60+,Higher,2.42,1.98,2.95,1858,76800
IN-JH,Jharkhand,Female,Urban,60-64,All,2.42,1.98,2.95,1672,69120
IN-JH,Jharkhand,Female,Urban,60-64,None,3.39,2.78,4.14,468,13824
IN-JH,Jharkhand,Female,Urban,60-64,Primary,2.54,2.08,3.10,351,13824
IN-JH,Jharkhand,Female,Urban,60-64,Middle,1.94,1.59,2.37,268,13824
IN-JH,Jharkhand,Female,Urban,60-64,Secondary,1.45,1.19,1.77,200,13824
IN-JH,Jharkhand,Female,Urban,60-64,Higher,1.09,0.89,1.33,150,13824
IN-JH,Jharkhand,Female,Urban,65-69,All,4.03,3.30,4.92,2785,69120
IN-JH,Jharkhand,Female,Urban,65-69,None,5.64,4.62,6.88,779,13824
IN-JH,Jharkhand,Female,Urban,65-69,Primary,4.23,3.47,5.16,584,13824
IN-JH,Jharkhand,Female,Urban,65-69,Middle,3.23,2.65,3.94,446,13824
IN-JH,Jharkhand,Female,Urban,65-69,Secondary,2.42,1.98,2.95,334,13824
IN-JH,Jharkhand,Female,Urban,65-69,Higher,1.81,1.48,2.21,250,13824
IN-JH,Jharkhand,Female,Urban,70-74,All,6.18,5.07,7.54,4271,69120
IN-JH,Jharkhand,Female,Urban,70-74,None,8.65,7.09,10.55,1195,13824
IN-JH,Jharkhand,Female,Urban,70-74,Primary,6.49,5.32,7.92,897,13824
IN-JH,Jharkhand,Female,Urban,70-74,Middle,4.95,4.06,6.04,684,13824
IN-JH,Jharkhand,Female,Urban,70-74,Secondary,3.71,3.04,4.53,512,13824
IN-JH,Jharkhand,Female,Urban,70-74,Higher,2.78,2.28,3.39,384,13824
IN-JH,Jharkhand,Female,Urban,75-79,All,9.14,7.49,11.15,6317,69120
IN-JH,Jharkhand,Female,Urban,75-79,None,12.79,10.49,15.60,1768,13824
IN-JH,Jharkhand,Female,Urban,75-79,Primary,9.59,7.86,11.70,1325,13824
IN-JH,Jharkhand,Female,Urban,75-79,Middle,7.31,5.99,8.92,1010,13824
IN-JH,Jharkhand,Female,Urban,75-79,Secondary,5.48,4.49,6.69,757,13824
IN-JH,Jharkhand,Female,Urban,75-79,Higher,4.11,3.37,5.01,568,13824
IN-JH,Jharkhand,Female,Urban,80-84,All,12.90,10.58,15.74,8916,69120
IN-JH,Jharkhand,Female,Urban,80-84,None,18.06,14.81,22.03,2496,13824
IN-JH,Jharkhand,Female,Urban,80-84,Primary,13.55,11.11,16.53,1873,13824
IN-JH,Jharkhand,Female,Urban,80-84,Middle,10.32,8.46,12.59,1426,13824
IN-JH,Jharkhand,Female,Urban,80-84,Secondary,7.74,6.35,9.44,1069,13824
IN-JH,Jharkhand,Female,Urban,80-84,Higher,5.81,4.76,7.09,803,13824
IN-JH,Jharkhand,Female,Urban,85+,All,17.74,14.55,21.64,12261,69120
IN-JH,Jharkhand,Female,Urban,85+,None,24.83,20.36,30.29,3432,13824
IN-JH,Jharkhand,Female,Urban,85+,Primary,18.62,15.27,22.72,2574,13824
IN-JH,Jharkhand,Female,Urban,85+,Middle,14.19,11.64,17.31,1961,13824
IN-JH,Jharkhand,Female,Urban,85+,Secondary,10.64,8.72,12.98,1470,13824
IN-JH,Jharkhand,Female,Urban,85+,Higher,7.98,6.54,9.74,1103,13824
IN-JH,Jharkhand,Female,Rural,60+,All,8.00,6.56,9.76,65280,816000
IN-JH,Jharkhand,Female,Rural,60+,None,11.20,9.18,13.66,18278,163200
IN-JH,Jharkhand,Female,Rural,60+,Primary,8.40,6.89,10.25,13708,163200
IN-JH,Jharkhand,Female,Rural,60+,Middle,6.40,5.25,7.81,10444,163200
IN-JH,Jharkhand,Female,Rural,60+,Secondary,4.80,3.94,5.86,7833,163200
IN-JH,Jharkhand,Female,Rural,60+,Higher,3.60,2.95,4.39,5875,163200
IN-JH,Jharkhand,Female,Rural,60-64,All,3.60,2.95,4.39,5287,146880
IN-JH,Jharkhand,Female,Rural,60-64,None,5.04,4.13,6.15,1480,29376
IN-JH,Jharkhand,Female,Rural,60-64,Primary,3.78,3.10,4.61,1110,29376
IN-JH,Jharkhand,Female,Rural,60-64,Middle,2.88,2.36,3.51,846,29376
IN-JH,Jharkhand,Female,Rural,60-64,Secondary,2.16,1.77,2.64,634,29376
IN-JH,Jharkhand,Female,Rural,60-64,Higher,1.62,1.33,1.98,475,29376
IN-JH,Jharkhand,Female,Rural,65-69,All,6.00,4.92,7.32,8812,146880
IN-JH,Jharkhand,Female,Rural,65-69,None,8.40,6.89,10.25,2467,29376
IN-JH,Jharkhand,Female,Rural,65-69,Primary,6.30,5.17,7.69,1850,29376
IN-JH,Jharkhand,Female,Rural,65-69,Middle,4.80,3.94,5.86,1410,29376
IN-JH,Jharkhand,Female,Rural,65-69,Secondary,3.60,2.95,4.39,1057,29376
IN-JH,Jharkhand,Female,Rural,65-69,Higher,2.70,2.21,3.29,793,29376
IN-JH,Jharkhand,Female,Rural,70-74,All,9.20,7.54,11.22,13512,146880
IN-JH,Jharkhand,Female,Rural,70-74,None,12.88,10.56,15.71,3783,29376
IN-JH,Jharkhand,Female,Rural,70-74,Primary,9.66,7.92,11.79,2837,29376
IN-JH,Jharkhand,Female,Rural,70-74,Middle,7.36,6.04,8.98,2162,29376
IN-JH,Jharkhand,Female,Rural,70-74,Secondary,5.52,4.53,6.73,1621,29376
IN-JH,Jharkhand,Female,Rural,70-74,Higher,4.14,3.39,5.05,1216,29376
IN-JH,Jharkhand,Female,Rural,75-79,All,13.60,11.15,16.59,19975,146880
IN-JH,Jharkhand,Female,Rural,75-79,None,19.03,15.60,23.22,5590,29376
IN-JH,Jharkhand,Female,Rural,75-79,Primary,14.27,11.70,17.41,4191,29376
IN-JH,Jharkhand,Female,Rural,75-79,Middle,10.88,8.92,13.27,3196,29376
IN-JH,Jharkhand,Female,Rural,75-79,Secondary,8.16,6.69,9.96,2397,29376
IN-JH,Jharkhand,Female,Rural,75-79,Higher,6.12,5.02,7.47,1797,29376
IN-JH,Jharkhand,Female,Rural,80-84,All,19.19,15.74,23.41,28186,146880
IN-JH,Jharkhand,Female,Rural,80-84,None,26.87,22.03,32.78,7893,29376
IN-JH,Jharkhand,Female,Rural,80-84,Primary,20.15,16.52,24.58,5919,29376
IN-JH,Jharkhand,Female,Rural,80-84,Middle,15.35,12.59,18.73,4509,29376
IN-JH,Jharkhand,Female,Rural,80-84,Secondary,11.52,9.45,14.05,3384,29376
IN-JH,Jharkhand,Female,Rural,80-84,Higher,8.64,7.08,10.54,2538,29376
IN-JH,Jharkhand,Female,Rural,85+,All,26.39,21.64,32.20,38761,146880
IN-JH,Jharkhand,Female,Rural,85+,None,35.00,28.70,42.70,10281,29376
IN-JH,Jharkhand,Female,Rural,85+,Primary,27.71,22.72,33.81,8140,29376
IN-JH,Jharkhand,Female,Rural,85+,Middle,21.11,17.31,25.75,6201,29376
IN-JH,Jharkhand,Female,Rural,85+,Secondary,15.83,12.98,19.31,4650,29376
IN-JH,Jharkhand,Female,Rural,85+,Higher,11.88,9.74,14.49,3489,29376
IN-AS,Assam,Both,All,60+,All,5.50,4.51,6.71,126500,2300000
IN-AS,Assam,Both,All,60+,None,7.70,6.31,9.39,35420,460000
IN-AS,Assam,Both,All,60+,Primary,5.78,4.74,7.05,26588,460000
IN-AS,Assam,Both,All,60+,Middle,4.40,3.61,5.37,20240,460000
IN-AS,Assam,Both,All,60+,Secondary,3.30,2.71,4.03,15180,460000
IN-AS,Assam,Both,All,60+,Higher,2.48,2.03,3.03,11408,460000
IN-AS,Assam,Both,All,60-64,All,2.48,2.03,3.03,10267,414000
IN-AS,Assam,Both,All,60-64,None,3.47,2.85,4.23,2873,82800
IN-AS,Assam,Both,All,60-64,Primary,2.60,2.13,3.17,2152,82800
IN-AS,Assam,Both,All,60-64,Middle,1.98,1.62,2.42,1639,82800
IN-AS,Assam,Both,All,60-64,Secondary,1.49,1.22,1.82,1233,82800
IN-AS,Assam,Both,All,60-64,Higher,1.11,0.91,1.35,919,82800
IN-AS,Assam,Both,All,65-69,All,4.13,3.39,5.04,17098,414000
IN-AS,Assam,Both,All,65-69,None,5.77,4.73,7.04,4777,82800
IN-AS,Assam,Both,All,65-69,Primary,4.33,3.55,5.28,3585,82800
IN-AS,Assam,Both,All,65-69,Middle,3.30,2.71,4.03,2732,82800
IN-AS,Assam,Both,All,65-69,Secondary,2.47,2.03,3.01,2045,82800
IN-AS,Assam,Both,All,65-69,Higher,1.86,1.53,2.27,1540,82800
IN-AS,Assam,Both,All,70-74,All,6.32,5.18,7.71,26164,414000
IN-AS,Assam,Both,All,70-74,None,8.85,7.26,10.80,7327,82800
IN-AS,Assam,Both,All,70-74,Primary,6.64,5.44,8.10,5497,82800
IN-AS,Assam,Both,All,70-74,Middle,5.06,4.15,6.17,4189,82800
IN-AS,Assam,Both,All,70-74,Secondary,3.80,3.12,4.64,3146,82800
IN-AS,Assam,Both,All,70-74,Higher,2.85,2.34,3.48,2359,82800
IN-AS,Assam,Both,All,75-79,All,9.35,7.67,11.41,38709,414000
IN-AS,Assam,Both,All,75-79,None,13.09,10.73,15.97,10838,82800
IN-AS,Assam,Both,All,75-79,Primary,9.82,8.05,11.98,8130,82800
IN-AS,Assam,Both,All,75-79,Middle,7.48,6.13,9.13,6193,82800
IN-AS,Assam,Both,All,75-79,Secondary,5.61,4.60,6.84,4645,82800
IN-AS,Assam,Both,All,75-79,Higher,4.21,3.45,5.14,3485,82800
IN-AS,Assam,Both,All,80-84,All,13.20,10.82,16.10,54648,414000
IN-AS,Assam,Both,All,80-84,None,18.48,15.15,22.55,15301,82800
IN-AS,Assam,Both,All,80-84,Primary,13.86,11.37,16.91,11476,82800
IN-AS,Assam,Both,All,80-84,Middle,10.56,8.66,12.88,8743,82800
IN-AS,Assam,Both,All,80-84,Secondary,7.92,6.49,9.66,6557,82800
IN-AS,Assam,Both,All,80-84,Higher,5.94,4.87,7.25,4918,82800
IN-AS,Assam,Both,All,85+,All,18.15,14.88,22.14,75141,414000
IN-AS,Assam,Both,All,85+,None,25.41,20.84,31.00,21039,82800
IN-AS,Assam,Both,All,85+,Primary,19.06,15.63,23.25,15781,82800
IN-AS,Assam,Both,All,85+,Middle,14.52,11.91,17.71,12022,82800
IN-AS,Assam,Both,All,85+,Secondary,10.89,8.93,13.29,9016,82800
IN-AS,Assam,Both,All,85+,Higher,8.17,6.70,9.97,6764,82800
IN-AS,Assam,Both,Urban,60+,All,4.51,3.70,5.50,33193,736000
IN-AS,Assam,Both,Urban,60+,None,6.31,5.17,7.70,9288,147200
IN-AS,Assam,Both,Urban,60+,Primary,4.74,3.89,5.78,6977,147200
IN-AS,Assam,Both,Urban,60+,Middle,3.61,2.96,4.40,5313,147200
IN-AS,Assam,Both,Urban,60+,Secondary,2.71,2.22,3.31,3989,147200
IN-AS,Assam,Both,Urban,60+,Higher,2.03,1.66,2.48,2988,147200
IN-AS,Assam,Both,Urban,60-64,All,2.03,1.66,2.48,2689,132480
IN-AS,Assam,Both,Urban,60-64,None,2.84,2.33,3.46,752,26496
IN-AS,Assam,Both,Urban,60-64,Primary,2.13,1.75,2.60,564,26496
IN-AS,Assam,Both,Urban,60-64,Middle,1.62,1.33,1.98,429,26496
IN-AS,Assam,Both,Urban,60-64,Secondary,1.22,1.00,1.49,323,26496
IN-AS,Assam,Both,Urban,60-64,Higher,1.00,0.82,1.22,264,26496
IN-AS,Assam,Both,Urban,65-69,All,3.38,2.77,4.12,4477,132480
IN-AS,Assam,Both,Urban,65-69,None,4.74,3.89,5.78,1255,26496
IN-AS,Assam,Both,Urban,65-69,Primary,3.55,2.91,4.33,940,26496
IN-AS,Assam,Both,Urban,65-69,Middle,2.71,2.22,3.31,718,26496
IN-AS,Assam,Both,Urban,65-69,Secondary,2.03,1.66,2.48,537,26496
IN-AS,Assam,Both,Urban,65-69,Higher,1.52,1.25,1.85,402,26496
IN-AS,Assam,Both,Urban,70-74,All,5.19,4.26,6.33,6875,132480
IN-AS,Assam,Both,Urban,70-74,None,7.26,5.95,8.86,1923,26496
IN-AS,Assam,Both,Urban,70-74,Primary,5.45,4.47,6.65,1444,26496
IN-AS,Assam,Both,Urban,70-74,Middle,4.15,3.40,5.06,1099,26496
IN-AS,Assam,Both,Urban,70-74,Secondary,3.11,2.55,3.79,824,26496
IN-AS,Assam,Both,Urban,70-74,Higher,2.33,1.91,2.84,617,26496
IN-AS,Assam,Both,Urban,75-79,All,7.67,6.29,9.36,10161,132480
IN-AS,Assam,Both,Urban,75-79,None,10.73,8.80,13.09,2843,26496
IN-AS,Assam,Both,Urban,75-79,Primary,8.05,6.60,9.82,2132,26496
IN-AS,Assam,Both,Urban,75-79,Middle,6.13,5.03,7.48,1624,26496
IN-AS,Assam,Both,Urban,75-79,Secondary,4.60,3.77,5.61,1218,26496
IN-AS,Assam,Both,Urban,75-79,Higher,3.45,2.83,4.21,914,26496
IN-AS,Assam,Both,Urban,80-84,All,10.82,8.87,13.20,14334,132480
IN-AS,Assam,Both,Urban,80-84,None,15.15,12.42,18.48,4014,26496
IN-AS,Assam,Both,Urban,80-84,Primary,11.37,9.32,13.87,3012,26496
IN-AS,Assam,Both,Urban,80-84,Middle,8.66,7.10,10.57,2294,26496
IN-AS,Assam,Both,Urban,80-84,Secondary,6.49,5.32,7.92,1719,26496
IN-AS,Assam,Both,Urban,80-84,Higher,4.87,3.99,5.94,1290,26496
IN-AS,Assam,Both,Urban,85+,All,14.88,12.20,18.15,19713,132480
IN-AS,Assam,Both,Urban,85+,None,20.84,17.09,25.42,5521,26496
IN-AS,Assam,Both,Urban,85+,Primary,15.63,12.82,19.07,4141,26496
IN-AS,Assam,Both,Urban,85+,Middle,11.91,9.77,14.53,3155,26496
IN-AS,Assam,Both,Urban,85+,Secondary,8.93,7.32,10.89,2366,26496
IN-AS,Assam,Both,Urban,85+,Higher,6.70,5.49,8.17,1775,26496
IN-AS,Assam,Both,Rural,60+,All,6.71,5.50,8.19,104944,1564000
IN-AS,Assam,Both,Rural,60+,None,9.39,7.70,11.46,29371,312800
IN-AS,Assam,Both,Rural,60+,Primary,7.05,5.78,8.60,22052,312800
IN-AS,Assam,Both,Rural,60+,Middle,5.37,4.40,6.55,16797,312800
IN-AS,Assam,Both,Rural,60+,Secondary,4.03,3.30,4.92,12605,312800
IN-AS,Assam,Both,Rural,60+,Higher,3.02,2.48,3.68,9446,312800
IN-AS,Assam,Both,Rural,60-64,All,3.02,2.48,3.68,8501,281520
IN-AS,Assam,Both,Rural,60-64,None,4.23,3.47,5.16,2381,56304
IN-AS,Assam,Both,Rural,60-64,Primary,3.17,2.60,3.87,1784,56304
IN-AS,Assam,Both,Rural,60-64,Middle,2.42,1.98,2.95,1362,56304
IN-AS,Assam,Both,Rural,60-64,Secondary,1.81,1.48,2.21,1019,56304
IN-AS,Assam,Both,Rural,60-64,Higher,1.36,1.12,1.66,765,56304
IN-AS,Assam,Both,Rural,65-69,All,5.03,4.12,6.14,14160,281520
IN-AS,Assam,Both,Rural,65-69,None,7.05,5.78,8.60,3969,56304
IN-AS,Assam,Both,Rural,65-69,Primary,5.28,4.33,6.44,2972,56304
IN-AS,Assam,Both,Rural,65-69,Middle,4.03,3.30,4.92,2269,56304
IN-AS,Assam,Both,Rural,65-69,Secondary,3.02,2.48,3.68,1700,56304
IN-AS,Assam,Both,Rural,65-69,Higher,2.26,1.85,2.76,1272,56304
IN-AS,Assam,Both,Rural,70-74,All,7.72,6.33,9.42,21733,281520
IN-AS,Assam,Both,Rural,70-74,None,10.80,8.86,13.18,6080,56304
IN-AS,Assam,Both,Rural,70-74,Primary,8.10,6.64,9.88,4560,56304
IN-AS,Assam,Both,Rural,70-74,Middle,6.17,5.06,7.53,3473,56304
IN-AS,Assam,Both,Rural,70-74,Secondary,4.63,3.80,5.65,2606,56304
IN-AS,Assam,Both,Rural,70-74,Higher,3.47,2.85,4.23,1953,56304
IN-AS,Assam,Both,Rural,75-79,All,11.41,9.36,13.92,32121,281520
IN-AS,Assam,Both,Rural,75-79,None,15.97,13.10,19.48,8991,56304
IN-AS,Assam,Both,Rural,75-79,Primary,11.98,9.82,14.62,6745,56304
IN-AS,Assam,Both,Rural,75-79,Middle,9.13,7.49,11.14,5140,56304
IN-AS,Assam,Both,Rural,75-79,Secondary,6.84,5.61,8.34,3851,56304
IN-AS,Assam,Both,Rural,75-79,Higher,5.13,4.21,6.26,2888,56304
IN-AS,Assam,Both,Rural,80-84,All,16.10,13.20,19.64,45324,281520
IN-AS,Assam,Both,Rural,80-84,None,22.55,18.49,27.51,12696,56304
IN-AS,Assam,Both,Rural,80-84,Primary,16.91,13.87,20.63,9521,56304
IN-AS,Assam,Both,Rural,80-84,Middle,12.88,10.56,15.71,7251,56304
IN-AS,Assam,Both,Rural,80-84,Secondary,9.66,7.92,11.79,5438,56304
IN-AS,Assam,Both,Rural,80-84,Higher,7.25,5.94,8.85,4082,56304
IN-AS,Assam,Both,Rural,85+,All,22.14,18.15,27.01,62328,281520
IN-AS,Assam,Both,Rural,85+,None,31.00,25.42,37.82,17454,56304
IN-AS,Assam,Both,Rural,85+,Primary,23.25,19.06,28.37,13090,56304
IN-AS,Assam,Both,Rural,85+,Middle,17.71,14.52,21.61,9971,56304
IN-AS,Assam,Both,Rural,85+,Secondary,13.29,10.90,16.21,7482,56304
IN-AS,Assam,Both,Rural,85+,Higher,9.96,8.17,12.15,5607,56304
IN-AS,Assam,Male,All,60+,All,4.68,3.84,5.71,53819,1150000
IN-AS,Assam,Male,All,60+,None,6.55,5.37,7.99,15065,230000
IN-AS,Assam,Male,All,60+,Primary,4.91,4.03,5.99,11293,230000
IN-AS,Assam,Male,All,60+,Middle,3.74,3.07,4.56,8602,230000
IN-AS,Assam,Male,All,60+,Secondary,2.81,2.30,3.43,6463,230000
IN-AS,Assam,Male,All,60+,Higher,2.10,1.72,2.56,4830,230000
IN-AS,Assam,Male,All,60-64,All,2.10,1.72,2.56,4347,207000
IN-AS,Assam,Male,All,60-64,None,2.95,2.42,3.60,1221,41400
IN-AS,Assam,Male,All,60-64,Primary,2.21,1.81,2.70,914,41400
IN-AS,Assam,Male,All,60-64,Middle,1.68,1.38,2.05,695,41400
IN-AS,Assam,Male,All,60-64,Secondary,1.26,1.03,1.54,521,41400
IN-AS,Assam,Male,All,60-64,Higher,1.00,0.82,1.22,414,41400
IN-AS,Assam,Male,All,65-69,All,3.51,2.88,4.28,7265,207000
IN-AS,Assam,Male,All,65-69,None,4.91,4.03,5.99,2032,41400
IN-AS,Assam,Male,All,65-69,Primary,3.68,3.02,4.49,1523,41400
IN-AS,Assam,Male,All,65-69,Middle,2.81,2.30,3.43,1163,41400
IN-AS,Assam,Male,All,65-69,Secondary,2.10,1.72,2.56,869,41400
IN-AS,Assam,Male,All,65-69,Higher,1.58,1.30,1.93,654,41400
IN-AS,Assam,Male,All,70-74,All,5.38,4.41,6.56,11136,207000
IN-AS,Assam,Male,All,70-74,None,7.53,6.17,9.19,3117,41400
IN-AS,Assam,Male,All,70-74,Primary,5.65,4.63,6.89,2339,41400
IN-AS,Assam,Male,All,70-74,Middle,4.30,3.53,5.25,1780,41400
IN-AS,Assam,Male,All,70-74,Secondary,3.23,2.65,3.94,1337,41400
IN-AS,Assam,Male,All,70-74,Higher,2.42,1.98,2.95,1001,41400
IN-AS,Assam,Male,All,75-79,All,7.95,6.52,9.70,16456,207000
IN-AS,Assam,Male,All,75-79,None,11.13,9.13,13.58,4607,41400
IN-AS,Assam,Male,All,75-79,Primary,8.34,6.84,10.17,3452,41400
IN-AS,Assam,Male,All,75-79,Middle,6.36,5.22,7.76,2633,41400
IN-AS,Assam,Male,All,75-79,Secondary,4.77,3.91,5.82,1974,41400
IN-AS,Assam,Male,All,75-79,Higher,3.58,2.94,4.37,1482,41400
IN-AS,Assam,Male,All,80-84,All,11.22,9.20,13.69,23225,207000
IN-AS,Assam,Male,All,80-84,None,15.71,12.88,19.17,6503,41400
IN-AS,Assam,Male,All,80-84,Primary,11.78,9.66,14.37,4876,41400
IN-AS,Assam,Male,All,80-84,Middle,8.98,7.36,10.96,3717,41400
IN-AS,Assam,Male,All,80-84,Secondary,6.73,5.52,8.21,2786,41400
IN-AS,Assam,Male,All,80-84,Higher,5.05,4.14,6.16,2090,41400
IN-AS,Assam,Male,All,85+,All,15.43,12.65,18.82,31940,207000
IN-AS,Assam,Male,All,85+,None,21.60,17.71,26.35,8942,41400
IN-AS,Assam,Male,All,85+,Primary,16.20,13.28,19.76,6706,41400
IN-AS,Assam,Male,All,85+,Middle,12.34,10.12,15.05,5108,41400
IN-AS,Assam,Male,All,85+,Secondary,9.26,7.59,11.30,3833,41400
IN-AS,Assam,Male,All,85+,Higher,6.94,5.69,8.47,2873,41400
IN-AS,Assam,Male,Urban,60+,All,3.83,3.14,4.67,14094,368000
IN-AS,Assam,Male,Urban,60+,None,5.37,4.40,6.55,3952,73600
IN-AS,Assam,Male,Urban,60+,Primary,4.03,3.30,4.92,2966,73600
IN-AS,Assam,Male,Urban,60+,Middle,3.07,2.52,3.75,2259,73600
IN-AS,Assam,Male,Urban,60+,Secondary,2.30,1.89,2.81,1692,73600
IN-AS,Assam,Male,Urban,60+,Higher,1.73,1.42,2.11,1273,73600
IN-AS,Assam,Male,Urban,60-64,All,1.73,1.42,2.11,1145,66240
IN-AS,Assam,Male,Urban,60-64,None,2.42,1.98,2.95,320,13248
IN-AS,Assam,Male,Urban,60-64,Primary,1.81,1.48,2.21,239,13248
IN-AS,Assam,Male,Urban,60-64,Middle,1.38,1.13,1.68,182,13248
IN-AS,Assam,Male,Urban,60-64,Secondary,1.04,0.85,1.27,137,13248
IN-AS,Assam,Male,Urban,60-64,Higher,1.00,0.82,1.22,132,13248
IN-AS,Assam,Male,Urban,65-69,All,2.88,2.36,3.51,1907,66240
IN-AS,Assam,Male,Urban,65-69,None,4.03,3.30,4.92,533,13248
IN-AS,Assam,Male,Urban,65-69,Primary,3.02,2.48,3.68,400,13248
IN-AS,Assam,Male,Urban,65-69,Middle,2.30,1.89,2.81,304,13248
IN-AS,Assam,Male,Urban,65-69,Secondary,1.73,1.42,2.11,229,13248
IN-AS,Assam,Male,Urban,65-69,Higher,1.29,1.06,1.57,170,13248
IN-AS,Assam,Male,Urban,70-74,All,4.41,3.62,5.38,2921,66240
IN-AS,Assam,Male,Urban,70-74,None,6.17,5.06,7.53,817,13248
IN-AS,Assam,Male,Urban,70-74,Primary,4.63,3.80,5.65,613,13248
IN-AS,Assam,Male,Urban,70-74,Middle,3.53,2.89,4.31,467,13248
IN-AS,Assam,Male,Urban,70-74,Secondary,2.65,2.17,3.23,351,13248
IN-AS,Assam,Male,Urban,70-74,Higher,1.98,1.62,2.42,262,13248
IN-AS,Assam,Male,Urban,75-79,All,6.52,5.35,7.95,4318,66240
IN-AS,Assam,Male,Urban,75-79,None,9.12,7.48,11.13,1208,13248
IN-AS,Assam,Male,Urban,75-79,Primary,6.84,5.61,8.34,906,13248
IN-AS,Assam,Male,Urban,75-79,Middle,5.21,4.27,6.36,690,13248
IN-AS,Assam,Male,Urban,75-79,Secondary,3.91,3.21,4.77,517,13248
IN-AS,Assam,Male,Urban,75-79,Higher,2.93,2.40,3.57,388,13248
IN-AS,Assam,Male,Urban,80-84,All,9.20,7.54,11.22,6094,66240
IN-AS,Assam,Male,Urban,80-84,None,12.88,10.56,15.71,1706,13248
IN-AS,Assam,Male,Urban,80-84,Primary,9.66,7.92,11.79,1279,13248
IN-AS,Assam,Male,Urban,80-84,Middle,7.36,6.04,8.98,975,13248
IN-AS,Assam,Male,Urban,80-84,Secondary,5.52,4.53,6.73,731,13248
IN-AS,Assam,Male,Urban,80-84,Higher,4.14,3.39,5.05,548,13248
IN-AS,Assam,Male,Urban,85+,All,12.65,10.37,15.43,8379,66240
IN-AS,Assam,Male,Urban,85+,None,17.71,14.52,21.61,2346,13248
IN-AS,Assam,Male,Urban,85+,Primary,13.28,10.89,16.20,1759,13248
IN-AS,Assam,Male,Urban,85+,Middle,10.12,8.30,12.35,1340,13248
IN-AS,Assam,Male,Urban,85+,Secondary,7.59,6.22,9.26,1005,13248
IN-AS,Assam,Male,Urban,85+,Higher,5.69,4.67,6.94,753,13248
IN-AS,Assam,Male,Rural,60+,All,5.70,4.67,6.95,44574,782000
IN-AS,Assam,Male,Rural,60+,None,7.98,6.54,9.74,12480,156400
IN-AS,Assam,Male,Rural,60+,Primary,5.99,4.91,7.31,9368,156400
IN-AS,Assam,Male,Rural,60+,Middle,4.56,3.74,5.56,7131,156400
IN-AS,Assam,Male,Rural,60+,Secondary,3.42,2.80,4.17,5348,156400
IN-AS,Assam,Male,Rural,60+,Higher,2.57,2.11,3.14,4019,156400
IN-AS,Assam,Male,Rural,60-64,All,2.57,2.11,3.14,3617,140760
IN-AS,Assam,Male,Rural,60-64,None,3.59,2.94,4.38,1010,28152
IN-AS,Assam,Male,Rural,60-64,Primary,2.69,2.21,3.28,757,28152
IN-AS,Assam,Male,Rural,60-64,Middle,2.05,1.68,2.50,577,28152
IN-AS,Assam,Male,Rural,60-64,Secondary,1.54,1.26,1.88,433,28152
IN-AS,Assam,Male,Rural,60-64,Higher,1.15,0.94,1.40,323,28152
IN-AS,Assam,Male,Rural,65-69,All,4.28,3.51,5.22,6024,140760
IN-AS,Assam,Male,Rural,65-69,None,5.99,4.91,7.31,1686,28152
IN-AS,Assam,Male,Rural,65-69,Primary,4.49,3.68,5.48,1264,28152
IN-AS,Assam,Male,Rural,65-69,Middle,3.42,2.80,4.17,962,28152
IN-AS,Assam,Male,Rural,65-69,Secondary,2.57,2.11,3.14,723,28152
IN-AS,Assam,Male,Rural,65-69,Higher,1.92,1.57,2.34,540,28152
IN-AS,Assam,Male,Rural,70-74,All,6.56,5.38,8.00,9233,140760
IN-AS,Assam,Male,Rural,70-74,None,9.18,7.53,11.20,2584,28152
IN-AS,Assam,Male,Rural,70-74,Primary,6.89,5.65,8.41,1939,28152
IN-AS,Assam,Male,Rural,70-74,Middle,5.25,4.31,6.41,1477,28152
IN-AS,Assam,Male,Rural,70-74,Secondary,3.94,3.23,4.81,1109,28152
IN-AS,Assam,Male,Rural,70-74,Higher,2.95,2.42,3.60,830,28152
IN-AS,Assam,Male,Rural,75-79,All,9.70,7.95,11.83,13653,140760
IN-AS,Assam,Male,Rural,75-79,None,13.57,11.13,16.56,3820,28152
IN-AS,Assam,Male,Rural,75-79,Primary,10.18,8.35,12.42,2865,28152
IN-AS,Assam,Male,Rural,75-79,Middle,7.76,6.36,9.47,2184,28152
IN-AS,Assam,Male,Rural,75-79,Secondary,5.82,4.77,7.10,1638,28152
IN-AS,Assam,Male,Rural,75-79,Higher,4.36,3.58,5.32,1227,28152
IN-AS,Assam,Male,Rural,80-84,All,13.69,11.23,16.70,19270,140760
IN-AS,Assam,Male,Rural,80-84,None,19.16,15.71,23.38,5393,28152
IN-AS,Assam,Male,Rural,80-84,Primary,14.37,11.78,17.53,4045,28152
IN-AS,Assam,Male,Rural,80-84,Middle,10.95,8.98,13.36,3082,28152
IN-AS,Assam,Male,Rural,80-84,Secondary,8.21,6.73,10.02,2311,28152
IN-AS,Assam,Male,Rural,80-84,Higher,6.16,5.05,7.52,1734,28152
IN-AS,Assam,Male,Rural,85+,All,18.82,15.43,22.96,26491,140760
IN-AS,Assam,Male,Rural,85+,None,26.35,21.61,32.15,7418,28152
IN-AS,Assam,Male,Rural,85+,Primary,19.76,16.20,24.11,5562,28152
IN-AS,Assam,Male,Rural,85+,Middle,15.06,12.35,18.37,4239,28152
IN-AS,Assam,Male,Rural,85+,Secondary,11.29,9.26,13.77,3178,28152
IN-AS,Assam,Male,Rural,85+,Higher,8.47,6.95,10.33,2384,28152
IN-AS,Assam,Female,All,60+,All,6.32,5.18,7.71,72680,1150000
IN-AS,Assam,Female,All,60+,None,8.85,7.26,10.80,20355,230000
IN-AS,Assam,Female,All,60+,Primary,6.64,5.44,8.10,15272,230000
IN-AS,Assam,Female,All,60+,Middle,5.06,4.15,6.17,11638,230000
IN-AS,Assam,Female,All,60+,Secondary,3.80,3.12,4.64,8740,230000
IN-AS,Assam,Female,All,60+,Higher,2.85,2.34,3.48,6555,230000
IN-AS,Assam,Female,All,60-64,All,2.85,2.34,3.48,5899,207000
IN-AS,Assam,Female,All,60-64,None,3.98,3.26,4.86,1647,41400
IN-AS,Assam,Female,All,60-64,Primary,2.99,2.45,3.65,1237,41400
IN-AS,Assam,Female,All,60-64,Middle,2.28,1.87,2.78,943,41400
IN-AS,Assam,Female,All,60-64,Secondary,1.71,1.40,2.09,707,41400
IN-AS,Assam,Female,All,60-64,Higher,1.28,1.05,1.56,529,41400
IN-AS,Assam,Female,All,65-69,All,4.74,3.89,5.78,9811,207000
IN-AS,Assam,Female,All,65-69,None,6.64,5.44,8.10,2748,41400
IN-AS,Assam,Female,All,65-69,Primary,4.98,4.08,6.08,2061,41400
IN-AS,Assam,Female,All,65-69,Middle,3.80,3.12,4.64,1573,41400
IN-AS,Assam,Female,All,65-69,Secondary,2.85,2.34,3.48,1179,41400
IN-AS,Assam,Female,All,65-69,Higher,2.13,1.75,2.60,881,41400
IN-AS,Assam,Female,All,70-74,All,7.27,5.96,8.87,15048,207000
IN-AS,Assam,Female,All,70-74,None,10.18,8.35,12.42,4214,41400
IN-AS,Assam,Female,All,70-74,Primary,7.64,6.26,9.32,3162,41400
IN-AS,Assam,Female,All,70-74,Middle,5.82,4.77,7.10,2409,41400
IN-AS,Assam,Female,All,70-74,Secondary,4.36,3.58,5.32,1805,41400
IN-AS,Assam,Female,All,70-74,Higher,3.27,2.68,3.99,1353,41400
IN-AS,Assam,Female,All,75-79,All,10.75,8.82,13.12,22252,207000
IN-AS,Assam,Female,All,75-79,None,15.05,12.34,18.36,6230,41400
IN-AS,Assam,Female,All,75-79,Primary,11.29,9.26,13.77,4674,41400
IN-AS,Assam,Female,All,75-79,Middle,8.60,7.05,10.49,3560,41400
IN-AS,Assam,Female,All,75-79,Secondary,6.45,5.29,7.87,2670,41400
IN-AS,Assam,Female,All,75-79,Higher,4.84,3.97,5.90,2003,41400
IN-AS,Assam,Female,All,80-84,All,15.18,12.45,18.52,31422,207000
IN-AS,Assam,Female,All,80-84,None,21.25,17.43,25.93,8797,41400
IN-AS,Assam,Female,All,80-84,Primary,15.94,13.07,19.45,6599,41400
IN-AS,Assam,Female,All,80-84,Middle,12.14,9.95,14.81,5025,41400
IN-AS,Assam,Female,All,80-84,Secondary,9.11,7.47,11.11,3771,41400
IN-AS,Assam,Female,All,80-84,Higher,6.83,5.60,8.33,2827,41400
IN-AS,Assam,Female,All,85+,All,20.87,17.11,25.46,43200,207000
IN-AS,Assam,Female,All,85+,None,29.22,23.96,35.65,12097,41400
IN-AS,Assam,Female,All,85+,Primary,21.92,17.97,26.74,9074,41400
IN-AS,Assam,Female,All,85+,Middle,16.70,13.69,20.37,6913,41400
IN-AS,Assam,Female,All,85+,Secondary,12.52,10.27,15.27,5183,41400
IN-AS,Assam,Female,All,85+,Higher,9.39,7.70,11.46,3887,41400
IN-AS,Assam,Female,Urban,60+,All,5.19,4.26,6.33,19099,368000
IN-AS,Assam,Female,Urban,60+,None,7.26,5.95,8.86,5343,73600
IN-AS,Assam,Female,Urban,60+,Primary,5.45,4.47,6.65,4011,73600
IN-AS,Assam,Female,Urban,60+,Middle,4.15,3.40,5.06,3054,73600
IN-AS,Assam,Female,Urban,60+,Secondary,3.11,2.55,3.79,2288,73600
IN-AS,Assam,Female,Urban,60+,Higher,2.33,1.91,2.84,1714,73600
IN-AS,Assam,Female,Urban,60-64,All,2.33,1.91,2.84,1543,66240
IN-AS,Assam,Female,Urban,60-64,None,3.27,2.68,3.99,433,13248
IN-AS,Assam,Female,Urban,60-64,Primary,2.45,2.01,2.99,324,13248
IN-AS,Assam,Female,Urban,60-64,Middle,1.87,1.53,2.28,247,13248
IN-AS,Assam,Female,Urban,60-64,Secondary,1.40,1.15,1.71,185,13248
IN-AS,Assam,Female,Urban,60-64,Higher,1.05,0.86,1.28,139,13248
IN-AS,Assam,Female,Urban,65-69,All,3.89,3.19,4.75,2576,66240
IN-AS,Assam,Female,Urban,65-69,None,5.45,4.47,6.65,722,13248
IN-AS,Assam,Female,Urban,65-69,Primary,4.08,3.35,4.98,540,13248
IN-AS,Assam,Female,Urban,65-69,Middle,3.11,2.55,3.79,412,13248
IN-AS,Assam,Female,Urban,65-69,Secondary,2.33,1.91,2.84,308,13248
IN-AS,Assam,Female,Urban,65-69,Higher,1.75,1.43,2.13,231,13248
IN-AS,Assam,Female,Urban,70-74,All,5.96,4.89,7.27,3947,66240
IN-AS,Assam,Female,Urban,70-74,None,8.35,6.85,10.19,1106,13248
IN-AS,Assam,Female,Urban,70-74,Primary,6.26,5.13,7.64,829,13248
IN-AS,Assam,Female,Urban,70-74,Middle,4.77,3.91,5.82,631,13248
IN-AS,Assam,Female,Urban,70-74,Secondary,3.58,2.94,4.37,474,13248
IN-AS,Assam,Female,Urban,70-74,Higher,2.68,2.20,3.27,355,13248
IN-AS,Assam,Female,Urban,75-79,All,8.82,7.23,10.76,5842,66240
IN-AS,Assam,Female,Urban,75-79,None,12.34,10.12,15.05,1634,13248
IN-AS,Assam,Female,Urban,75-79,Primary,9.26,7.59,11.30,1226,13248
IN-AS,Assam,Female,Urban,75-79,Middle,7.05,5.78,8.60,933,13248
IN-AS,Assam,Female,Urban,75-79,Secondary,5.29,4.34,6.45,700,13248
IN-AS,Assam,Female,Urban,75-79,Higher,3.97,3.26,4.84,525,13248
IN-AS,Assam,Female,Urban,80-84,All,12.45,10.21,15.19,8246,66240
IN-AS,Assam,Female,Urban,80-84,None,17.43,14.29,21.26,2309,13248
IN-AS,Assam,Female,Urban,80-84,Primary,13.07,10.72,15.95,1731,13248
IN-AS,Assam,Female,Urban,80-84,Middle,9.96,8.17,12.15,1319,13248
IN-AS,Assam,Female,Urban,80-84,Secondary,7.47,6.13,9.11,989,13248
IN-AS,Assam,Female,Urban,80-84,Higher,5.60,4.59,6.83,741,13248
IN-AS,Assam,Female,Urban,85+,All,17.12,14.04,20.89,11340,66240
IN-AS,Assam,Female,Urban,85+,None,23.96,19.65,29.23,3174,13248
IN-AS,Assam,Female,Urban,85+,Primary,17.97,14.74,21.92,2380,13248
IN-AS,Assam,Female,Urban,85+,Middle,13.69,11.23,16.70,1813,13248
IN-AS,Assam,Female,Urban,85+,Secondary,10.27,8.42,12.53,1360,13248
IN-AS,Assam,Female,Urban,85+,Higher,7.70,6.31,9.39,1020,13248
IN-AS,Assam,Female,Rural,60+,All,7.72,6.33,9.42,60370,782000
IN-AS,Assam,Female,Rural,60+,None,10.80,8.86,13.18,16891,156400
IN-AS,Assam,Female,Rural,60+,Primary,8.10,6.64,9.88,12668,156400
IN-AS,Assam,Female,Rural,60+,Middle,6.17,5.06,7.53,9649,156400
IN-AS,Assam,Female,Rural,60+,Secondary,4.63,3.80,5.65,7241,156400
IN-AS,Assam,Female,Rural,60+,Higher,3.47,2.85,4.23,5427,156400
IN-AS,Assam,Female,Rural,60-64,All,3.47,2.85,4.23,4884,140760
IN-AS,Assam,Female,Rural,60-64,None,4.86,3.99,5.93,1368,28152
IN-AS,Assam,Female,Rural,60-64,Primary,3.65,2.99,4.45,1027,28152
IN-AS,Assam,Female,Rural,60-64,Middle,2.78,2.28,3.39,782,28152
IN-AS,Assam,Female,Rural,60-64,Secondary,2.08,1.71,2.54,585,28152
IN-AS,Assam,Female,Rural,60-64,Higher,1.56,1.28,1.90,439,28152
IN-AS,Assam,Female,Rural,65-69,All,5.79,4.75,7.06,8150,140760
IN-AS,Assam,Female,Rural,65-69,None,8.10,6.64,9.88,2280,28152
IN-AS,Assam,Female,Rural,65-69,Primary,6.08,4.99,7.42,1711,28152
IN-AS,Assam,Female,Rural,65-69,Middle,4.63,3.80,5.65,1303,28152
IN-AS,Assam,Female,Rural,65-69,Secondary,3.47,2.85,4.23,976,28152
IN-AS,Assam,Female,Rural,65-69,Higher,2.60,2.13,3.17,731,28152
IN-AS,Assam,Female,Rural,70-74,All,8.87,7.27,10.82,12485,140760
IN-AS,Assam,Female,Rural,70-74,None,12.42,10.18,15.15,3496,28152
IN-AS,Assam,Female,Rural,70-74,Primary,9.32,7.64,11.37,2623,28152
IN-AS,Assam,Female,Rural,70-74,Middle,7.10,5.82,8.66,1998,28152
IN-AS,Assam,Female,Rural,70-74,Secondary,5.32,4.36,6.49,1497,28152
IN-AS,Assam,Female,Rural,70-74,Higher,3.99,3.27,4.87,1123,28152
IN-AS,Assam,Female,Rural,75-79,All,13.12,10.76,16.01,18467,140760
IN-AS,Assam,Female,Rural,75-79,None,18.37,15.06,22.41,5171,28152
IN-AS,Assam,Female,Rural,75-79,Primary,13.77,11.29,16.80,3876,28152
IN-AS,Assam,Female,Rural,75-79,Middle,10.49,8.60,12.80,2953,28152
IN-AS,Assam,Female,Rural,75-79,Secondary,7.87,6.45,9.60,2215,28152
IN-AS,Assam,Female,Rural,75-79,Higher,5.90,4.84,7.20,1660,28152
IN-AS,Assam,Female,Rural,80-84,All,18.52,15.19,22.59,26068,140760
IN-AS,Assam,Female,Rural,80-84,None,25.93,21.26,31.63,7299,28152
IN-AS,Assam,Female,Rural,80-84,Primary,19.45,15.95,23.73,5475,28152
IN-AS,Assam,Female,Rural,80-84,Middle,14.82,12.15,18.08,4172,28152
IN-AS,Assam,Female,Rural,80-84,Secondary,11.11,9.11,13.55,3127,28152
IN-AS,Assam,Female,Rural,80-84,Higher,8.33,6.83,10.16,2345,28152
IN-AS,Assam,Female,Rural,85+,All,25.46,20.88,31.06,35837,140760
IN-AS,Assam,Female,Rural,85+,None,35.00,28.70,42.70,9853,28152
IN-AS,Assam,Female,Rural,85+,Primary,26.74,21.93,32.62,7527,28152
IN-AS,Assam,Female,Rural,85+,Middle,20.37,16.70,24.85,5734,28152
IN-AS,Assam,Female,Rural,85+,Secondary,15.28,12.53,18.64,4301,28152
IN-AS,Assam,Female,Rural,85+,Higher,11.46,9.40,13.98,3226,28152
IN-BR,Bihar,Both,All,60+,All,5.20,4.26,6.34,462800,8900000
IN-BR,Bihar,Both,All,60+,None,7.28,5.97,8.88,129584,1780000
IN-BR,Bihar,Both,All,60+,Primary,5.46,4.48,6.66,97188,1780000
IN-BR,Bihar,Both,All,60+,Middle,4.16,3.41,5.08,74048,1780000
IN-BR,Bihar,Both,All,60+,Secondary,3.12,2.56,3.81,55536,1780000
IN-BR,Bihar,Both,All,60+,Higher,2.34,1.92,2.85,41651,1780000
IN-BR,Bihar,Both,All,60-64,All,2.34,1.92,2.85,37486,1602000
IN-BR,Bihar,Both,All,60-64,None,3.28,2.69,4.00,10509,320400
IN-BR,Bihar,Both,All,60-64,Primary,2.46,2.02,3.00,7881,320400
IN-BR,Bihar,Both,All,60-64,Middle,1.87,1.53,2.28,5991,320400
IN-BR,Bihar,Both,All,60-64,Secondary,1.40,1.15,1.71,4485,320400
IN-BR,Bihar,Both,All,60-64,Higher,1.05,0.86,1.28,3364,320400
IN-BR,Bihar,Both,All,65-69,All,3.90,3.20,4.76,62478,1602000
IN-BR,Bihar,Both,All,65-69,None,5.46,4.48,6.66,17493,320400
IN-BR,Bihar,Both,All,65-69,Primary,4.10,3.36,5.00,13136,320400
IN-BR,Bihar,Both,All,65-69,Middle,3.12,2.56,3.81,9996,320400
IN-BR,Bihar,Both,All,65-69,Secondary,2.34,1.92,2.85,7497,320400
IN-BR,Bihar,Both,All,65-69,Higher,1.76,1.44,2.15,5639,320400
IN-BR,Bihar,Both,All,70-74,All,5.98,4.90,7.30,95799,1602000
IN-BR,Bihar,Both,All,70-74,None,8.37,6.86,10.21,26817,320400
IN-BR,Bihar,Both,All,70-74,Primary,6.28,5.15,7.66,20121,320400
IN-BR,Bihar,Both,All,70-74,Middle,4.78,3.92,5.83,15315,320400
IN-BR,Bihar,Both,All,70-74,Secondary,3.59,2.94,4.38,11502,320400
IN-BR,Bihar,Both,All,70-74,Higher,2.69,2.21,3.28,8618,320400
IN-BR,Bihar,Both,All,75-79,All,8.84,7.25,10.78,141616,1602000
IN-BR,Bihar,Both,All,75-79,None,12.38,10.15,15.10,39665,320400
IN-BR,Bihar,Both,All,75-79,Primary,9.28,7.61,11.32,29733,320400
IN-BR,Bihar,Both,All,75-79,Middle,7.07,5.80,8.63,22652,320400
IN-BR,Bihar,Both,All,75-79,Secondary,5.30,4.35,6.47,16981,320400
IN-BR,Bihar,Both,All,75-79,Higher,3.98,3.26,4.86,12751,320400
IN-BR,Bihar,Both,All,80-84,All,12.48,10.23,15.23,199929,1602000
IN-BR,Bihar,Both,All,80-84,None,17.47,14.33,21.31,55973,320400
IN-BR,Bihar,Both,All,80-84,Primary,13.10,10.74,15.98,41972,320400
IN-BR,Bihar,Both,All,80-84,Middle,9.98,8.18,12.18,31975,320400
IN-BR,Bihar,Both,All,80-84,Secondary,7.49,6.14,9.14,23997,320400
IN-BR,Bihar,Both,All,80-84,Higher,5.62,4.61,6.86,18006,320400
IN-BR,Bihar,Both,All,85+,All,17.16,14.07,20.94,274903,1602000
IN-BR,Bihar,Both,All,85+,None,24.02,19.70,29.30,76960,320400
IN-BR,Bihar,Both,All,85+,Primary,18.02,14.78,21.98,57736,320400
IN-BR,Bihar,Both,All,85+,Middle,13.73,11.26,16.75,43990,320400
IN-BR,Bihar,Both,All,85+,Secondary,10.30,8.45,12.57,33001,320400
IN-BR,Bihar,Both,All,85+,Higher,7.72,6.33,9.42,24734,320400
IN-BR,Bihar,Both,Urban,60+,All,4.26,3.49,5.20,121324,2848000
IN-BR,Bihar,Both,Urban,60+,None,5.97,4.90,7.28,34005,569600
IN-BR,Bihar,Both,Urban,60+,Primary,4.48,3.67,5.47,25518,569600
IN-BR,Bihar,Both,Urban,60+,Middle,3.41,2.80,4.16,19423,569600
IN-BR,Bihar,Both,Urban,60+,Secondary,2.56,2.10,3.12,14581,569600
IN-BR,Bihar,Both,Urban,60+,Higher,1.92,1.57,2.34,10936,569600
IN-BR,Bihar,Both,Urban,60-64,All,1.92,1.57,2.34,9842,512640
IN-BR,Bihar,Both,Urban,60-64,None,2.69,2.21,3.28,2758,102528
IN-BR,Bihar,Both,Urban,60-64,Primary,2.01,1.65,2.45,2060,102528
IN-BR,Bihar,Both,Urban,60-64,Middle,1.54,1.26,1.88,1578,102528
IN-BR,Bihar,Both,Urban,60-64,Secondary,1.15,0.94,1.40,1179,102528
IN-BR,Bihar,Both,Urban,60-64,Higher,1.00,0.82,1.22,1025,102528
IN-BR,Bihar,Both,Urban,65-69,All,3.20,2.62,3.90,16404,512640
IN-BR,Bihar,Both,Urban,65-69,None,4.48,3.67,5.47,4593,102528
IN-BR,Bihar,Both,Urban,65-69,Primary,3.36,2.76,4.10,3444,102528
IN-BR,Bihar,Both,Urban,65-69,Middle,2.56,2.10,3.12,2624,102528
IN-BR,Bihar,Both,Urban,65-69,Secondary,1.92,1.57,2.34,1968,102528
IN-BR,Bihar,Both,Urban,65-69,Higher,1.44,1.18,1.76,1476,102528
IN-BR,Bihar,Both,Urban,70-74,All,4.90,4.02,5.98,25119,512640
IN-BR,Bihar,Both,Urban,70-74,None,6.87,5.63,8.38,7043,102528
IN-BR,Bihar,Both,Urban,70-74,Primary,5.15,4.22,6.28,5280,102528
IN-BR,Bihar,Both,Urban,70-74,Middle,3.92,3.21,4.78,4019,102528
IN-BR,Bihar,Both,Urban,70-74,Secondary,2.94,2.41,3.59,3014,102528
IN-BR,Bihar,Both,Urban,70-74,Higher,2.21,1.81,2.70,2265,102528
IN-BR,Bihar,Both,Urban,75-79,All,7.25,5.94,8.85,37166,512640
IN-BR,Bihar,Both,Urban,75-79,None,10.15,8.32,12.38,10406,102528
IN-BR,Bihar,Both,Urban,75-79,Primary,7.61,6.24,9.28,7802,102528
IN-BR,Bihar,Both,Urban,75-79,Middle,5.80,4.76,7.08,5946,102528
IN-BR,Bihar,Both,Urban,75-79,Secondary,4.35,3.57,5.31,4459,102528
IN-BR,Bihar,Both,Urban,75-79,Higher,3.26,2.67,3.98,3342,102528
IN-BR,Bihar,Both,Urban,80-84,All,10.23,8.39,12.48,52443,512640
IN-BR,Bihar,Both,Urban,80-84,None,14.33,11.75,17.48,14692,102528
IN-BR,Bihar,Both,Urban,80-84,Primary,10.75,8.82,13.12,11021,102528
IN-BR,Bihar,Both,Urban,80-84,Middle,8.19,6.72,9.99,8397,102528
IN-BR,Bihar,Both,Urban,80-84,Secondary,6.14,5.03,7.49,6295,102528
IN-BR,Bihar,Both,Urban,80-84,Higher,4.61,3.78,5.62,4726,102528
IN-BR,Bihar,Both,Urban,85+,All,14.07,11.54,17.17,72128,512640
IN-BR,Bihar,Both,Urban,85+,None,19.70,16.15,24.03,20198,102528
IN-BR,Bihar,Both,Urban,85+,Primary,14.77,12.11,18.02,15143,102528
IN-BR,Bihar,Both,Urban,85+,Middle,11.26,9.23,13.74,11544,102528
IN-BR,Bihar,Both,Urban,85+,Secondary,8.44,6.92,10.30,8653,102528
IN-BR,Bihar,Both,Urban,85+,Higher,6.33,5.19,7.72,6490,102528
IN-BR,Bihar,Both,Rural,60+,All,6.34,5.20,7.73,383696,6052000
IN-BR,Bihar,Both,Rural,60+,None,8.88,7.28,10.83,107483,1210400
IN-BR,Bihar,Both,Rural,60+,Primary,6.66,5.46,8.13,80612,1210400
IN-BR,Bihar,Both,Rural,60+,Middle,5.08,4.17,6.20,61488,1210400
IN-BR,Bihar,Both,Rural,60+,Secondary,3.81,3.12,4.65,46116,1210400
IN-BR,Bihar,Both,Rural,60+,Higher,2.85,2.34,3.48,34496,1210400
IN-BR,Bihar,Both,Rural,60-64,All,2.85,2.34,3.48,31046,1089360
IN-BR,Bihar,Both,Rural,60-64,None,4.00,3.28,4.88,8714,217872
IN-BR,Bihar,Both,Rural,60-64,Primary,3.00,2.46,3.66,6536,217872
IN-BR,Bihar,Both,Rural,60-64,Middle,2.28,1.87,2.78,4967,217872
IN-BR,Bihar,Both,Rural,60-64,Secondary,1.71,1.40,2.09,3725,217872
IN-BR,Bihar,Both,Rural,60-64,Higher,1.28,1.05,1.56,2788,217872
IN-BR,Bihar,Both,Rural,65-69,All,4.76,3.90,5.81,51853,1089360
IN-BR,Bihar,Both,Rural,65-69,None,6.66,5.46,8.13,14510,217872
IN-BR,Bihar,Both,Rural,65-69,Primary,5.00,4.10,6.10,10893,217872
IN-BR,Bihar,Both,Rural,65-69,Middle,3.81,3.12,4.65,8300,217872
IN-BR,Bihar,Both,Rural,65-69,Secondary,2.85,2.34,3.48,6209,217872
IN-BR,Bihar,Both,Rural,65-69,Higher,2.14,1.75,2.61,4662,217872
IN-BR,Bihar,Both,Rural,70-74,All,7.30,5.99,8.91,79523,1089360
IN-BR,Bihar,Both,Rural,70-74,None,10.21,8.37,12.46,22244,217872
IN-BR,Bihar,Both,Rural,70-74,Primary,7.66,6.28,9.35,16688,217872
IN-BR,Bihar,Both,Rural,70-74,Middle,5.84,4.79,7.12,12723,217872
IN-BR,Bihar,Both,Rural,70-74,Secondary,4.38,3.59,5.34,9542,217872
IN-BR,Bihar,Both,Rural,70-74,Higher,3.28,2.69,4.00,7146,217872
IN-BR,Bihar,Both,Rural,75-79,All,10.78,8.84,13.15,117433,1089360
IN-BR,Bihar,Both,Rural,75-79,None,15.10,12.38,18.42,32898,217872
IN-BR,Bihar,Both,Rural,75-79,Primary,11.32,9.28,13.81,24663,217872
IN-BR,Bihar,Both,Rural,75-79,Middle,8.63,7.08,10.53,18802,217872
IN-BR,Bihar,Both,Rural,75-79,Secondary,6.47,5.31,7.89,14096,217872
IN-BR,Bihar,Both,Rural,75-79,Higher,4.85,3.98,5.92,10566,217872
IN-BR,Bihar,Both,Rural,80-84,All,15.23,12.49,18.58,165909,1089360
IN-BR,Bihar,Both,Rural,80-84,None,21.32,17.48,26.01,46450,217872
IN-BR,Bihar,Both,Rural,80-84,Primary,15.99,13.11,19.51,34837,217872
IN-BR,Bihar,Both,Rural,80-84,Middle,12.18,9.99,14.86,26536,217872
IN-BR,Bihar,Both,Rural,80-84,Secondary,9.14,7.49,11.15,19913,217872
IN-BR,Bihar,Both,Rural,80-84,Higher,6.85,5.62,8.36,14924,217872
IN-BR,Bihar,Both,Rural,85+,All,20.94,17.17,25.55,228111,1089360
IN-BR,Bihar,Both,Rural,85+,None,29.31,24.03,35.76,63858,217872
IN-BR,Bihar,Both,Rural,85+,Primary,21.98,18.02,26.82,47888,217872
IN-BR,Bihar,Both,Rural,85+,Middle,16.75,13.74,20.43,36493,217872
IN-BR,Bihar,Both,Rural,85+,Secondary,12.56,10.30,15.32,27364,217872
IN-BR,Bihar,Both,Rural,85+,Higher,9.42,7.72,11.49,20523,217872
IN-BR,Bihar,Male,All,60+,All,4.42,3.62,5.39,196689,4450000
IN-BR,Bihar,Male,All,60+,None,6.19,5.08,7.55,55091,890000
IN-BR,Bihar,Male,All,60+,Primary,4.64,3.80,5.66,41296,890000
IN-BR,Bihar,Male,All,60+,Middle,3.54,2.90,4.32,31506,890000
IN-BR,Bihar,Male,All,60+,Secondary,2.65,2.17,3.23,23585,890000
IN-BR,Bihar,Male,All,60+,Higher,1.99,1.63,2.43,17711,890000
IN-BR,Bihar,Male,All,60-64,All,1.99,1.63,2.43,15939,801000
IN-BR,Bihar,Male,All,60-64,None,2.78,2.28,3.39,4453,160200
IN-BR,Bihar,Male,All,60-64,Primary,2.09,1.71,2.55,3348,160200
IN-BR,Bihar,Male,All,60-64,Middle,1.59,1.30,1.94,2547,160200
IN-BR,Bihar,Male,All,60-64,Secondary,1.19,0.98,1.45,1906,160200
IN-BR,Bihar,Male,All,60-64,Higher,1.00,0.82,1.22,1602,160200
IN-BR,Bihar,Male,All,65-69,All,3.32,2.72,4.05,26593,801000
IN-BR,Bihar,Male,All,65-69,None,4.64,3.80,5.66,7433,160200
IN-BR,Bihar,Male,All,65-69,Primary,3.48,2.85,4.25,5574,160200
IN-BR,Bihar,Male,All,65-69,Middle,2.65,2.17,3.23,4245,160200
IN-BR,Bihar,Male,All,65-69,Secondary,1.99,1.63,2.43,3187,160200
IN-BR,Bihar,Male,All,65-69,Higher,1.49,1.22,1.82,2386,160200
IN-BR,Bihar,Male,All,70-74,All,5.08,4.17,6.20,40690,801000
IN-BR,Bihar,Male,All,70-74,None,7.12,5.84,8.69,11406,160200
IN-BR,Bihar,Male,All,70-74,Primary,5.34,4.38,6.51,8554,160200
IN-BR,Bihar,Male,All,70-74,Middle,4.07,3.34,4.97,6520,160200
IN-BR,Bihar,Male,All,70-74,Secondary,3.05,2.50,3.72,4886,160200
IN-BR,Bihar,Male,All,70-74,Higher,2.29,1.88,2.79,3668,160200
IN-BR,Bihar,Male,All,75-79,All,7.51,6.16,9.16,60155,801000
IN-BR,Bihar,Male,All,75-79,None,10.52,8.63,12.83,16853,160200
IN-BR,Bihar,Male,All,75-79,Primary,7.89,6.47,9.63,12639,160200
IN-BR,Bihar,Male,All,75-79,Middle,6.01,4.93,7.33,9628,160200
IN-BR,Bihar,Male,All,75-79,Secondary,4.51,3.70,5.50,7225,160200
IN-BR,Bihar,Male,All,75-79,Higher,3.38,2.77,4.12,5414,160200
IN-BR,Bihar,Male,All,80-84,All,10.61,8.70,12.94,84986,801000
IN-BR,Bihar,Male,All,80-84,None,14.85,12.18,18.12,23789,160200
IN-BR,Bihar,Male,All,80-84,Primary,11.14,9.13,13.59,17846,160200
IN-BR,Bihar,Male,All,80-84,Middle,8.49,6.96,10.36,13600,160200
IN-BR,Bihar,Male,All,80-84,Secondary,6.36,5.22,7.76,10188,160200
IN-BR,Bihar,Male,All,80-84,Higher,4.77,3.91,5.82,7641,160200
IN-BR,Bihar,Male,All,85+,All,14.59,11.96,17.80,116865,801000
IN-BR,Bihar,Male,All,85+,None,20.42,16.74,24.91,32712,160200
IN-BR,Bihar,Male,All,85+,Primary,15.32,12.56,18.69,24542,160200
IN-BR,Bihar,Male,All,85+,Middle,11.67,9.57,14.24,18695,160200
IN-BR,Bihar,Male,All,85+,Secondary,8.75,7.18,10.68,14017,160200
IN-BR,Bihar,Male,All,85+,Higher,6.56,5.38,8.00,10509,160200
IN-BR,Bihar,Male,Urban,60+,All,3.62,2.97,4.42,51548,1424000
IN-BR,Bihar,Male,Urban,60+,None,5.07,4.16,6.19,14439,284800
IN-BR,Bihar,Male,Urban,60+,Primary,3.81,3.12,4.65,10850,284800
IN-BR,Bihar,Male,Urban,60+,Middle,2.90,2.38,3.54,8259,284800
IN-BR,Bihar,Male,Urban,60+,Secondary,2.17,1.78,2.65,6180,284800
IN-BR,Bihar,Male,Urban,60+,Higher,1.63,1.34,1.99,4642,284800
IN-BR,Bihar,Male,Urban,60-64,All,1.63,1.34,1.99,4178,256320
IN-BR,Bihar,Male,Urban,60-64,None,2.28,1.87,2.78,1168,51264
IN-BR,Bihar,Male,Urban,60-64,Primary,1.71,1.40,2.09,876,51264
IN-BR,Bihar,Male,Urban,60-64,Middle,1.30,1.07,1.59,666,51264
IN-BR,Bihar,Male,Urban,60-64,Secondary,1.00,0.82,1.22,512,51264
IN-BR,Bihar,Male,Urban,60-64,Higher,1.00,0.82,1.22,512,51264
IN-BR,Bihar,Male,Urban,65-69,All,2.72,2.23,3.32,6971,256320
IN-BR,Bihar,Male,Urban,65-69,None,3.81,3.12,4.65,1953,51264
IN-BR,Bihar,Male,Urban,65-69,Primary,2.85,2.34,3.48,1461,51264
IN-BR,Bihar,Male,Urban,65-69,Middle,2.17,1.78,2.65,1112,51264
IN-BR,Bihar,Male,Urban,65-69,Secondary,1.63,1.34,1.99,835,51264
IN-BR,Bihar,Male,Urban,65-69,Higher,1.22,1.00,1.49,625,51264
IN-BR,Bihar,Male,Urban,70-74,All,4.17,3.42,5.09,10688,256320
IN-BR,Bihar,Male,Urban,70-74,None,5.84,4.79,7.12,2993,51264
IN-BR,Bihar,Male,Urban,70-74,Primary,4.38,3.59,5.34,2245,51264
IN-BR,Bihar,Male,Urban,70-74,Middle,3.33,2.73,4.06,1707,51264
IN-BR,Bihar,Male,Urban,70-74,Secondary,2.50,2.05,3.05,1281,51264
IN-BR,Bihar,Male,Urban,70-74,Higher,1.88,1.54,2.29,963,51264
IN-BR,Bihar,Male,Urban,75-79,All,6.16,5.05,7.52,15789,256320
IN-BR,Bihar,Male,Urban,75-79,None,8.63,7.08,10.53,4424,51264
IN-BR,Bihar,Male,Urban,75-79,Primary,6.47,5.31,7.89,3316,51264
IN-BR,Bihar,Male,Urban,75-79,Middle,4.93,4.04,6.01,2527,51264
IN-BR,Bihar,Male,Urban,75-79,Secondary,3.70,3.03,4.51,1896,51264
IN-BR,Bihar,Male,Urban,75-79,Higher,2.77,2.27,3.38,1420,51264
IN-BR,Bihar,Male,Urban,80-84,All,8.70,7.13,10.61,22299,256320
IN-BR,Bihar,Male,Urban,80-84,None,12.18,9.99,14.86,6243,51264
IN-BR,Bihar,Male,Urban,80-84,Primary,9.13,7.49,11.14,4680,51264
IN-BR,Bihar,Male,Urban,80-84,Middle,6.96,5.71,8.49,3567,51264
IN-BR,Bihar,Male,Urban,80-84,Secondary,5.22,4.28,6.37,2675,51264
IN-BR,Bihar,Male,Urban,80-84,Higher,3.91,3.21,4.77,2004,51264
IN-BR,Bihar,Male,Urban,85+,All,11.96,9.81,14.59,30655,256320
IN-BR,Bihar,Male,Urban,85+,None,16.74,13.73,20.42,8581,51264
IN-BR,Bihar,Male,Urban,85+,Primary,12.56,10.30,15.32,6438,51264
IN-BR,Bihar,Male,Urban,85+,Middle,9.57,7.85,11.68,4905,51264
IN-BR,Bihar,Male,Urban,85+,Secondary,7.18,5.89,8.76,3680,51264
IN-BR,Bihar,Male,Urban,85+,Higher,5.38,4.41,6.56,2758,51264
IN-BR,Bihar,Male,Rural,60+,All,5.39,4.42,6.58,163101,3026000
IN-BR,Bihar,Male,Rural,60+,None,7.55,6.19,9.21,45692,605200
IN-BR,Bihar,Male,Rural,60+,Primary,5.66,4.64,6.91,34254,605200
IN-BR,Bihar,Male,Rural,60+,Middle,4.31,3.53,5.26,26084,605200
IN-BR,Bihar,Male,Rural,60+,Secondary,3.24,2.66,3.95,19608,605200
IN-BR,Bihar,Male,Rural,60+,Higher,2.43,1.99,2.96,14706,605200
IN-BR,Bihar,Male,Rural,60-64,All,2.43,1.99,2.96,13235,544680
IN-BR,Bihar,Male,Rural,60-64,None,3.40,2.79,4.15,3703,108936
IN-BR,Bihar,Male,Rural,60-64,Primary,2.55,2.09,3.11,2777,108936
IN-BR,Bihar,Male,Rural,60-64,Middle,1.94,1.59,2.37,2113,108936
IN-BR,Bihar,Male,Rural,60-64,Secondary,1.46,1.20,1.78,1590,108936
IN-BR,Bihar,Male,Rural,60-64,Higher,1.09,0.89,1.33,1187,108936
IN-BR,Bihar,Male,Rural,65-69,All,4.04,3.31,4.93,22005,544680
IN-BR,Bihar,Male,Rural,65-69,None,5.66,4.64,6.91,6165,108936
IN-BR,Bihar,Male,Rural,65-69,Primary,4.25,3.49,5.19,4629,108936
IN-BR,Bihar,Male,Rural,65-69,Middle,3.24,2.66,3.95,3529,108936
IN-BR,Bihar,Male,Rural,65-69,Secondary,2.43,1.99,2.96,2647,108936
IN-BR,Bihar,Male,Rural,65-69,Higher,1.82,1.49,2.22,1982,108936
IN-BR,Bihar,Male,Rural,70-74,All,6.20,5.08,7.56,33770,544680
IN-BR,Bihar,Male,Rural,70-74,None,8.68,7.12,10.59,9455,108936
IN-BR,Bihar,Male,Rural,70-74,Primary,6.51,5.34,7.94,7091,108936
IN-BR,Bihar,Male,Rural,70-74,Middle,4.96,4.07,6.05,5403,108936
IN-BR,Bihar,Male,Rural,70-74,Secondary,3.72,3.05,4.54,4052,108936
IN-BR,Bihar,Male,Rural,70-74,Higher,2.79,2.29,3.40,3039,108936
IN-BR,Bihar,Male,Rural,75-79,All,9.17,7.52,11.19,49947,544680
IN-BR,Bihar,Male,Rural,75-79,None,12.83,10.52,15.65,13976,108936
IN-BR,Bihar,Male,Rural,75-79,Primary,9.63,7.90,11.75,10490,108936
IN-BR,Bihar,Male,Rural,75-79,Middle,7.33,6.01,8.94,7985,108936
IN-BR,Bihar,Male,Rural,75-79,Secondary,5.50,4.51,6.71,5991,108936
IN-BR,Bihar,Male,Rural,75-79,Higher,4.13,3.39,5.04,4499,108936
IN-BR,Bihar,Male,Rural,80-84,All,12.94,10.61,15.79,70481,544680
IN-BR,Bihar,Male,Rural,80-84,None,18.12,14.86,22.11,19739,108936
IN-BR,Bihar,Male,Rural,80-84,Primary,13.59,11.14,16.58,14804,108936
IN-BR,Bihar,Male,Rural,80-84,Middle,10.35,8.49,12.63,11274,108936
IN-BR,Bihar,Male,Rural,80-84,Secondary,7.77,6.37,9.48,8464,108936
IN-BR,Bihar,Male,Rural,80-84,Higher,5.82,4.77,7.10,6340,108936
IN-BR,Bihar,Male,Rural,85+,All,17.79,14.59,21.70,96898,544680
IN-BR,Bihar,Male,Rural,85+,None,24.91,20.43,30.39,27135,108936
IN-BR,Bihar,Male,Rural,85+,Primary,18.68,15.32,22.79,20349,108936
IN-BR,Bihar,Male,Rural,85+,Middle,14.24,11.68,17.37,15512,108936
IN-BR,Bihar,Male,Rural,85+,Secondary,10.68,8.76,13.03,11634,108936
IN-BR,Bihar,Male,Rural,85+,Higher,8.01,6.57,9.77,8725,108936
IN-BR,Bihar,Female,All,60+,All,5.98,4.90,7.30,266110,4450000
IN-BR,Bihar,Female,All,60+,None,8.37,6.86,10.21,74493,890000
IN-BR,Bihar,Female,All,60+,Primary,6.28,5.15,7.66,55892,890000
IN-BR,Bihar,Female,All,60+,Middle,4.78,3.92,5.83,42542,890000
IN-BR,Bihar,Female,All,60+,Secondary,3.59,2.94,4.38,31951,890000
IN-BR,Bihar,Female,All,60+,Higher,2.69,2.21,3.28,23941,890000
IN-BR,Bihar,Female,All,60-64,All,2.69,2.21,3.28,21546,801000
IN-BR,Bihar,Female,All,60-64,None,3.77,3.09,4.60,6039,160200
IN-BR,Bihar,Female,All,60-64,Primary,2.83,2.32,3.45,4533,160200
IN-BR,Bihar,Female,All,60-64,Middle,2.15,1.76,2.62,3444,160200
IN-BR,Bihar,Female,All,60-64,Secondary,1.61,1.32,1.96,2579,160200
IN-BR,Bihar,Female,All,60-64,Higher,1.21,0.99,1.48,1938,160200
IN-BR,Bihar,Female,All,65-69,All,4.48,3.67,5.47,35884,801000
IN-BR,Bihar,Female,All,65-69,None,6.28,5.15,7.66,10060,160200
IN-BR,Bihar,Female,All,65-69,Primary,4.71,3.86,5.75,7545,160200
IN-BR,Bihar,Female,All,65-69,Middle,3.59,2.94,4.38,5751,160200
IN-BR,Bihar,Female,All,65-69,Secondary,2.69,2.21,3.28,4309,160200
IN-BR,Bihar,Female,All,65-69,Higher,2.02,1.66,2.46,3236,160200
IN-BR,Bihar,Female,All,70-74,All,6.88,5.64,8.39,55108,801000
IN-BR,Bihar,Female,All,70-74,None,9.63,7.90,11.75,15427,160200
IN-BR,Bihar,Female,All,70-74,Primary,7.22,5.92,8.81,11566,160200
IN-BR,Bihar,Female,All,70-74,Middle,5.50,4.51,6.71,8811,160200
IN-BR,Bihar,Female,All,70-74,Secondary,4.13,3.39,5.04,6616,160200
IN-BR,Bihar,Female,All,70-74,Higher,3.09,2.53,3.77,4950,160200
IN-BR,Bihar,Female,All,75-79,All,10.17,8.34,12.41,81461,801000
IN-BR,Bihar,Female,All,75-79,None,14.23,11.67,17.36,22796,160200
IN-BR,Bihar,Female,All,75-79,Primary,10.67,8.75,13.02,17093,160200
IN-BR,Bihar,Female,All,75-79,Middle,8.13,6.67,9.92,13024,160200
IN-BR,Bihar,Female,All,75-79,Secondary,6.10,5.00,7.44,9772,160200
IN-BR,Bihar,Female,All,75-79,Higher,4.57,3.75,5.58,7321,160200
IN-BR,Bihar,Female,All,80-84,All,14.35,11.77,17.51,114943,801000
IN-BR,Bihar,Female,All,80-84,None,20.09,16.47,24.51,32184,160200
IN-BR,Bihar,Female,All,80-84,Primary,15.07,12.36,18.39,24142,160200
IN-BR,Bihar,Female,All,80-84,Middle,11.48,9.41,14.01,18390,160200
IN-BR,Bihar,Female,All,80-84,Secondary,8.61,7.06,10.50,13793,160200
IN-BR,Bihar,Female,All,80-84,Higher,6.46,5.30,7.88,10348,160200
IN-BR,Bihar,Female,All,85+,All,19.73,16.18,24.07,158037,801000
IN-BR,Bihar,Female,All,85+,None,27.63,22.66,33.71,44263,160200
IN-BR,Bihar,Female,All,85+,Primary,20.72,16.99,25.28,33193,160200
IN-BR,Bihar,Female,All,85+,Middle,15.79,12.95,19.26,25295,160200
IN-BR,Bihar,Female,All,85+,Secondary,11.84,9.71,14.44,18967,160200
IN-BR,Bihar,Female,All,85+,Higher,8.88,7.28,10.83,14225,160200
IN-BR,Bihar,Female,Urban,60+,All,4.90,4.02,5.98,69776,1424000
IN-BR,Bihar,Female,Urban,60+,None,6.87,5.63,8.38,19565,284800
IN-BR,Bihar,Female,Urban,60+,Primary,5.15,4.22,6.28,14667,284800
IN-BR,Bihar,Female,Urban,60+,Middle,3.92,3.21,4.78,11164,284800
IN-BR,Bihar,Female,Urban,60+,Secondary,2.94,2.41,3.59,8373,284800
IN-BR,Bihar,Female,Urban,60+,Higher,2.21,1.81,2.70,6294,284800
IN-BR,Bihar,Female,Urban,60-64,All,2.21,1.81,2.70,5664,256320
IN-BR,Bihar,Female,Urban,60-64,None,3.09,2.53,3.77,1584,51264
IN-BR,Bihar,Female,Urban,60-64,Primary,2.32,1.90,2.83,1189,51264
IN-BR,Bihar,Female,Urban,60-64,Middle,1.77,1.45,2.16,907,51264
IN-BR,Bihar,Female,Urban,60-64,Secondary,1.32,1.08,1.61,676,51264
IN-BR,Bihar,Female,Urban,60-64,Higher,1.00,0.82,1.22,512,51264
IN-BR,Bihar,Female,Urban,65-69,All,3.68,3.02,4.49,9432,256320
IN-BR,Bihar,Female,Urban,65-69,None,5.15,4.22,6.28,2640,51264
IN-BR,Bihar,Female,Urban,65-69,Primary,3.86,3.17,4.71,1978,51264
IN-BR,Bihar,Female,Urban,65-69,Middle,2.94,2.41,3.59,1507,51264
IN-BR,Bihar,Female,Urban,65-69,Secondary,2.21,1.81,2.70,1132,51264
IN-BR,Bihar,Female,Urban,65-69,Higher,1.65,1.35,2.01,845,51264
IN-BR,Bihar,Female,Urban,70-74,All,5.64,4.62,6.88,14456,256320
IN-BR,Bihar,Female,Urban,70-74,None,7.89,6.47,9.63,4044,51264
IN-BR,Bihar,Female,Urban,70-74,Primary,5.92,4.85,7.22,3034,51264
IN-BR,Bihar,Female,Urban,70-74,Middle,4.51,3.70,5.50,2312,51264
IN-BR,Bihar,Female,Urban,70-74,Secondary,3.38,2.77,4.12,1732,51264
IN-BR,Bihar,Female,Urban,70-74,Higher,2.54,2.08,3.10,1302,51264
IN-BR,Bihar,Female,Urban,75-79,All,8.34,6.84,10.17,21377,256320
IN-BR,Bihar,Female,Urban,75-79,None,11.67,9.57,14.24,5982,51264
IN-BR,Bihar,Female,Urban,75-79,Primary,8.75,7.18,10.68,4485,51264
IN-BR,Bihar,Female,Urban,75-79,Middle,6.67,5.47,8.14,3419,51264
IN-BR,Bihar,Female,Urban,75-79,Secondary,5.00,4.10,6.10,2563,51264
IN-BR,Bihar,Female,Urban,75-79,Higher,3.75,3.08,4.58,1922,51264
IN-BR,Bihar,Female,Urban,80-84,All,11.77,9.65,14.36,30168,256320
IN-BR,Bihar,Female,Urban,80-84,None,16.48,13.51,20.11,8448,51264
IN-BR,Bihar,Female,Urban,80-84,Primary,12.36,10.14,15.08,6336,51264
IN-BR,Bihar,Female,Urban,80-84,Middle,9.41,7.72,11.48,4823,51264
IN-BR,Bihar,Female,Urban,80-84,Secondary,7.06,5.79,8.61,3619,51264
IN-BR,Bihar,Female,Urban,80-84,Higher,5.30,4.35,6.47,2716,51264
IN-BR,Bihar,Female,Urban,85+,All,16.18,13.27,19.74,41472,256320
IN-BR,Bihar,Female,Urban,85+,None,22.65,18.57,27.63,11611,51264
IN-BR,Bihar,Female,Urban,85+,Primary,16.99,13.93,20.73,8709,51264
IN-BR,Bihar,Female,Urban,85+,Middle,12.95,10.62,15.80,6638,51264
IN-BR,Bihar,Female,Urban,85+,Secondary,9.71,7.96,11.85,4977,51264
IN-BR,Bihar,Female,Urban,85+,Higher,7.28,5.97,8.88,3732,51264
IN-BR,Bihar,Female,Rural,60+,All,7.30,5.99,8.91,220898,3026000
IN-BR,Bihar,Female,Rural,60+,None,10.21,8.37,12.46,61790,605200
IN-BR,Bihar,Female,Rural,60+,Primary,7.66,6.28,9.35,46358,605200
IN-BR,Bihar,Female,Rural,60+,Middle,5.84,4.79,7.12,35343,605200
IN-BR,Bihar,Female,Rural,60+,Secondary,4.38,3.59,5.34,26507,605200
IN-BR,Bihar,Female,Rural,60+,Higher,3.28,2.69,4.00,19850,605200
IN-BR,Bihar,Female,Rural,60-64,All,3.28,2.69,4.00,17865,544680
IN-BR,Bihar,Female,Rural,60-64,None,4.60,3.77,5.61,5011,108936
IN-BR,Bihar,Female,Rural,60-64,Primary,3.45,2.83,4.21,3758,108936
IN-BR,Bihar,Female,Rural,60-64,Middle,2.63,2.16,3.21,2865,108936
IN-BR,Bihar,Female,Rural,60-64,Secondary,1.97,1.62,2.40,2146,108936
IN-BR,Bihar,Female,Rural,60-64,Higher,1.48,1.21,1.81,1612,108936
IN-BR,Bihar,Female,Rural,65-69,All,5.47,4.49,6.67,29793,544680
IN-BR,Bihar,Female,Rural,65-69,None,7.66,6.28,9.35,8344,108936
IN-BR,Bihar,Female,Rural,65-69,Primary,5.75,4.72,7.02,6263,108936
IN-BR,Bihar,Female,Rural,65-69,Middle,4.38,3.59,5.34,4771,108936
IN-BR,Bihar,Female,Rural,65-69,Secondary,3.28,2.69,4.00,3573,108936
IN-BR,Bihar,Female,Rural,65-69,Higher,2.46,2.02,3.00,2679,108936
IN-BR,Bihar,Female,Rural,70-74,All,8.39,6.88,10.24,45698,544680
IN-BR,Bihar,Female,Rural,70-74,None,11.75,9.64,14.34,12799,108936
IN-BR,Bihar,Female,Rural,70-74,Primary,8.81,7.22,10.75,9597,108936
IN-BR,Bihar,Female,Rural,70-74,Middle,6.71,5.50,8.19,7309,108936
IN-BR,Bihar,Female,Rural,70-74,Secondary,5.03,4.12,6.14,5479,108936
IN-BR,Bihar,Female,Rural,70-74,Higher,3.78,3.10,4.61,4117,108936
IN-BR,Bihar,Female,Rural,75-79,All,12.40,10.17,15.13,67540,544680
IN-BR,Bihar,Female,Rural,75-79,None,17.36,14.24,21.18,18911,108936
IN-BR,Bihar,Female,Rural,75-79,Primary,13.02,10.68,15.88,14183,108936
IN-BR,Bihar,Female,Rural,75-79,Middle,9.92,8.13,12.10,10806,108936
IN-BR,Bihar,Female,Rural,75-79,Secondary,7.44,6.10,9.08,8104,108936
IN-BR,Bihar,Female,Rural,75-79,Higher,5.58,4.58,6.81,6078,108936
IN-BR,Bihar,Female,Rural,80-84,All,17.51,14.36,21.36,95373,544680
IN-BR,Bihar,Female,Rural,80-84,None,24.51,20.10,29.90,26700,108936
IN-BR,Bihar,Female,Rural,80-84,Primary,18.38,15.07,22.42,20022,108936
IN-BR,Bihar,Female,Rural,80-84,Middle,14.01,11.49,17.09,15261,108936
IN-BR,Bihar,Female,Rural,80-84,Secondary,10.51,8.62,12.82,11449,108936
IN-BR,Bihar,Female,Rural,80-84,Higher,7.88,6.46,9.61,8584,108936
IN-BR,Bihar,Female,Rural,85+,All,24.08,19.75,29.38,131158,544680
IN-BR,Bihar,Female,Rural,85+,None,33.71,27.64,41.13,36722,108936
IN-BR,Bihar,Female,Rural,85+,Primary,25.28,20.73,30.84,27539,108936
IN-BR,Bihar,Female,Rural,85+,Middle,19.26,15.79,23.50,20981,108936
IN-BR,Bihar,Female,Rural,85+,Secondary,14.45,11.85,17.63,15741,108936
IN-BR,Bihar,Female,Rural,85+,Higher,10.83,8.88,13.21,11797,108936
IN-HR,Haryana,Both,All,60+,All,5.10,4.18,6.22,132600,2600000
IN-HR,Haryana,Both,All,60+,None,7.14,5.85,8.71,37127,520000
IN-HR,Haryana,Both,All,60+,Primary,5.36,4.40,6.54,27872,520000
IN-HR,Haryana,Both,All,60+,Middle,4.08,3.35,4.98,21216,520000
IN-HR,Haryana,Both,All,60+,Secondary,3.06,2.51,3.73,15912,520000
IN-HR,Haryana,Both,All,60+,Higher,2.30,1.89,2.81,11960,520000
IN-HR,Haryana,Both,All,60-64,All,2.30,1.89,2.81,10764,468000
IN-HR,Haryana,Both,All,60-64,None,3.21,2.63,3.92,3004,93600
IN-HR,Haryana,Both,All,60-64,Primary,2.41,1.98,2.94,2255,93600
IN-HR,Haryana,Both,All,60-64,Middle,1.84,1.51,2.24,1722,93600
IN-HR,Haryana,Both,All,60-64,Secondary,1.38,1.13,1.68,1291,93600
IN-HR,Haryana,Both,All,60-64,Higher,1.03,0.84,1.26,964,93600
IN-HR,Haryana,Both,All,65-69,All,3.83,3.14,4.67,17924,468000
IN-HR,Haryana,Both,All,65-69,None,5.35,4.39,6.53,5007,93600
IN-HR,Haryana,Both,All,65-69,Primary,4.02,3.30,4.90,3762,93600
IN-HR,Haryana,Both,All,65-69,Middle,3.06,2.51,3.73,2864,93600
IN-HR,Haryana,Both,All,65-69,Secondary,2.29,1.88,2.79,2143,93600
IN-HR,Haryana,Both,All,65-69,Higher,1.72,1.41,2.10,1609,93600
IN-HR,Haryana,Both,All,70-74,All,5.86,4.81,7.15,27424,468000
IN-HR,Haryana,Both,All,70-74,None,8.21,6.73,10.02,7684,93600
IN-HR,Haryana,Both,All,70-74,Primary,6.16,5.05,7.52,5765,93600
IN-HR,Haryana,Both,All,70-74,Middle,4.69,3.85,5.72,4389,93600
IN-HR,Haryana,Both,All,70-74,Secondary,3.52,2.89,4.29,3294,93600
IN-HR,Haryana,Both,All,70-74,Higher,2.64,2.16,3.22,2471,93600
IN-HR,Haryana,Both,All,75-79,All,8.67,7.11,10.58,40575,468000
IN-HR,Haryana,Both,All,75-79,None,12.14,9.95,14.81,11363,93600
IN-HR,Haryana,Both,All,75-79,Primary,9.10,7.46,11.10,8517,93600
IN-HR,Haryana,Both,All,75-79,Middle,6.94,5.69,8.47,6495,93600
IN-HR,Haryana,Both,All,75-79,Secondary,5.20,4.26,6.34,4867,93600
IN-HR,Haryana,Both,All,75-79,Higher,3.90,3.20,4.76,3650,93600
IN-HR,Haryana,Both,All,80-84,All,12.24,10.04,14.93,57283,468000
IN-HR,Haryana,Both,All,80-84,None,17.14,14.05,20.91,16043,93600
IN-HR,Haryana,Both,All,80-84,Primary,12.85,10.54,15.68,12027,93600
IN-HR,Haryana,Both,All,80-84,Middle,9.79,8.03,11.94,9163,93600
IN-HR,Haryana,Both,All,80-84,Secondary,7.34,6.02,8.95,6870,93600
IN-HR,Haryana,Both,All,80-84,Higher,5.51,4.52,6.72,5157,93600
IN-HR,Haryana,Both,All,85+,All,16.83,13.80,20.53,78764,468000
IN-HR,Haryana,Both,All,85+,None,23.56,19.32,28.74,22052,93600
IN-HR,Haryana,Both,All,85+,Primary,17.67,14.49,21.56,16539,93600
IN-HR,Haryana,Both,All,85+,Middle,13.46,11.04,16.42,12598,93600
IN-HR,Haryana,Both,All,85+,Secondary,10.10,8.28,12.32,9453,93600
IN-HR,Haryana,Both,All,85+,Higher,7.57,6.21,9.24,7085,93600
IN-HR,Haryana,Both,Urban,60+,All,4.18,3.43,5.10,34777,832000
IN-HR,Haryana,Both,Urban,60+,None,5.85,4.80,7.14,9734,166400
IN-HR,Haryana,Both,Urban,60+,Primary,4.39,3.60,5.36,7304,166400
IN-HR,Haryana,Both,Urban,60+,Middle,3.35,2.75,4.09,5574,166400
IN-HR,Haryana,Both,Urban,60+,Secondary,2.51,2.06,3.06,4176,166400
IN-HR,Haryana,Both,Urban,60+,Higher,1.88,1.54,2.29,3128,166400
IN-HR,Haryana,Both,Urban,60-64,All,1.88,1.54,2.29,2815,149760
IN-HR,Haryana,Both,Urban,60-64,None,2.63,2.16,3.21,787,29952
IN-HR,Haryana,Both,Urban,60-64,Primary,1.98,1.62,2.42,593,29952
IN-HR,Haryana,Both,Urban,60-64,Middle,1.51,1.24,1.84,452,29952
IN-HR,Haryana,Both,Urban,60-64,Secondary,1.13,0.93,1.38,338,29952
IN-HR,Haryana,Both,Urban,60-64,Higher,1.00,0.82,1.22,299,29952
IN-HR,Haryana,Both,Urban,65-69,All,3.14,2.57,3.83,4702,149760
IN-HR,Haryana,Both,Urban,65-69,None,4.39,3.60,5.36,1314,29952
IN-HR,Haryana,Both,Urban,65-69,Primary,3.29,2.70,4.01,985,29952
IN-HR,Haryana,Both,Urban,65-69,Middle,2.51,2.06,3.06,751,29952
IN-HR,Haryana,Both,Urban,65-69,Secondary,1.88,1.54,2.29,563,29952
IN-HR,Haryana,Both,Urban,65-69,Higher,1.41,1.16,1.72,422,29952
IN-HR,Haryana,Both,Urban,70-74,All,4.81,3.94,5.87,7203,149760
IN-HR,Haryana,Both,Urban,70-74,None,6.73,5.52,8.21,2015,29952
IN-HR,Haryana,Both,Urban,70-74,Primary,5.05,4.14,6.16,1512,29952
IN-HR,Haryana,Both,Urban,70-74,Middle,3.85,3.16,4.70,1153,29952
IN-HR,Haryana,Both,Urban,70-74,Secondary,2.89,2.37,3.53,865,29952
IN-HR,Haryana,Both,Urban,70-74,Higher,2.16,1.77,2.64,646,29952
IN-HR,Haryana,Both,Urban,75-79,All,7.11,5.83,8.67,10647,149760
IN-HR,Haryana,Both,Urban,75-79,None,9.95,8.16,12.14,2980,29952
IN-HR,Haryana,Both,Urban,75-79,Primary,7.46,6.12,9.10,2234,29952
IN-HR,Haryana,Both,Urban,75-79,Middle,5.69,4.67,6.94,1704,29952
IN-HR,Haryana,Both,Urban,75-79,Secondary,4.27,3.50,5.21,1278,29952
IN-HR,Haryana,Both,Urban,75-79,Higher,3.20,2.62,3.90,958,29952
IN-HR,Haryana,Both,Urban,80-84,All,10.04,8.23,12.25,15035,149760
IN-HR,Haryana,Both,Urban,80-84,None,14.05,11.52,17.14,4208,29952
IN-HR,Haryana,Both,Urban,80-84,Primary,10.54,8.64,12.86,3156,29952
IN-HR,Haryana,Both,Urban,80-84,Middle,8.03,6.58,9.80,2405,29952
IN-HR,Haryana,Both,Urban,80-84,Secondary,6.02,4.94,7.34,1803,29952
IN-HR,Haryana,Both,Urban,80-84,Higher,4.52,3.71,5.51,1353,29952
IN-HR,Haryana,Both,Urban,85+,All,13.80,11.32,16.84,20666,149760
IN-HR,Haryana,Both,Urban,85+,None,19.32,15.84,23.57,5786,29952
IN-HR,Haryana,Both,Urban,85+,Primary,14.49,11.88,17.68,4340,29952
IN-HR,Haryana,Both,Urban,85+,Middle,11.04,9.05,13.47,3306,29952
IN-HR,Haryana,Both,Urban,85+,Secondary,8.28,6.79,10.10,2480,29952
IN-HR,Haryana,Both,Urban,85+,Higher,6.21,5.09,7.58,1860,29952
IN-HR,Haryana,Both,Rural,60+,All,6.22,5.10,7.59,109969,1768000
IN-HR,Haryana,Both,Rural,60+,None,8.71,7.14,10.63,30798,353600
IN-HR,Haryana,Both,Rural,60+,Primary,6.53,5.35,7.97,23090,353600
IN-HR,Haryana,Both,Rural,60+,Middle,4.98,4.08,6.08,17609,353600
IN-HR,Haryana,Both,Rural,60+,Secondary,3.73,3.06,4.55,13189,353600
IN-HR,Haryana,Both,Rural,60+,Higher,2.80,2.30,3.42,9900,353600
IN-HR,Haryana,Both,Rural,60-64,All,2.80,2.30,3.42,8910,318240
IN-HR,Haryana,Both,Rural,60-64,None,3.92,3.21,4.78,2495,63648
IN-HR,Haryana,Both,Rural,60-64,Primary,2.94,2.41,3.59,1871,63648
IN-HR,Haryana,Both,Rural,60-64,Middle,2.24,1.84,2.73,1425,63648
IN-HR,Haryana,Both,Rural,60-64,Secondary,1.68,1.38,2.05,1069,63648
IN-HR,Haryana,Both,Rural,60-64,Higher,1.26,1.03,1.54,801,63648
IN-HR,Haryana,Both,Rural,65-69,All,4.67,3.83,5.70,14861,318240
IN-HR,Haryana,Both,Rural,65-69,None,6.53,5.35,7.97,4156,63648
IN-HR,Haryana,Both,Rural,65-69,Primary,4.90,4.02,5.98,3118,63648
IN-HR,Haryana,Both,Rural,65-69,Middle,3.73,3.06,4.55,2374,63648
IN-HR,Haryana,Both,Rural,65-69,Secondary,2.80,2.30,3.42,1782,63648
IN-HR,Haryana,Both,Rural,65-69,Higher,2.10,1.72,2.56,1336,63648
IN-HR,Haryana,Both,Rural,70-74,All,7.16,5.87,8.74,22785,318240
IN-HR,Haryana,Both,Rural,70-74,None,10.02,8.22,12.22,6377,63648
IN-HR,Haryana,Both,Rural,70-74,Primary,7.51,6.16,9.16,4779,63648
IN-HR,Haryana,Both,Rural,70-74,Middle,5.72,4.69,6.98,3640,63648
IN-HR,Haryana,Both,Rural,70-74,Secondary,4.29,3.52,5.23,2730,63648
IN-HR,Haryana,Both,Rural,70-74,Higher,3.22,2.64,3.93,2049,63648
IN-HR,Haryana,Both,Rural,75-79,All,10.58,8.68,12.91,33669,318240
IN-HR,Haryana,Both,Rural,75-79,None,14.81,12.14,18.07,9426,63648
IN-HR,Haryana,Both,Rural,75-79,Primary,11.11,9.11,13.55,7071,63648
IN-HR,Haryana,Both,Rural,75-79,Middle,8.46,6.94,10.32,5384,63648
IN-HR,Haryana,Both,Rural,75-79,Secondary,6.35,5.21,7.75,4041,63648
IN-HR,Haryana,Both,Rural,75-79,Higher,4.76,3.90,5.81,3029,63648
IN-HR,Haryana,Both,Rural,80-84,All,14.93,12.24,18.21,47513,318240
IN-HR,Haryana,Both,Rural,80-84,None,20.91,17.15,25.51,13308,63648
IN-HR,Haryana,Both,Rural,80-84,Primary,15.68,12.86,19.13,9980,63648
IN-HR,Haryana,Both,Rural,80-84,Middle,11.95,9.80,14.58,7605,63648
IN-HR,Haryana,Both,Rural,80-84,Secondary,8.96,7.35,10.93,5702,63648
IN-HR,Haryana,Both,Rural,80-84,Higher,6.72,5.51,8.20,4277,63648
IN-HR,Haryana,Both,Rural,85+,All,20.53,16.83,25.05,65334,318240
IN-HR,Haryana,Both,Rural,85+,None,28.75,23.58,35.07,18298,63648
IN-HR,Haryana,Both,Rural,85+,Primary,21.56,17.68,26.30,13722,63648
IN-HR,Haryana,Both,Rural,85+,Middle,16.43,13.47,20.04,10457,63648
IN-HR,Haryana,Both,Rural,85+,Secondary,12.32,10.10,15.03,7841,63648
IN-HR,Haryana,Both,Rural,85+,Higher,9.24,7.58,11.27,5881,63648
IN-HR,Haryana,Male,All,60+,All,4.34,3.56,5.29,56420,1300000
IN-HR,Haryana,Male,All,60+,None,6.07,4.98,7.41,15782,260000
IN-HR,Haryana,Male,All,60+,Primary,4.55,3.73,5.55,11830,260000
IN-HR,Haryana,Male,All,60+,Middle,3.47,2.85,4.23,9022,260000
IN-HR,Haryana,Male,All,60+,Secondary,2.60,2.13,3.17,6760,260000
IN-HR,Haryana,Male,All,60+,Higher,1.95,1.60,2.38,5070,260000
IN-HR,Haryana,Male,All,60-64,All,1.95,1.60,2.38,4563,234000
IN-HR,Haryana,Male,All,60-64,None,2.73,2.24,3.33,1277,46800
IN-HR,Haryana,Male,All,60-64,Primary,2.05,1.68,2.50,959,46800
IN-HR,Haryana,Male,All,60-64,Middle,1.56,1.28,1.90,730,46800
IN-HR,Haryana,Male,All,60-64,Secondary,1.17,0.96,1.43,547,46800
IN-HR,Haryana,Male,All,60-64,Higher,1.00,0.82,1.22,468,46800
IN-HR,Haryana,Male,All,65-69,All,3.25,2.67,3.97,7605,234000
IN-HR,Haryana,Male,All,65-69,None,4.55,3.73,5.55,2129,46800
IN-HR,Haryana,Male,All,65-69,Primary,3.41,2.80,4.16,1595,46800
IN-HR,Haryana,Male,All,65-69,Middle,2.60,2.13,3.17,1216,46800
IN-HR,Haryana,Male,All,65-69,Secondary,1.95,1.60,2.38,912,46800
IN-HR,Haryana,Male,All,65-69,Higher,1.46,1.20,1.78,683,46800
IN-HR,Haryana,Male,All,70-74,All,4.99,4.09,6.09,11676,234000
IN-HR,Haryana,Male,All,70-74,None,6.98,5.72,8.52,3266,46800
IN-HR,Haryana,Male,All,70-74,Primary,5.23,4.29,6.38,2447,46800
IN-HR,Haryana,Male,All,70-74,Middle,3.99,3.27,4.87,1867,46800
IN-HR,Haryana,Male,All,70-74,Secondary,2.99,2.45,3.65,1399,46800
IN-HR,Haryana,Male,All,70-74,Higher,2.24,1.84,2.73,1048,46800
IN-HR,Haryana,Male,All,75-79,All,7.37,6.04,8.99,17245,234000
IN-HR,Haryana,Male,All,75-79,None,10.32,8.46,12.59,4829,46800
IN-HR,Haryana,Male,All,75-79,Primary,7.74,6.35,9.44,3622,46800
IN-HR,Haryana,Male,All,75-79,Middle,5.90,4.84,7.20,2761,46800
IN-HR,Haryana,Male,All,75-79,Secondary,4.42,3.62,5.39,2068,46800
IN-HR,Haryana,Male,All,75-79,Higher,3.32,2.72,4.05,1553,46800
IN-HR,Haryana,Male,All,80-84,All,10.40,8.53,12.69,24336,234000
IN-HR,Haryana,Male,All,80-84,None,14.57,11.95,17.78,6818,46800
IN-HR,Haryana,Male,All,80-84,Primary,10.92,8.95,13.32,5110,46800
IN-HR,Haryana,Male,All,80-84,Middle,8.32,6.82,10.15,3893,46800
IN-HR,Haryana,Male,All,80-84,Secondary,6.24,5.12,7.61,2920,46800
IN-HR,Haryana,Male,All,80-84,Higher,4.68,3.84,5.71,2190,46800
IN-HR,Haryana,Male,All,85+,All,14.31,11.73,17.46,33485,234000
IN-HR,Haryana,Male,All,85+,None,20.03,16.42,24.44,9374,46800
IN-HR,Haryana,Male,All,85+,Primary,15.02,12.32,18.32,7029,46800
IN-HR,Haryana,Male,All,85+,Middle,11.44,9.38,13.96,5353,46800
IN-HR,Haryana,Male,All,85+,Secondary,8.58,7.04,10.47,4015,46800
IN-HR,Haryana,Male,All,85+,Higher,6.44,5.28,7.86,3013,46800
IN-HR,Haryana,Male,Urban,60+,All,3.55,2.91,4.33,14767,416000
IN-HR,Haryana,Male,Urban,60+,None,4.98,4.08,6.08,4143,83200
IN-HR,Haryana,Male,Urban,60+,Primary,3.73,3.06,4.55,3103,83200
IN-HR,Haryana,Male,Urban,60+,Middle,2.84,2.33,3.46,2362,83200
IN-HR,Haryana,Male,Urban,60+,Secondary,2.13,1.75,2.60,1772,83200
IN-HR,Haryana,Male,Urban,60+,Higher,1.60,1.31,1.95,1331,83200
IN-HR,Haryana,Male,Urban,60-64,All,1.60,1.31,1.95,1198,74880
IN-HR,Haryana,Male,Urban,60-64,None,2.24,1.84,2.73,335,14976
IN-HR,Haryana,Male,Urban,60-64,Primary,1.68,1.38,2.05,251,14976
IN-HR,Haryana,Male,Urban,60-64,Middle,1.28,1.05,1.56,191,14976
IN-HR,Haryana,Male,Urban,60-64,Secondary,1.00,0.82,1.22,149,14976
IN-HR,Haryana,Male,Urban,60-64,Higher,1.00,0.82,1.22,149,14976
IN-HR,Haryana,Male,Urban,65-69,All,2.67,2.19,3.26,1999,74880
IN-HR,Haryana,Male,Urban,65-69,None,3.73,3.06,4.55,558,14976
IN-HR,Haryana,Male,Urban,65-69,Primary,2.80,2.30,3.42,419,14976
IN-HR,Haryana,Male,Urban,65-69,Middle,2.13,1.75,2.60,318,14976
IN-HR,Haryana,Male,Urban,65-69,Secondary,1.60,1.31,1.95,239,14976
IN-HR,Haryana,Male,Urban,65-69,Higher,1.20,0.98,1.46,179,14976
IN-HR,Haryana,Male,Urban,70-74,All,4.09,3.35,4.99,3062,74880
IN-HR,Haryana,Male,Urban,70-74,None,5.72,4.69,6.98,856,14976
IN-HR,Haryana,Male,Urban,70-74,Primary,4.29,3.52,5.23,642,14976
IN-HR,Haryana,Male,Urban,70-74,Middle,3.27,2.68,3.99,489,14976
IN-HR,Haryana,Male,Urban,70-74,Secondary,2.45,2.01,2.99,366,14976
IN-HR,Haryana,Male,Urban,70-74,Higher,1.84,1.51,2.24,275,14976
IN-HR,Haryana,Male,Urban,75-79,All,6.04,4.95,7.37,4522,74880
IN-HR,Haryana,Male,Urban,75-79,None,8.46,6.94,10.32,1266,14976
IN-HR,Haryana,Male,Urban,75-79,Primary,6.35,5.21,7.75,950,14976
IN-HR,Haryana,Male,Urban,75-79,Middle,4.83,3.96,5.89,723,14976
IN-HR,Haryana,Male,Urban,75-79,Secondary,3.63,2.98,4.43,543,14976
IN-HR,Haryana,Male,Urban,75-79,Higher,2.72,2.23,3.32,407,14976
IN-HR,Haryana,Male,Urban,80-84,All,8.53,6.99,10.41,6387,74880
IN-HR,Haryana,Male,Urban,80-84,None,11.94,9.79,14.57,1788,14976
IN-HR,Haryana,Male,Urban,80-84,Primary,8.96,7.35,10.93,1341,14976
IN-HR,Haryana,Male,Urban,80-84,Middle,6.83,5.60,8.33,1022,14976
IN-HR,Haryana,Male,Urban,80-84,Secondary,5.12,4.20,6.25,766,14976
IN-HR,Haryana,Male,Urban,80-84,Higher,3.84,3.15,4.68,575,14976
IN-HR,Haryana,Male,Urban,85+,All,11.73,9.62,14.31,8783,74880
IN-HR,Haryana,Male,Urban,85+,None,16.42,13.46,20.03,2459,14976
IN-HR,Haryana,Male,Urban,85+,Primary,12.32,10.10,15.03,1845,14976
IN-HR,Haryana,Male,Urban,85+,Middle,9.38,7.69,11.44,1404,14976
IN-HR,Haryana,Male,Urban,85+,Secondary,7.04,5.77,8.59,1054,14976
IN-HR,Haryana,Male,Urban,85+,Higher,5.28,4.33,6.44,790,14976
IN-HR,Haryana,Male,Rural,60+,All,5.29,4.34,6.45,46763,884000
IN-HR,Haryana,Male,Rural,60+,None,7.40,6.07,9.03,13083,176800
IN-HR,Haryana,Male,Rural,60+,Primary,5.55,4.55,6.77,9812,176800
IN-HR,Haryana,Male,Rural,60+,Middle,4.23,3.47,5.16,7478,176800
IN-HR,Haryana,Male,Rural,60+,Secondary,3.17,2.60,3.87,5604,176800
IN-HR,Haryana,Male,Rural,60+,Higher,2.38,1.95,2.90,4207,176800
IN-HR,Haryana,Male,Rural,60-64,All,2.38,1.95,2.90,3787,159120
IN-HR,Haryana,Male,Rural,60-64,None,3.33,2.73,4.06,1059,31824
IN-HR,Haryana,Male,Rural,60-64,Primary,2.50,2.05,3.05,795,31824
IN-HR,Haryana,Male,Rural,60-64,Middle,1.90,1.56,2.32,604,31824
IN-HR,Haryana,Male,Rural,60-64,Secondary,1.43,1.17,1.74,455,31824
IN-HR,Haryana,Male,Rural,60-64,Higher,1.07,0.88,1.31,340,31824
IN-HR,Haryana,Male,Rural,65-69,All,3.97,3.26,4.84,6317,159120
IN-HR,Haryana,Male,Rural,65-69,None,5.55,4.55,6.77,1766,31824
IN-HR,Haryana,Male,Rural,65-69,Primary,4.16,3.41,5.08,1323,31824
IN-HR,Haryana,Male,Rural,65-69,Middle,3.17,2.60,3.87,1008,31824
IN-HR,Haryana,Male,Rural,65-69,Secondary,2.38,1.95,2.90,757,31824
IN-HR,Haryana,Male,Rural,65-69,Higher,1.78,1.46,2.17,566,31824
IN-HR,Haryana,Male,Rural,70-74,All,6.08,4.99,7.42,9674,159120
IN-HR,Haryana,Male,Rural,70-74,None,8.51,6.98,10.38,2708,31824
IN-HR,Haryana,Male,Rural,70-74,Primary,6.39,5.24,7.80,2033,31824
IN-HR,Haryana,Male,Rural,70-74,Middle,4.87,3.99,5.94,1549,31824
IN-HR,Haryana,Male,Rural,70-74,Secondary,3.65,2.99,4.45,1161,31824
IN-HR,Haryana,Male,Rural,70-74,Higher,2.74,2.25,3.34,871,31824
IN-HR,Haryana,Male,Rural,75-79,All,8.99,7.37,10.97,14304,159120
IN-HR,Haryana,Male,Rural,75-79,None,12.59,10.32,15.36,4006,31824
IN-HR,Haryana,Male,Rural,75-79,Primary,9.44,7.74,11.52,3004,31824
IN-HR,Haryana,Male,Rural,75-79,Middle,7.19,5.90,8.77,2288,31824
IN-HR,Haryana,Male,Rural,75-79,Secondary,5.39,4.42,6.58,1715,31824
IN-HR,Haryana,Male,Rural,75-79,Higher,4.05,3.32,4.94,1288,31824
IN-HR,Haryana,Male,Rural,80-84,All,12.69,10.41,15.48,20192,159120
IN-HR,Haryana,Male,Rural,80-84,None,17.77,14.57,21.68,5655,31824
IN-HR,Haryana,Male,Rural,80-84,Primary,13.33,10.93,16.26,4242,31824
IN-HR,Haryana,Male,Rural,80-84,Middle,10.15,8.32,12.38,3230,31824
IN-HR,Haryana,Male,Rural,80-84,Secondary,7.62,6.25,9.30,2424,31824
IN-HR,Haryana,Male,Rural,80-84,Higher,5.71,4.68,6.97,1817,31824
IN-HR,Haryana,Male,Rural,85+,All,17.45,14.31,21.29,27766,159120
IN-HR,Haryana,Male,Rural,85+,None,24.43,20.03,29.80,7774,31824
IN-HR,Haryana,Male,Rural,85+,Primary,18.33,15.03,22.36,5833,31824
IN-HR,Haryana,Male,Rural,85+,Middle,13.96,11.45,17.03,4442,31824
IN-HR,Haryana,Male,Rural,85+,Secondary,10.47,8.59,12.77,3331,31824
IN-HR,Haryana,Male,Rural,85+,Higher,7.85,6.44,9.58,2498,31824
IN-HR,Haryana,Female,All,60+,All,5.86,4.81,7.15,76180,1300000
IN-HR,Haryana,Female,All,60+,None,8.21,6.73,10.02,21346,260000
IN-HR,Haryana,Female,All,60+,Primary,6.16,5.05,7.52,16016,260000
IN-HR,Haryana,Female,All,60+,Middle,4.69,3.85,5.72,12194,260000
IN-HR,Haryana,Female,All,60+,Secondary,3.52,2.89,4.29,9152,260000
IN-HR,Haryana,Female,All,60+,Higher,2.64,2.16,3.22,6864,260000
IN-HR,Haryana,Female,All,60-64,All,2.64,2.16,3.22,6177,234000
IN-HR,Haryana,Female,All,60-64,None,3.69,3.03,4.50,1726,46800
IN-HR,Haryana,Female,All,60-64,Primary,2.77,2.27,3.38,1296,46800
IN-HR,Haryana,Female,All,60-64,Middle,2.11,1.73,2.57,987,46800
IN-HR,Haryana,Female,All,60-64,Secondary,1.58,1.30,1.93,739,46800
IN-HR,Haryana,Female,All,60-64,Higher,1.19,0.98,1.45,556,46800
IN-HR,Haryana,Female,All,65-69,All,4.40,3.61,5.37,10296,234000
IN-HR,Haryana,Female,All,65-69,None,6.16,5.05,7.52,2882,46800
IN-HR,Haryana,Female,All,65-69,Primary,4.62,3.79,5.64,2162,46800
IN-HR,Haryana,Female,All,65-69,Middle,3.52,2.89,4.29,1647,46800
IN-HR,Haryana,Female,All,65-69,Secondary,2.64,2.16,3.22,1235,46800
IN-HR,Haryana,Female,All,65-69,Higher,1.98,1.62,2.42,926,46800
IN-HR,Haryana,Female,All,70-74,All,6.74,5.53,8.22,15771,234000
IN-HR,Haryana,Female,All,70-74,None,9.44,7.74,11.52,4417,46800
IN-HR,Haryana,Female,All,70-74,Primary,7.08,5.81,8.64,3313,46800
IN-HR,Haryana,Female,All,70-74,Middle,5.40,4.43,6.59,2527,46800
IN-HR,Haryana,Female,All,70-74,Secondary,4.05,3.32,4.94,1895,46800
IN-HR,Haryana,Female,All,70-74,Higher,3.04,2.49,3.71,1422,46800
IN-HR,Haryana,Female,All,75-79,All,9.97,8.18,12.16,23329,234000
IN-HR,Haryana,Female,All,75-79,None,13.96,11.45,17.03,6533,46800
IN-HR,Haryana,Female,All,75-79,Primary,10.47,8.59,12.77,4899,46800
IN-HR,Haryana,Female,All,75-79,Middle,7.98,6.54,9.74,3734,46800
IN-HR,Haryana,Female,All,75-79,Secondary,5.98,4.90,7.30,2798,46800
IN-HR,Haryana,Female,All,75-79,Higher,4.49,3.68,5.48,2101,46800
IN-HR,Haryana,Female,All,80-84,All,14.08,11.55,17.18,32947,234000
IN-HR,Haryana,Female,All,80-84,None,19.71,16.16,24.05,9224,46800
IN-HR,Haryana,Female,All,80-84,Primary,14.78,12.12,18.03,6917,46800
IN-HR,Haryana,Female,All,80-84,Middle,11.26,9.23,13.74,5269,46800
IN-HR,Haryana,Female,All,80-84,Secondary,8.45,6.93,10.31,3954,46800
IN-HR,Haryana,Female,All,80-84,Higher,6.33,5.19,7.72,2962,46800
IN-HR,Haryana,Female,All,85+,All,19.35,15.87,23.61,45279,234000
IN-HR,Haryana,Female,All,85+,None,27.10,22.22,33.06,12682,46800
IN-HR,Haryana,Female,All,85+,Primary,20.32,16.66,24.79,9509,46800
IN-HR,Haryana,Female,All,85+,Middle,15.48,12.69,18.89,7244,46800
IN-HR,Haryana,Female,All,85+,Secondary,11.61,9.52,14.16,5433,46800
IN-HR,Haryana,Female,All,85+,Higher,8.71,7.14,10.63,4076,46800
IN-HR,Haryana,Female,Urban,60+,All,4.81,3.94,5.87,20009,416000
IN-HR,Haryana,Female,Urban,60+,None,6.73,5.52,8.21,5599,83200
IN-HR,Haryana,Female,Urban,60+,Primary,5.05,4.14,6.16,4201,83200
IN-HR,Haryana,Female,Urban,60+,Middle,3.85,3.16,4.70,3203,83200
IN-HR,Haryana,Female,Urban,60+,Secondary,2.89,2.37,3.53,2404,83200
IN-HR,Haryana,Female,Urban,60+,Higher,2.16,1.77,2.64,1797,83200
IN-HR,Haryana,Female,Urban,60-64,All,2.16,1.77,2.64,1617,74880
IN-HR,Haryana,Female,Urban,60-64,None,3.03,2.48,3.70,453,14976
IN-HR,Haryana,Female,Urban,60-64,Primary,2.27,1.86,2.77,339,14976
IN-HR,Haryana,Female,Urban,60-64,Middle,1.73,1.42,2.11,259,14976
IN-HR,Haryana,Female,Urban,60-64,Secondary,1.30,1.07,1.59,194,14976
IN-HR,Haryana,Female,Urban,60-64,Higher,1.00,0.82,1.22,149,14976
IN-HR,Haryana,Female,Urban,65-69,All,3.61,2.96,4.40,2703,74880
IN-HR,Haryana,Female,Urban,65-69,None,5.05,4.14,6.16,756,14976
IN-HR,Haryana,Female,Urban,65-69,Primary,3.79,3.11,4.62,567,14976
IN-HR,Haryana,Female,Urban,65-69,Middle,2.89,2.37,3.53,432,14976
IN-HR,Haryana,Female,Urban,65-69,Secondary,2.16,1.77,2.64,323,14976
IN-HR,Haryana,Female,Urban,65-69,Higher,1.62,1.33,1.98,242,14976
IN-HR,Haryana,Female,Urban,70-74,All,5.53,4.53,6.75,4140,74880
IN-HR,Haryana,Female,Urban,70-74,None,7.74,6.35,9.44,1159,14976
IN-HR,Haryana,Female,Urban,70-74,Primary,5.81,4.76,7.09,870,14976
IN-HR,Haryana,Female,Urban,70-74,Middle,4.42,3.62,5.39,661,14976
IN-HR,Haryana,Female,Urban,70-74,Secondary,3.32,2.72,4.05,497,14976
IN-HR,Haryana,Female,Urban,70-74,Higher,2.49,2.04,3.04,372,14976
IN-HR,Haryana,Female,Urban,75-79,All,8.18,6.71,9.98,6125,74880
IN-HR,Haryana,Female,Urban,75-79,None,11.45,9.39,13.97,1714,14976
IN-HR,Haryana,Female,Urban,75-79,Primary,8.58,7.04,10.47,1284,14976
IN-HR,Haryana,Female,Urban,75-79,Middle,6.54,5.36,7.98,979,14976
IN-HR,Haryana,Female,Urban,75-79,Secondary,4.91,4.03,5.99,735,14976
IN-HR,Haryana,Female,Urban,75-79,Higher,3.68,3.02,4.49,551,14976
IN-HR,Haryana,Female,Urban,80-84,All,11.54,9.46,14.08,8641,74880
IN-HR,Haryana,Female,Urban,80-84,None,16.16,13.25,19.72,2420,14976
IN-HR,Haryana,Female,Urban,80-84,Primary,12.12,9.94,14.79,1815,14976
IN-HR,Haryana,Female,Urban,80-84,Middle,9.23,7.57,11.26,1382,14976
IN-HR,Haryana,Female,Urban,80-84,Secondary,6.93,5.68,8.45,1037,14976
IN-HR,Haryana,Female,Urban,80-84,Higher,5.19,4.26,6.33,777,14976
IN-HR,Haryana,Female,Urban,85+,All,15.87,13.01,19.36,11883,74880
IN-HR,Haryana,Female,Urban,85+,None,22.22,18.22,27.11,3327,14976
IN-HR,Haryana,Female,Urban,85+,Primary,16.66,13.66,20.33,2495,14976
IN-HR,Haryana,Female,Urban,85+,Middle,12.70,10.41,15.49,1901,14976
IN-HR,Haryana,Female,Urban,85+,Secondary,9.52,7.81,11.61,1425,14976
IN-HR,Haryana,Female,Urban,85+,Higher,7.14,5.85,8.71,1069,14976
IN-HR,Haryana,Female,Rural,60+,All,7.16,5.87,8.74,63294,884000
IN-HR,Haryana,Female,Rural,60+,None,10.02,8.22,12.22,17715,176800
IN-HR,Haryana,Female,Rural,60+,Primary,7.51,6.16,9.16,13277,176800
IN-HR,Haryana,Female,Rural,60+,Middle,5.72,4.69,6.98,10112,176800
IN-HR,Haryana,Female,Rural,60+,Secondary,4.29,3.52,5.23,7584,176800
IN-HR,Haryana,Female,Rural,60+,Higher,3.22,2.64,3.93,5692,176800
IN-HR,Haryana,Female,Rural,60-64,All,3.22,2.64,3.93,5123,159120
IN-HR,Haryana,Female,Rural,60-64,None,4.51,3.70,5.50,1435,31824
IN-HR,Haryana,Female,Rural,60-64,Primary,3.38,2.77,4.12,1075,31824
IN-HR,Haryana,Female,Rural,60-64,Middle,2.58,2.12,3.15,821,31824
IN-HR,Haryana,Female,Rural,60-64,Secondary,1.93,1.58,2.35,614,31824
IN-HR,Haryana,Female,Rural,60-64,Higher,1.45,1.19,1.77,461,31824
IN-HR,Haryana,Female,Rural,65-69,All,5.37,4.40,6.55,8544,159120
IN-HR,Haryana,Female,Rural,65-69,None,7.51,6.16,9.16,2389,31824
IN-HR,Haryana,Female,Rural,65-69,Primary,5.63,4.62,6.87,1791,31824
IN-HR,Haryana,Female,Rural,65-69,Middle,4.29,3.52,5.23,1365,31824
IN-HR,Haryana,Female,Rural,65-69,Secondary,3.22,2.64,3.93,1024,31824
IN-HR,Haryana,Female,Rural,65-69,Higher,2.41,1.98,2.94,766,31824
IN-HR,Haryana,Female,Rural,70-74,All,8.23,6.75,10.04,13095,159120
IN-HR,Haryana,Female,Rural,70-74,None,11.52,9.45,14.05,3666,31824
IN-HR,Haryana,Female,Rural,70-74,Primary,8.64,7.08,10.54,2749,31824
IN-HR,Haryana,Female,Rural,70-74,Middle,6.58,5.40,8.03,2094,31824
IN-HR,Haryana,Female,Rural,70-74,Secondary,4.94,4.05,6.03,1572,31824
IN-HR,Haryana,Female,Rural,70-74,Higher,3.70,3.03,4.51,1177,31824
IN-HR,Haryana,Female,Rural,75-79,All,12.16,9.97,14.84,19348,159120
IN-HR,Haryana,Female,Rural,75-79,None,17.03,13.96,20.78,5419,31824
IN-HR,Haryana,Female,Rural,75-79,Primary,12.77,10.47,15.58,4063,31824
IN-HR,Haryana,Female,Rural,75-79,Middle,9.73,7.98,11.87,3096,31824
IN-HR,Haryana,Female,Rural,75-79,Secondary,7.30,5.99,8.91,2323,31824
IN-HR,Haryana,Female,Rural,75-79,Higher,5.47,4.49,6.67,1740,31824
IN-HR,Haryana,Female,Rural,80-84,All,17.17,14.08,20.95,27320,159120
IN-HR,Haryana,Female,Rural,80-84,None,24.04,19.71,29.33,7650,31824
IN-HR,Haryana,Female,Rural,80-84,Primary,18.03,14.78,22.00,5737,31824
IN-HR,Haryana,Female,Rural,80-84,Middle,13.74,11.27,16.76,4372,31824
IN-HR,Haryana,Female,Rural,80-84,Secondary,10.30,8.45,12.57,3277,31824
IN-HR,Haryana,Female,Rural,80-84,Higher,7.73,6.34,9.43,2459,31824
IN-HR,Haryana,Female,Rural,85+,All,23.61,19.36,28.80,37568,159120
IN-HR,Haryana,Female,Rural,85+,None,33.06,27.11,40.33,10521,31824
IN-HR,Haryana,Female,Rural,85+,Primary,24.79,20.33,30.24,7889,31824
IN-HR,Haryana,Female,Rural,85+,Middle,18.89,15.49,23.05,6011,31824
IN-HR,Haryana,Female,Rural,85+,Secondary,14.17,11.62,17.29,4509,31824
IN-HR,Haryana,Female,Rural,85+,Higher,10.63,8.72,12.97,3382,31824
IN-UT,Uttarakhand,Both,All,60+,All,5.00,4.10,6.10,55000,1100000
IN-UT,Uttarakhand,Both,All,60+,None,7.00,5.74,8.54,15400,220000
IN-UT,Uttarakhand,Both,All,60+,Primary,5.25,4.31,6.41,11550,220000
IN-UT,Uttarakhand,Both,All,60+,Middle,4.00,3.28,4.88,8800,220000
IN-UT,Uttarakhand,Both,All,60+,Secondary,3.00,2.46,3.66,6600,220000
IN-UT,Uttarakhand,Both,All,60+,Higher,2.25,1.85,2.75,4950,220000
IN-UT,Uttarakhand,Both,All,60-64,All,2.25,1.85,2.75,4455,198000
IN-UT,Uttarakhand,Both,All,60-64,None,3.15,2.58,3.84,1247,39600
IN-UT,Uttarakhand,Both,All,60-64,Primary,2.36,1.94,2.88,934,39600
IN-UT,Uttarakhand,Both,All,60-64,Middle,1.80,1.48,2.20,712,39600
IN-UT,Uttarakhand,Both,All,60-64,Secondary,1.35,1.11,1.65,534,39600
IN-UT,Uttarakhand,Both,All,60-64,Higher,1.01,0.83,1.23,399,39600
IN-UT,Uttarakhand,Both,All,65-69,All,3.75,3.08,4.58,7425,198000
IN-UT,Uttarakhand,Both,All,65-69,None,5.25,4.31,6.41,2079,39600
IN-UT,Uttarakhand,Both,All,65-69,Primary,3.94,3.23,4.81,1560,39600
IN-UT,Uttarakhand,Both,All,65-69,Middle,3.00,2.46,3.66,1188,39600
IN-UT,Uttarakhand,Both,All,65-69,Secondary,2.25,1.85,2.75,891,39600
IN-UT,Uttarakhand,Both,All,65-69,Higher,1.69,1.39,2.06,669,39600
IN-UT,Uttarakhand,Both,All,70-74,All,5.75,4.72,7.02,11385,198000
IN-UT,Uttarakhand,Both,All,70-74,None,8.05,6.60,9.82,3187,39600
IN-UT,Uttarakhand,Both,All,70-74,Primary,6.04,4.95,7.37,2391,39600
IN-UT,Uttarakhand,Both,All,70-74,Middle,4.60,3.77,5.61,1821,39600
IN-UT,Uttarakhand,Both,All,70-74,Secondary,3.45,2.83,4.21,1366,39600
IN-UT,Uttarakhand,Both,All,70-74,Higher,2.59,2.12,3.16,1025,39600
IN-UT,Uttarakhand,Both,All,75-79,All,8.50,6.97,10.37,16830,198000
IN-UT,Uttarakhand,Both,All,75-79,None,11.90,9.76,14.52,4712,39600
IN-UT,Uttarakhand,Both,All,75-79,Primary,8.92,7.31,10.88,3532,39600
IN-UT,Uttarakhand,Both,All,75-79,Middle,6.80,5.58,8.30,2692,39600
IN-UT,Uttarakhand,Both,All,75-79,Secondary,5.10,4.18,6.22,2019,39600
IN-UT,Uttarakhand,Both,All,75-79,Higher,3.83,3.14,4.67,1516,39600
IN-UT,Uttarakhand,Both,All,80-84,All,12.00,9.84,14.64,23760,198000
IN-UT,Uttarakhand,Both,All,80-84,None,16.80,13.78,20.50,6652,39600
IN-UT,Uttarakhand,Both,All,80-84,Primary,12.60,10.33,15.37,4989,39600
IN-UT,Uttarakhand,Both,All,80-84,Middle,9.60,7.87,11.71,3801,39600
IN-UT,Uttarakhand,Both,All,80-84,Secondary,7.20,5.90,8.78,2851,39600
IN-UT,Uttarakhand,Both,All,80-84,Higher,5.40,4.43,6.59,2138,39600
IN-UT,Uttarakhand,Both,All,85+,All,16.50,13.53,20.13,32670,198000
IN-UT,Uttarakhand,Both,All,85+,None,23.10,18.94,28.18,9147,39600
IN-UT,Uttarakhand,Both,All,85+,Primary,17.33,14.21,21.14,6862,39600
IN-UT,Uttarakhand,Both,All,85+,Middle,13.20,10.82,16.10,5227,39600
IN-UT,Uttarakhand,Both,All,85+,Secondary,9.90,8.12,12.08,3920,39600
IN-UT,Uttarakhand,Both,All,85+,Higher,7.42,6.08,9.05,2938,39600
IN-UT,Uttarakhand,Both,Urban,60+,All,4.10,3.36,5.00,14431,352000
IN-UT,Uttarakhand,Both,Urban,60+,None,5.74,4.71,7.00,4040,70400
IN-UT,Uttarakhand,Both,Urban,60+,Primary,4.31,3.53,5.26,3034,70400
IN-UT,Uttarakhand,Both,Urban,60+,Middle,3.28,2.69,4.00,2309,70400
IN-UT,Uttarakhand,Both,Urban,60+,Secondary,2.46,2.02,3.00,1731,70400
IN-UT,Uttarakhand,Both,Urban,60+,Higher,1.85,1.52,2.26,1302,70400
IN-UT,Uttarakhand,Both,Urban,60-64,All,1.85,1.52,2.26,1172,63360
IN-UT,Uttarakhand,Both,Urban,60-64,None,2.58,2.12,3.15,326,12672
IN-UT,Uttarakhand,Both,Urban,60-64,Primary,1.94,1.59,2.37,245,12672
IN-UT,Uttarakhand,Both,Urban,60-64,Middle,1.48,1.21,1.81,187,12672
IN-UT,Uttarakhand,Both,Urban,60-64,Secondary,1.11,0.91,1.35,140,12672
IN-UT,Uttarakhand,Both,Urban,60-64,Higher,1.00,0.82,1.22,126,12672
IN-UT,Uttarakhand,Both,Urban,65-69,All,3.08,2.53,3.76,1951,63360
IN-UT,Uttarakhand,Both,Urban,65-69,None,4.31,3.53,5.26,546,12672
IN-UT,Uttarakhand,Both,Urban,65-69,Primary,3.23,2.65,3.94,409,12672
IN-UT,Uttarakhand,Both,Urban,65-69,Middle,2.46,2.02,3.00,311,12672
IN-UT,Uttarakhand,Both,Urban,65-69,Secondary,1.85,1.52,2.26,234,12672
IN-UT,Uttarakhand,Both,Urban,65-69,Higher,1.38,1.13,1.68,174,12672
IN-UT,Uttarakhand,Both,Urban,70-74,All,4.71,3.86,5.75,2984,63360
IN-UT,Uttarakhand,Both,Urban,70-74,None,6.60,5.41,8.05,836,12672
IN-UT,Uttarakhand,Both,Urban,70-74,Primary,4.95,4.06,6.04,627,12672
IN-UT,Uttarakhand,Both,Urban,70-74,Middle,3.77,3.09,4.60,477,12672
IN-UT,Uttarakhand,Both,Urban,70-74,Secondary,2.83,2.32,3.45,358,12672
IN-UT,Uttarakhand,Both,Urban,70-74,Higher,2.12,1.74,2.59,268,12672
IN-UT,Uttarakhand,Both,Urban,75-79,All,6.97,5.72,8.50,4416,63360
IN-UT,Uttarakhand,Both,Urban,75-79,None,9.76,8.00,11.91,1236,12672
IN-UT,Uttarakhand,Both,Urban,75-79,Primary,7.32,6.00,8.93,927,12672
IN-UT,Uttarakhand,Both,Urban,75-79,Middle,5.58,4.58,6.81,707,12672
IN-UT,Uttarakhand,Both,Urban,75-79,Secondary,4.18,3.43,5.10,529,12672
IN-UT,Uttarakhand,Both,Urban,75-79,Higher,3.14,2.57,3.83,397,12672
IN-UT,Uttarakhand,Both,Urban,80-84,All,9.84,8.07,12.00,6234,63360
IN-UT,Uttarakhand,Both,Urban,80-84,None,13.78,11.30,16.81,1746,12672
IN-UT,Uttarakhand,Both,Urban,80-84,Primary,10.33,8.47,12.60,1309,12672
IN-UT,Uttarakhand,Both,Urban,80-84,Middle,7.87,6.45,9.60,997,12672
IN-UT,Uttarakhand,Both,Urban,80-84,Secondary,5.90,4.84,7.20,747,12672
IN-UT,Uttarakhand,Both,Urban,80-84,Higher,4.43,3.63,5.40,561,12672
IN-UT,Uttarakhand,Both,Urban,85+,All,13.53,11.09,16.51,8572,63360
IN-UT,Uttarakhand,Both,Urban,85+,None,18.94,15.53,23.11,2400,12672
IN-UT,Uttarakhand,Both,Urban,85+,Primary,14.21,11.65,17.34,1800,12672
IN-UT,Uttarakhand,Both,Urban,85+,Middle,10.82,8.87,13.20,1371,12672
IN-UT,Uttarakhand,Both,Urban,85+,Secondary,8.12,6.66,9.91,1028,12672
IN-UT,Uttarakhand,Both,Urban,85+,Higher,6.09,4.99,7.43,771,12672
IN-UT,Uttarakhand,Both,Rural,60+,All,6.10,5.00,7.44,45628,748000
IN-UT,Uttarakhand,Both,Rural,60+,None,8.54,7.00,10.42,12775,149600
IN-UT,Uttarakhand,Both,Rural,60+,Primary,6.40,5.25,7.81,9574,149600
IN-UT,Uttarakhand,Both,Rural,60+,Middle,4.88,4.00,5.95,7300,149600
IN-UT,Uttarakhand,Both,Rural,60+,Secondary,3.66,3.00,4.47,5475,149600
IN-UT,Uttarakhand,Both,Rural,60+,Higher,2.75,2.26,3.36,4114,149600
IN-UT,Uttarakhand,Both,Rural,60-64,All,2.75,2.26,3.36,3702,134640
IN-UT,Uttarakhand,Both,Rural,60-64,None,3.84,3.15,4.68,1034,26928
IN-UT,Uttarakhand,Both,Rural,60-64,Primary,2.88,2.36,3.51,775,26928
IN-UT,Uttarakhand,Both,Rural,60-64,Middle,2.20,1.80,2.68,592,26928
IN-UT,Uttarakhand,Both,Rural,60-64,Secondary,1.65,1.35,2.01,444,26928
IN-UT,Uttarakhand,Both,Rural,60-64,Higher,1.24,1.02,1.51,333,26928
IN-UT,Uttarakhand,Both,Rural,65-69,All,4.58,3.76,5.59,6166,134640
IN-UT,Uttarakhand,Both,Rural,65-69,None,6.40,5.25,7.81,1723,26928
IN-UT,Uttarakhand,Both,Rural,65-69,Primary,4.80,3.94,5.86,1292,26928
IN-UT,Uttarakhand,Both,Rural,65-69,Middle,3.66,3.00,4.47,985,26928
IN-UT,Uttarakhand,Both,Rural,65-69,Secondary,2.75,2.26,3.36,740,26928
IN-UT,Uttarakhand,Both,Rural,65-69,Higher,2.06,1.69,2.51,554,26928
IN-UT,Uttarakhand,Both,Rural,70-74,All,7.01,5.75,8.55,9438,134640
IN-UT,Uttarakhand,Both,Rural,70-74,None,9.82,8.05,11.98,2644,26928
IN-UT,Uttarakhand,Both,Rural,70-74,Primary,7.37,6.04,8.99,1984,26928
IN-UT,Uttarakhand,Both,Rural,70-74,Middle,5.61,4.60,6.84,1510,26928
IN-UT,Uttarakhand,Both,Rural,70-74,Secondary,4.21,3.45,5.14,1133,26928
IN-UT,Uttarakhand,Both,Rural,70-74,Higher,3.16,2.59,3.86,850,26928
IN-UT,Uttarakhand,Both,Rural,75-79,All,10.37,8.50,12.65,13962,134640
IN-UT,Uttarakhand,Both,Rural,75-79,None,14.52,11.91,17.71,3909,26928
IN-UT,Uttarakhand,Both,Rural,75-79,Primary,10.89,8.93,13.29,2932,26928
IN-UT,Uttarakhand,Both,Rural,75-79,Middle,8.30,6.81,10.13,2235,26928
IN-UT,Uttarakhand,Both,Rural,75-79,Secondary,6.22,5.10,7.59,1674,26928
IN-UT,Uttarakhand,Both,Rural,75-79,Higher,4.67,3.83,5.70,1257,26928
IN-UT,Uttarakhand,Both,Rural,80-84,All,14.64,12.00,17.86,19711,134640
IN-UT,Uttarakhand,Both,Rural,80-84,None,20.50,16.81,25.01,5520,26928
IN-UT,Uttarakhand,Both,Rural,80-84,Primary,15.37,12.60,18.75,4138,26928
IN-UT,Uttarakhand,Both,Rural,80-84,Middle,11.71,9.60,14.29,3153,26928
IN-UT,Uttarakhand,Both,Rural,80-84,Secondary,8.78,7.20,10.71,2364,26928
IN-UT,Uttarakhand,Both,Rural,80-84,Higher,6.59,5.40,8.04,1774,26928
IN-UT,Uttarakhand,Both,Rural,85+,All,20.13,16.51,24.56,27103,134640
IN-UT,Uttarakhand,Both,Rural,85+,None,28.18,23.11,34.38,7588,26928
IN-UT,Uttarakhand,Both,Rural,85+,Primary,21.14,17.33,25.79,5692,26928
IN-UT,Uttarakhand,Both,Rural,85+,Middle,16.10,13.20,19.64,4335,26928
IN-UT,Uttarakhand,Both,Rural,85+,Secondary,12.08,9.91,14.74,3252,26928
IN-UT,Uttarakhand,Both,Rural,85+,Higher,9.06,7.43,11.05,2439,26928
IN-UT,Uttarakhand,Male,All,60+,All,4.25,3.49,5.19,23375,550000
IN-UT,Uttarakhand,Male,All,60+,None,5.95,4.88,7.26,6545,110000
IN-UT,Uttarakhand,Male,All,60+,Primary,4.46,3.66,5.44,4906,110000
IN-UT,Uttarakhand,Male,All,60+,Middle,3.40,2.79,4.15,3740,110000
IN-UT,Uttarakhand,Male,All,60+,Secondary,2.55,2.09,3.11,2805,110000
IN-UT,Uttarakhand,Male,All,60+,Higher,1.91,1.57,2.33,2101,110000
IN-UT,Uttarakhand,Male,All,60-64,All,1.91,1.57,2.33,1890,99000
IN-UT,Uttarakhand,Male,All,60-64,None,2.68,2.20,3.27,530,19800
IN-UT,Uttarakhand,Male,All,60-64,Primary,2.01,1.65,2.45,397,19800
IN-UT,Uttarakhand,Male,All,60-64,Middle,1.53,1.25,1.87,302,19800
IN-UT,Uttarakhand,Male,All,60-64,Secondary,1.15,0.94,1.40,227,19800
IN-UT,Uttarakhand,Male,All,60-64,Higher,1.00,0.82,1.22,198,19800
IN-UT,Uttarakhand,Male,All,65-69,All,3.19,2.62,3.89,3158,99000
IN-UT,Uttarakhand,Male,All,65-69,None,4.46,3.66,5.44,883,19800
IN-UT,Uttarakhand,Male,All,65-69,Primary,3.35,2.75,4.09,663,19800
IN-UT,Uttarakhand,Male,All,65-69,Middle,2.55,2.09,3.11,504,19800
IN-UT,Uttarakhand,Male,All,65-69,Secondary,1.91,1.57,2.33,378,19800
IN-UT,Uttarakhand,Male,All,65-69,Higher,1.43,1.17,1.74,283,19800
IN-UT,Uttarakhand,Male,All,70-74,All,4.89,4.01,5.97,4841,99000
IN-UT,Uttarakhand,Male,All,70-74,None,6.84,5.61,8.34,1354,19800
IN-UT,Uttarakhand,Male,All,70-74,Primary,5.13,4.21,6.26,1015,19800
IN-UT,Uttarakhand,Male,All,70-74,Middle,3.91,3.21,4.77,774,19800
IN-UT,Uttarakhand,Male,All,70-74,Secondary,2.93,2.40,3.57,580,19800
IN-UT,Uttarakhand,Male,All,70-74,Higher,2.20,1.80,2.68,435,19800
IN-UT,Uttarakhand,Male,All,75-79,All,7.23,5.93,8.82,7157,99000
IN-UT,Uttarakhand,Male,All,75-79,None,10.11,8.29,12.33,2001,19800
IN-UT,Uttarakhand,Male,All,75-79,Primary,7.59,6.22,9.26,1502,19800
IN-UT,Uttarakhand,Male,All,75-79,Middle,5.78,4.74,7.05,1144,19800
IN-UT,Uttarakhand,Male,All,75-79,Secondary,4.33,3.55,5.28,857,19800
IN-UT,Uttarakhand,Male,All,75-79,Higher,3.25,2.67,3.97,643,19800
IN-UT,Uttarakhand,Male,All,80-84,All,10.20,8.36,12.44,10098,99000
IN-UT,Uttarakhand,Male,All,80-84,None,14.28,11.71,17.42,2827,19800
IN-UT,Uttarakhand,Male,All,80-84,Primary,10.71,8.78,13.07,2120,19800
IN-UT,Uttarakhand,Male,All,80-84,Middle,8.16,6.69,9.96,1615,19800
IN-UT,Uttarakhand,Male,All,80-84,Secondary,6.12,5.02,7.47,1211,19800
IN-UT,Uttarakhand,Male,All,80-84,Higher,4.59,3.76,5.60,908,19800
IN-UT,Uttarakhand,Male,All,85+,All,14.02,11.50,17.10,13879,99000
IN-UT,Uttarakhand,Male,All,85+,None,19.63,16.10,23.95,3886,19800
IN-UT,Uttarakhand,Male,All,85+,Primary,14.73,12.08,17.97,2916,19800
IN-UT,Uttarakhand,Male,All,85+,Middle,11.22,9.20,13.69,2221,19800
IN-UT,Uttarakhand,Male,All,85+,Secondary,8.41,6.90,10.26,1665,19800
IN-UT,Uttarakhand,Male,All,85+,Higher,6.31,5.17,7.70,1249,19800
IN-UT,Uttarakhand,Male,Urban,60+,All,3.49,2.86,4.26,6142,176000
IN-UT,Uttarakhand,Male,Urban,60+,None,4.88,4.00,5.95,1717,35200
IN-UT,Uttarakhand,Male,Urban,60+,Primary,3.66,3.00,4.47,1288,35200
IN-UT,Uttarakhand,Male,Urban,60+,Middle,2.79,2.29,3.40,982,35200
IN-UT,Uttarakhand,Male,Urban,60+,Secondary,2.09,1.71,2.55,735,35200
IN-UT,Uttarakhand,Male,Urban,60+,Higher,1.57,1.29,1.92,552,35200
IN-UT,Uttarakhand,Male,Urban,60-64,All,1.57,1.29,1.92,497,31680
IN-UT,Uttarakhand,Male,Urban,60-64,None,2.20,1.80,2.68,139,6336
IN-UT,Uttarakhand,Male,Urban,60-64,Primary,1.65,1.35,2.01,104,6336
IN-UT,Uttarakhand,Male,Urban,60-64,Middle,1.25,1.02,1.53,79,6336
IN-UT,Uttarakhand,Male,Urban,60-64,Secondary,1.00,0.82,1.22,63,6336
IN-UT,Uttarakhand,Male,Urban,60-64,Higher,1.00,0.82,1.22,63,6336
IN-UT,Uttarakhand,Male,Urban,65-69,All,2.61,2.14,3.18,826,31680
IN-UT,Uttarakhand,Male,Urban,65-69,None,3.66,3.00,4.47,231,6336
IN-UT,Uttarakhand,Male,Urban,65-69,Primary,2.74,2.25,3.34,173,6336
IN-UT,Uttarakhand,Male,Urban,65-69,Middle,2.09,1.71,2.55,132,6336
IN-UT,Uttarakhand,Male,Urban,65-69,Secondary,1.57,1.29,1.92,99,6336
IN-UT,Uttarakhand,Male,Urban,65-69,Higher,1.18,0.97,1.44,74,6336
IN-UT,Uttarakhand,Male,Urban,70-74,All,4.01,3.29,4.89,1270,31680
IN-UT,Uttarakhand,Male,Urban,70-74,None,5.61,4.60,6.84,355,6336
IN-UT,Uttarakhand,Male,Urban,70-74,Primary,4.21,3.45,5.14,266,6336
IN-UT,Uttarakhand,Male,Urban,70-74,Middle,3.21,2.63,3.92,203,6336
IN-UT,Uttarakhand,Male,Urban,70-74,Secondary,2.40,1.97,2.93,152,6336
IN-UT,Uttarakhand,Male,Urban,70-74,Higher,1.80,1.48,2.20,114,6336
IN-UT,Uttarakhand,Male,Urban,75-79,All,5.92,4.85,7.22,1875,31680
IN-UT,Uttarakhand,Male,Urban,75-79,None,8.29,6.80,10.11,525,6336
IN-UT,Uttarakhand,Male,Urban,75-79,Primary,6.22,5.10,7.59,394,6336
IN-UT,Uttarakhand,Male,Urban,75-79,Middle,4.74,3.89,5.78,300,6336
IN-UT,Uttarakhand,Male,Urban,75-79,Secondary,3.55,2.91,4.33,224,6336
IN-UT,Uttarakhand,Male,Urban,75-79,Higher,2.67,2.19,3.26,169,6336
IN-UT,Uttarakhand,Male,Urban,80-84,All,8.36,6.86,10.20,2648,31680
IN-UT,Uttarakhand,Male,Urban,80-84,None,11.71,9.60,14.29,741,6336
IN-UT,Uttarakhand,Male,Urban,80-84,Primary,8.78,7.20,10.71,556,6336
IN-UT,Uttarakhand,Male,Urban,80-84,Middle,6.69,5.49,8.16,423,6336
IN-UT,Uttarakhand,Male,Urban,80-84,Secondary,5.02,4.12,6.12,318,6336
IN-UT,Uttarakhand,Male,Urban,80-84,Higher,3.76,3.08,4.59,238,6336
IN-UT,Uttarakhand,Male,Urban,85+,All,11.50,9.43,14.03,3643,31680
IN-UT,Uttarakhand,Male,Urban,85+,None,16.10,13.20,19.64,1020,6336
IN-UT,Uttarakhand,Male,Urban,85+,Primary,12.08,9.91,14.74,765,6336
IN-UT,Uttarakhand,Male,Urban,85+,Middle,9.20,7.54,11.22,582,6336
IN-UT,Uttarakhand,Male,Urban,85+,Secondary,6.90,5.66,8.42,437,6336
IN-UT,Uttarakhand,Male,Urban,85+,Higher,5.18,4.25,6.32,328,6336
IN-UT,Uttarakhand,Male,Rural,60+,All,5.19,4.26,6.33,19410,374000
IN-UT,Uttarakhand,Male,Rural,60+,None,7.26,5.95,8.86,5430,74800
IN-UT,Uttarakhand,Male,Rural,60+,Primary,5.44,4.46,6.64,4069,74800
IN-UT,Uttarakhand,Male,Rural,60+,Middle,4.15,3.40,5.06,3104,74800
IN-UT,Uttarakhand,Male,Rural,60+,Secondary,3.11,2.55,3.79,2326,74800
IN-UT,Uttarakhand,Male,Rural,60+,Higher,2.33,1.91,2.84,1742,74800
IN-UT,Uttarakhand,Male,Rural,60-64,All,2.33,1.91,2.84,1568,67320
IN-UT,Uttarakhand,Male,Rural,60-64,None,3.27,2.68,3.99,440,13464
IN-UT,Uttarakhand,Male,Rural,60-64,Primary,2.45,2.01,2.99,329,13464
IN-UT,Uttarakhand,Male,Rural,60-64,Middle,1.87,1.53,2.28,251,13464
IN-UT,Uttarakhand,Male,Rural,60-64,Secondary,1.40,1.15,1.71,188,13464
IN-UT,Uttarakhand,Male,Rural,60-64,Higher,1.05,0.86,1.28,141,13464
IN-UT,Uttarakhand,Male,Rural,65-69,All,3.89,3.19,4.75,2618,67320
IN-UT,Uttarakhand,Male,Rural,65-69,None,5.44,4.46,6.64,732,13464
IN-UT,Uttarakhand,Male,Rural,65-69,Primary,4.08,3.35,4.98,549,13464
IN-UT,Uttarakhand,Male,Rural,65-69,Middle,3.11,2.55,3.79,418,13464
IN-UT,Uttarakhand,Male,Rural,65-69,Secondary,2.33,1.91,2.84,313,13464
IN-UT,Uttarakhand,Male,Rural,65-69,Higher,1.75,1.43,2.13,235,13464
IN-UT,Uttarakhand,Male,Rural,70-74,All,5.96,4.89,7.27,4012,67320
IN-UT,Uttarakhand,Male,Rural,70-74,None,8.35,6.85,10.19,1124,13464
IN-UT,Uttarakhand,Male,Rural,70-74,Primary,6.26,5.13,7.64,842,13464
IN-UT,Uttarakhand,Male,Rural,70-74,Middle,4.77,3.91,5.82,642,13464
IN-UT,Uttarakhand,Male,Rural,70-74,Secondary,3.58,2.94,4.37,482,13464
IN-UT,Uttarakhand,Male,Rural,70-74,Higher,2.68,2.20,3.27,360,13464
IN-UT,Uttarakhand,Male,Rural,75-79,All,8.81,7.22,10.75,5930,67320
IN-UT,Uttarakhand,Male,Rural,75-79,None,12.34,10.12,15.05,1661,13464
IN-UT,Uttarakhand,Male,Rural,75-79,Primary,9.26,7.59,11.30,1246,13464
IN-UT,Uttarakhand,Male,Rural,75-79,Middle,7.05,5.78,8.60,949,13464
IN-UT,Uttarakhand,Male,Rural,75-79,Secondary,5.29,4.34,6.45,712,13464
IN-UT,Uttarakhand,Male,Rural,75-79,Higher,3.97,3.26,4.84,534,13464
IN-UT,Uttarakhand,Male,Rural,80-84,All,12.44,10.20,15.18,8374,67320
IN-UT,Uttarakhand,Male,Rural,80-84,None,17.42,14.28,21.25,2345,13464
IN-UT,Uttarakhand,Male,Rural,80-84,Primary,13.07,10.72,15.95,1759,13464
IN-UT,Uttarakhand,Male,Rural,80-84,Middle,9.96,8.17,12.15,1341,13464
IN-UT,Uttarakhand,Male,Rural,80-84,Secondary,7.47,6.13,9.11,1005,13464
IN-UT,Uttarakhand,Male,Rural,80-84,Higher,5.60,4.59,6.83,753,13464
IN-UT,Uttarakhand,Male,Rural,85+,All,17.11,14.03,20.87,11518,67320
IN-UT,Uttarakhand,Male,Rural,85+,None,23.95,19.64,29.22,3224,13464
IN-UT,Uttarakhand,Male,Rural,85+,Primary,17.97,14.74,21.92,2419,13464
IN-UT,Uttarakhand,Male,Rural,85+,Middle,13.69,11.23,16.70,1843,13464
IN-UT,Uttarakhand,Male,Rural,85+,Secondary,10.27,8.42,12.53,1382,13464
IN-UT,Uttarakhand,Male,Rural,85+,Higher,7.70,6.31,9.39,1036,13464
IN-UT,Uttarakhand,Female,All,60+,All,5.75,4.72,7.02,31625,550000
IN-UT,Uttarakhand,Female,All,60+,None,8.05,6.60,9.82,8855,110000
IN-UT,Uttarakhand,Female,All,60+,Primary,6.04,4.95,7.37,6644,110000
IN-UT,Uttarakhand,Female,All,60+,Middle,4.60,3.77,5.61,5060,110000
IN-UT,Uttarakhand,Female,All,60+,Secondary,3.45,2.83,4.21,3795,110000
IN-UT,Uttarakhand,Female,All,60+,Higher,2.59,2.12,3.16,2849,110000
IN-UT,Uttarakhand,Female,All,60-64,All,2.59,2.12,3.16,2564,99000
IN-UT,Uttarakhand,Female,All,60-64,None,3.62,2.97,4.42,716,19800
IN-UT,Uttarakhand,Female,All,60-64,Primary,2.72,2.23,3.32,538,19800
IN-UT,Uttarakhand,Female,All,60-64,Middle,2.07,1.70,2.53,409,19800
IN-UT,Uttarakhand,Female,All,60-64,Secondary,1.55,1.27,1.89,306,19800
IN-UT,Uttarakhand,Female,All,60-64,Higher,1.16,0.95,1.42,229,19800
IN-UT,Uttarakhand,Female,All,65-69,All,4.31,3.53,5.26,4266,99000
IN-UT,Uttarakhand,Female,All,65-69,None,6.04,4.95,7.37,1195,19800
IN-UT,Uttarakhand,Female,All,65-69,Primary,4.53,3.71,5.53,896,19800
IN-UT,Uttarakhand,Female,All,65-69,Middle,3.45,2.83,4.21,683,19800
IN-UT,Uttarakhand,Female,All,65-69,Secondary,2.59,2.12,3.16,512,19800
IN-UT,Uttarakhand,Female,All,65-69,Higher,1.94,1.59,2.37,384,19800
IN-UT,Uttarakhand,Female,All,70-74,All,6.61,5.42,8.06,6543,99000
IN-UT,Uttarakhand,Female,All,70-74,None,9.26,7.59,11.30,1833,19800
IN-UT,Uttarakhand,Female,All,70-74,Primary,6.94,5.69,8.47,1374,19800
IN-UT,Uttarakhand,Female,All,70-74,Middle,5.29,4.34,6.45,1047,19800
IN-UT,Uttarakhand,Female,All,70-74,Secondary,3.97,3.26,4.84,786,19800
IN-UT,Uttarakhand,Female,All,70-74,Higher,2.98,2.44,3.64,590,19800
IN-UT,Uttarakhand,Female,All,75-79,All,9.77,8.01,11.92,9672,99000
IN-UT,Uttarakhand,Female,All,75-79,None,13.68,11.22,16.69,2708,19800
IN-UT,Uttarakhand,Female,All,75-79,Primary,10.26,8.41,12.52,2031,19800
IN-UT,Uttarakhand,Female,All,75-79,Middle,7.82,6.41,9.54,1548,19800
IN-UT,Uttarakhand,Female,All,75-79,Secondary,5.86,4.81,7.15,1160,19800
IN-UT,Uttarakhand,Female,All,75-79,Higher,4.40,3.61,5.37,871,19800
IN-UT,Uttarakhand,Female,All,80-84,All,13.80,11.32,16.84,13662,99000
IN-UT,Uttarakhand,Female,All,80-84,None,19.32,15.84,23.57,3825,19800
IN-UT,Uttarakhand,Female,All,80-84,Primary,14.49,11.88,17.68,2869,19800
IN-UT,Uttarakhand,Female,All,80-84,Middle,11.04,9.05,13.47,2185,19800
IN-UT,Uttarakhand,Female,All,80-84,Secondary,8.28,6.79,10.10,1639,19800
IN-UT,Uttarakhand,Female,All,80-84,Higher,6.21,5.09,7.58,1229,19800
IN-UT,Uttarakhand,Female,All,85+,All,18.97,15.56,23.14,18780,99000
IN-UT,Uttarakhand,Female,All,85+,None,26.56,21.78,32.40,5258,19800
IN-UT,Uttarakhand,Female,All,85+,Primary,19.92,16.33,24.30,3944,19800
IN-UT,Uttarakhand,Female,All,85+,Middle,15.18,12.45,18.52,3005,19800
IN-UT,Uttarakhand,Female,All,85+,Secondary,11.38,9.33,13.88,2253,19800
IN-UT,Uttarakhand,Female,All,85+,Higher,8.54,7.00,10.42,1690,19800
IN-UT,Uttarakhand,Female,Urban,60+,All,4.71,3.86,5.75,8289,176000
IN-UT,Uttarakhand,Female,Urban,60+,None,6.60,5.41,8.05,2323,35200
IN-UT,Uttarakhand,Female,Urban,60+,Primary,4.95,4.06,6.04,1742,35200
IN-UT,Uttarakhand,Female,Urban,60+,Middle,3.77,3.09,4.60,1327,35200
IN-UT,Uttarakhand,Female,Urban,60+,Secondary,2.83,2.32,3.45,996,35200
IN-UT,Uttarakhand,Female,Urban,60+,Higher,2.12,1.74,2.59,746,35200
IN-UT,Uttarakhand,Female,Urban,60-64,All,2.12,1.74,2.59,671,31680
IN-UT,Uttarakhand,Female,Urban,60-64,None,2.97,2.44,3.62,188,6336
IN-UT,Uttarakhand,Female,Urban,60-64,Primary,2.23,1.83,2.72,141,6336
IN-UT,Uttarakhand,Female,Urban,60-64,Middle,1.70,1.39,2.07,107,6336
IN-UT,Uttarakhand,Female,Urban,60-64,Secondary,1.27,1.04,1.55,80,6336
IN-UT,Uttarakhand,Female,Urban,60-64,Higher,1.00,0.82,1.22,63,6336
IN-UT,Uttarakhand,Female,Urban,65-69,All,3.54,2.90,4.32,1121,31680
IN-UT,Uttarakhand,Female,Urban,65-69,None,4.95,4.06,6.04,313,6336
IN-UT,Uttarakhand,Female,Urban,65-69,Primary,3.71,3.04,4.53,235,6336
IN-UT,Uttarakhand,Female,Urban,65-69,Middle,2.83,2.32,3.45,179,6336
IN-UT,Uttarakhand,Female,Urban,65-69,Secondary,2.12,1.74,2.59,134,6336
IN-UT,Uttarakhand,Female,Urban,65-69,Higher,1.59,1.30,1.94,100,6336
IN-UT,Uttarakhand,Female,Urban,70-74,All,5.42,4.44,6.61,1717,31680
IN-UT,Uttarakhand,Female,Urban,70-74,None,7.59,6.22,9.26,480,6336
IN-UT,Uttarakhand,Female,Urban,70-74,Primary,5.69,4.67,6.94,360,6336
IN-UT,Uttarakhand,Female,Urban,70-74,Middle,4.34,3.56,5.29,274,6336
IN-UT,Uttarakhand,Female,Urban,70-74,Secondary,3.25,2.67,3.97,205,6336
IN-UT,Uttarakhand,Female,Urban,70-74,Higher,2.44,2.00,2.98,154,6336
IN-UT,Uttarakhand,Female,Urban,75-79,All,8.02,6.58,9.78,2540,31680
IN-UT,Uttarakhand,Female,Urban,75-79,None,11.22,9.20,13.69,710,6336
IN-UT,Uttarakhand,Female,Urban,75-79,Primary,8.42,6.90,10.27,533,6336
IN-UT,Uttarakhand,Female,Urban,75-79,Middle,6.41,5.26,7.82,406,6336
IN-UT,Uttarakhand,Female,Urban,75-79,Secondary,4.81,3.94,5.87,304,6336
IN-UT,Uttarakhand,Female,Urban,75-79,Higher,3.61,2.96,4.40,228,6336
IN-UT,Uttarakhand,Female,Urban,80-84,All,11.32,9.28,13.81,3586,31680
IN-UT,Uttarakhand,Female,Urban,80-84,None,15.84,12.99,19.32,1003,6336
IN-UT,Uttarakhand,Female,Urban,80-84,Primary,11.88,9.74,14.49,752,6336
IN-UT,Uttarakhand,Female,Urban,80-84,Middle,9.05,7.42,11.04,573,6336
IN-UT,Uttarakhand,Female,Urban,80-84,Secondary,6.79,5.57,8.28,430,6336
IN-UT,Uttarakhand,Female,Urban,80-84,Higher,5.09,4.17,6.21,322,6336
IN-UT,Uttarakhand,Female,Urban,85+,All,15.56,12.76,18.98,4929,31680
IN-UT,Uttarakhand,Female,Urban,85+,None,21.78,17.86,26.57,1379,6336
IN-UT,Uttarakhand,Female,Urban,85+,Primary,16.34,13.40,19.93,1035,6336
IN-UT,Uttarakhand,Female,Urban,85+,Middle,12.45,10.21,15.19,788,6336
IN-UT,Uttarakhand,Female,Urban,85+,Secondary,9.34,7.66,11.39,591,6336
IN-UT,Uttarakhand,Female,Urban,85+,Higher,7.00,5.74,8.54,443,6336
IN-UT,Uttarakhand,Female,Rural,60+,All,7.01,5.75,8.55,26217,374000
IN-UT,Uttarakhand,Female,Rural,60+,None,9.82,8.05,11.98,7345,74800
IN-UT,Uttarakhand,Female,Rural,60+,Primary,7.37,6.04,8.99,5512,74800
IN-UT,Uttarakhand,Female,Rural,60+,Middle,5.61,4.60,6.84,4196,74800
IN-UT,Uttarakhand,Female,Rural,60+,Secondary,4.21,3.45,5.14,3149,74800
IN-UT,Uttarakhand,Female,Rural,60+,Higher,3.16,2.59,3.86,2363,74800
IN-UT,Uttarakhand,Female,Rural,60-64,All,3.16,2.59,3.86,2127,67320
IN-UT,Uttarakhand,Female,Rural,60-64,None,4.42,3.62,5.39,595,13464
IN-UT,Uttarakhand,Female,Rural,60-64,Primary,3.31,2.71,4.04,445,13464
IN-UT,Uttarakhand,Female,Rural,60-64,Middle,2.53,2.07,3.09,340,13464
IN-UT,Uttarakhand,Female,Rural,60-64,Secondary,1.89,1.55,2.31,254,13464
IN-UT,Uttarakhand,Female,Rural,60-64,Higher,1.42,1.16,1.73,191,13464
IN-UT,Uttarakhand,Female,Rural,65-69,All,5.26,4.31,6.42,3541,67320
IN-UT,Uttarakhand,Female,Rural,65-69,None,7.37,6.04,8.99,992,13464
IN-UT,Uttarakhand,Female,Rural,65-69,Primary,5.52,4.53,6.73,743,13464
IN-UT,Uttarakhand,Female,Rural,65-69,Middle,4.21,3.45,5.14,566,13464
IN-UT,Uttarakhand,Female,Rural,65-69,Secondary,3.16,2.59,3.86,425,13464
IN-UT,Uttarakhand,Female,Rural,65-69,Higher,2.37,1.94,2.89,319,13464
IN-UT,Uttarakhand,Female,Rural,70-74,All,8.07,6.62,9.85,5432,67320
IN-UT,Uttarakhand,Female,Rural,70-74,None,11.29,9.26,13.77,1520,13464
IN-UT,Uttarakhand,Female,Rural,70-74,Primary,8.47,6.95,10.33,1140,13464
IN-UT,Uttarakhand,Female,Rural,70-74,Middle,6.45,5.29,7.87,868,13464
IN-UT,Uttarakhand,Female,Rural,70-74,Secondary,4.84,3.97,5.90,651,13464
IN-UT,Uttarakhand,Female,Rural,70-74,Higher,3.63,2.98,4.43,488,13464
IN-UT,Uttarakhand,Female,Rural,75-79,All,11.93,9.78,14.55,8031,67320
IN-UT,Uttarakhand,Female,Rural,75-79,None,16.70,13.69,20.37,2248,13464
IN-UT,Uttarakhand,Female,Rural,75-79,Primary,12.52,10.27,15.27,1685,13464
IN-UT,Uttarakhand,Female,Rural,75-79,Middle,9.54,7.82,11.64,1284,13464
IN-UT,Uttarakhand,Female,Rural,75-79,Secondary,7.16,5.87,8.74,964,13464
IN-UT,Uttarakhand,Female,Rural,75-79,Higher,5.37,4.40,6.55,723,13464
IN-UT,Uttarakhand,Female,Rural,80-84,All,16.84,13.81,20.54,11336,67320
IN-UT,Uttarakhand,Female,Rural,80-84,None,23.57,19.33,28.76,3173,13464
IN-UT,Uttarakhand,Female,Rural,80-84,Primary,17.68,14.50,21.57,2380,13464
IN-UT,Uttarakhand,Female,Rural,80-84,Middle,13.47,11.05,16.43,1813,13464
IN-UT,Uttarakhand,Female,Rural,80-84,Secondary,10.10,8.28,12.32,1359,13464
IN-UT,Uttarakhand,Female,Rural,80-84,Higher,7.58,6.22,9.25,1020,13464
IN-UT,Uttarakhand,Female,Rural,85+,All,23.15,18.98,28.24,15584,67320
IN-UT,Uttarakhand,Female,Rural,85+,None,32.41,26.58,39.54,4363,13464
IN-UT,Uttarakhand,Female,Rural,85+,Primary,24.31,19.93,29.66,3273,13464
IN-UT,Uttarakhand,Female,Rural,85+,Middle,18.52,15.19,22.59,2493,13464
IN-UT,Uttarakhand,Female,Rural,85+,Secondary,13.89,11.39,16.95,1870,13464
IN-UT,Uttarakhand,Female,Rural,85+,Higher,10.42,8.54,12.71,1402,13464
IN-CT,Chhattisgarh,Both,All,60+,All,4.80,3.94,5.86,105600,2200000
IN-CT,Chhattisgarh,Both,All,60+,None,6.72,5.51,8.20,29567,440000
IN-CT,Chhattisgarh,Both,All,60+,Primary,5.04,4.13,6.15,22176,440000
IN-CT,Chhattisgarh,Both,All,60+,Middle,3.84,3.15,4.68,16896,440000
IN-CT,Chhattisgarh,Both,All,60+,Secondary,2.88,2.36,3.51,12672,440000
IN-CT,Chhattisgarh,Both,All,60+,Higher,2.16,1.77,2.64,9504,440000
IN-CT,Chhattisgarh,Both,All,60-64,All,2.16,1.77,2.64,8553,396000
IN-CT,Chhattisgarh,Both,All,60-64,None,3.02,2.48,3.68,2391,79200
IN-CT,Chhattisgarh,Both,All,60-64,Primary,2.27,1.86,2.77,1797,79200
IN-CT,Chhattisgarh,Both,All,60-64,Middle,1.73,1.42,2.11,1370,79200
IN-CT,Chhattisgarh,Both,All,60-64,Secondary,1.30,1.07,1.59,1029,79200
IN-CT,Chhattisgarh,Both,All,60-64,Higher,1.00,0.82,1.22,792,79200
IN-CT,Chhattisgarh,Both,All,65-69,All,3.60,2.95,4.39,14256,396000
IN-CT,Chhattisgarh,Both,All,65-69,None,5.04,4.13,6.15,3991,79200
IN-CT,Chhattisgarh,Both,All,65-69,Primary,3.78,3.10,4.61,2993,79200
IN-CT,Chhattisgarh,Both,All,65-69,Middle,2.88,2.36,3.51,2280,79200
IN-CT,Chhattisgarh,Both,All,65-69,Secondary,2.16,1.77,2.64,1710,79200
IN-CT,Chhattisgarh,Both,All,65-69,Higher,1.62,1.33,1.98,1283,79200
IN-CT,Chhattisgarh,Both,All,70-74,All,5.52,4.53,6.73,21859,396000
IN-CT,Chhattisgarh,Both,All,70-74,None,7.73,6.34,9.43,6122,79200
IN-CT,Chhattisgarh,Both,All,70-74,Primary,5.80,4.76,7.08,4593,79200
IN-CT,Chhattisgarh,Both,All,70-74,Middle,4.42,3.62,5.39,3500,79200
IN-CT,Chhattisgarh,Both,All,70-74,Secondary,3.31,2.71,4.04,2621,79200
IN-CT,Chhattisgarh,Both,All,70-74,Higher,2.48,2.03,3.03,1964,79200
IN-CT,Chhattisgarh,Both,All,75-79,All,8.16,6.69,9.96,32313,396000
IN-CT,Chhattisgarh,Both,All,75-79,None,11.42,9.36,13.93,9044,79200
IN-CT,Chhattisgarh,Both,All,75-79,Primary,8.57,7.03,10.46,6787,79200
IN-CT,Chhattisgarh,Both,All,75-79,Middle,6.53,5.35,7.97,5171,79200
IN-CT,Chhattisgarh,Both,All,75-79,Secondary,4.90,4.02,5.98,3880,79200
IN-CT,Chhattisgarh,Both,All,75-79,Higher,3.67,3.01,4.48,2906,79200
IN-CT,Chhattisgarh,Both,All,80-84,All,11.52,9.45,14.05,45619,396000
IN-CT,Chhattisgarh,Both,All,80-84,None,16.13,13.23,19.68,12774,79200
IN-CT,Chhattisgarh,Both,All,80-84,Primary,12.10,9.92,14.76,9583,79200
IN-CT,Chhattisgarh,Both,All,80-84,Middle,9.22,7.56,11.25,7302,79200
IN-CT,Chhattisgarh,Both,All,80-84,Secondary,6.91,5.67,8.43,5472,79200
IN-CT,Chhattisgarh,Both,All,80-84,Higher,5.18,4.25,6.32,4102,79200
IN-CT,Chhattisgarh,Both,All,85+,All,15.84,12.99,19.32,62726,396000
IN-CT,Chhattisgarh,Both,All,85+,None,22.18,18.19,27.06,17566,79200
IN-CT,Chhattisgarh,Both,All,85+,Primary,16.63,13.64,20.29,13170,79200
IN-CT,Chhattisgarh,Both,All,85+,Middle,12.67,10.39,15.46,10034,79200
IN-CT,Chhattisgarh,Both,All,85+,Secondary,9.50,7.79,11.59,7524,79200
IN-CT,Chhattisgarh,Both,All,85+,Higher,7.13,5.85,8.70,5646,79200
IN-CT,Chhattisgarh,Both,Urban,60+,All,3.94,3.23,4.81,27737,704000
IN-CT,Chhattisgarh,Both,Urban,60+,None,5.51,4.52,6.72,7758,140800
IN-CT,Chhattisgarh,Both,Urban,60+,Primary,4.13,3.39,5.04,5815,140800
IN-CT,Chhattisgarh,Both,Urban,60+,Middle,3.15,2.58,3.84,4435,140800
IN-CT,Chhattisgarh,Both,Urban,60+,Secondary,2.36,1.94,2.88,3322,140800
IN-CT,Chhattisgarh,Both,Urban,60+,Higher,1.77,1.45,2.16,2492,140800
IN-CT,Chhattisgarh,Both,Urban,60-64,All,1.77,1.45,2.16,2242,126720
IN-CT,Chhattisgarh,Both,Urban,60-64,None,2.48,2.03,3.03,628,25344
IN-CT,Chhattisgarh,Both,Urban,60-64,Primary,1.86,1.53,2.27,471,25344
IN-CT,Chhattisgarh,Both,Urban,60-64,Middle,1.42,1.16,1.73,359,25344
IN-CT,Chhattisgarh,Both,Urban,60-64,Secondary,1.06,0.87,1.29,268,25344
IN-CT,Chhattisgarh,Both,Urban,60-64,Higher,1.00,0.82,1.22,253,25344
IN-CT,Chhattisgarh,Both,Urban,65-69,All,2.95,2.42,3.60,3738,126720
IN-CT,Chhattisgarh,Both,Urban,65-69,None,4.13,3.39,5.04,1046,25344
IN-CT,Chhattisgarh,Both,Urban,65-69,Primary,3.10,2.54,3.78,785,25344
IN-CT,Chhattisgarh,Both,Urban,65-69,Middle,2.36,1.94,2.88,598,25344
IN-CT,Chhattisgarh,Both,Urban,65-69,Secondary,1.77,1.45,2.16,448,25344
IN-CT,Chhattisgarh,Both,Urban,65-69,Higher,1.33,1.09,1.62,337,25344
IN-CT,Chhattisgarh,Both,Urban,70-74,All,4.53,3.71,5.53,5740,126720
IN-CT,Chhattisgarh,Both,Urban,70-74,None,6.34,5.20,7.73,1606,25344
IN-CT,Chhattisgarh,Both,Urban,70-74,Primary,4.75,3.89,5.80,1203,25344
IN-CT,Chhattisgarh,Both,Urban,70-74,Middle,3.62,2.97,4.42,917,25344
IN-CT,Chhattisgarh,Both,Urban,70-74,Secondary,2.72,2.23,3.32,689,25344
IN-CT,Chhattisgarh,Both,Urban,70-74,Higher,2.04,1.67,2.49,517,25344
IN-CT,Chhattisgarh,Both,Urban,75-79,All,6.69,5.49,8.16,8477,126720
IN-CT,Chhattisgarh,Both,Urban,75-79,None,9.37,7.68,11.43,2374,25344
IN-CT,Chhattisgarh,Both,Urban,75-79,Primary,7.03,5.76,8.58,1781,25344
IN-CT,Chhattisgarh,Both,Urban,75-79,Middle,5.35,4.39,6.53,1355,25344
IN-CT,Chhattisgarh,Both,Urban,75-79,Secondary,4.01,3.29,4.89,1016,25344
IN-CT,Chhattisgarh,Both,Urban,75-79,Higher,3.01,2.47,3.67,762,25344
IN-CT,Chhattisgarh,Both,Urban,80-84,All,9.45,7.75,11.53,11975,126720
IN-CT,Chhattisgarh,Both,Urban,80-84,None,13.22,10.84,16.13,3350,25344
IN-CT,Chhattisgarh,Both,Urban,80-84,Primary,9.92,8.13,12.10,2514,25344
IN-CT,Chhattisgarh,Both,Urban,80-84,Middle,7.56,6.20,9.22,1916,25344
IN-CT,Chhattisgarh,Both,Urban,80-84,Secondary,5.67,4.65,6.92,1437,25344
IN-CT,Chhattisgarh,Both,Urban,80-84,Higher,4.25,3.49,5.19,1077,25344
IN-CT,Chhattisgarh,Both,Urban,85+,All,12.99,10.65,15.85,16460,126720
IN-CT,Chhattisgarh,Both,Urban,85+,None,18.18,14.91,22.18,4607,25344
IN-CT,Chhattisgarh,Both,Urban,85+,Primary,13.64,11.18,16.64,3456,25344
IN-CT,Chhattisgarh,Both,Urban,85+,Middle,10.39,8.52,12.68,2633,25344
IN-CT,Chhattisgarh,Both,Urban,85+,Secondary,7.79,6.39,9.50,1974,25344
IN-CT,Chhattisgarh,Both,Urban,85+,Higher,5.84,4.79,7.12,1480,25344
IN-CT,Chhattisgarh,Both,Rural,60+,All,5.86,4.81,7.15,87665,1496000
IN-CT,Chhattisgarh,Both,Rural,60+,None,8.20,6.72,10.00,24534,299200
IN-CT,Chhattisgarh,Both,Rural,60+,Primary,6.15,5.04,7.50,18400,299200
IN-CT,Chhattisgarh,Both,Rural,60+,Middle,4.68,3.84,5.71,14002,299200
IN-CT,Chhattisgarh,Both,Rural,60+,Secondary,3.51,2.88,4.28,10501,299200
IN-CT,Chhattisgarh,Both,Rural,60+,Higher,2.64,2.16,3.22,7898,299200
IN-CT,Chhattisgarh,Both,Rural,60-64,All,2.64,2.16,3.22,7108,269280
IN-CT,Chhattisgarh,Both,Rural,60-64,None,3.69,3.03,4.50,1987,53856
IN-CT,Chhattisgarh,Both,Rural,60-64,Primary,2.77,2.27,3.38,1491,53856
IN-CT,Chhattisgarh,Both,Rural,60-64,Middle,2.11,1.73,2.57,1136,53856
IN-CT,Chhattisgarh,Both,Rural,60-64,Secondary,1.58,1.30,1.93,850,53856
IN-CT,Chhattisgarh,Both,Rural,60-64,Higher,1.19,0.98,1.45,640,53856
IN-CT,Chhattisgarh,Both,Rural,65-69,All,4.39,3.60,5.36,11821,269280
IN-CT,Chhattisgarh,Both,Rural,65-69,None,6.15,5.04,7.50,3312,53856
IN-CT,Chhattisgarh,Both,Rural,65-69,Primary,4.61,3.78,5.62,2482,53856
IN-CT,Chhattisgarh,Both,Rural,65-69,Middle,3.51,2.88,4.28,1890,53856
IN-CT,Chhattisgarh,Both,Rural,65-69,Secondary,2.64,2.16,3.22,1421,53856
IN-CT,Chhattisgarh,Both,Rural,65-69,Higher,1.98,1.62,2.42,1066,53856
IN-CT,Chhattisgarh,Both,Rural,70-74,All,6.73,5.52,8.21,18122,269280
IN-CT,Chhattisgarh,Both,Rural,70-74,None,9.43,7.73,11.50,5078,53856
IN-CT,Chhattisgarh,Both,Rural,70-74,Primary,7.07,5.80,8.63,3807,53856
IN-CT,Chhattisgarh,Both,Rural,70-74,Middle,5.39,4.42,6.58,2902,53856
IN-CT,Chhattisgarh,Both,Rural,70-74,Secondary,4.04,3.31,4.93,2175,53856
IN-CT,Chhattisgarh,Both,Rural,70-74,Higher,3.03,2.48,3.70,1631,53856
IN-CT,Chhattisgarh,Both,Rural,75-79,All,9.96,8.17,12.15,26820,269280
IN-CT,Chhattisgarh,Both,Rural,75-79,None,13.94,11.43,17.01,7507,53856
IN-CT,Chhattisgarh,Both,Rural,75-79,Primary,10.45,8.57,12.75,5627,53856
IN-CT,Chhattisgarh,Both,Rural,75-79,Middle,7.96,6.53,9.71,4286,53856
IN-CT,Chhattisgarh,Both,Rural,75-79,Secondary,5.97,4.90,7.28,3215,53856
IN-CT,Chhattisgarh,Both,Rural,75-79,Higher,4.48,3.67,5.47,2412,53856
IN-CT,Chhattisgarh,Both,Rural,80-84,All,14.05,11.52,17.14,37833,269280
IN-CT,Chhattisgarh,Both,Rural,80-84,None,19.68,16.14,24.01,10598,53856
IN-CT,Chhattisgarh,Both,Rural,80-84,Primary,14.76,12.10,18.01,7949,53856
IN-CT,Chhattisgarh,Both,Rural,80-84,Middle,11.24,9.22,13.71,6053,53856
IN-CT,Chhattisgarh,Both,Rural,80-84,Secondary,8.43,6.91,10.28,4540,53856
IN-CT,Chhattisgarh,Both,Rural,80-84,Higher,6.32,5.18,7.71,3403,53856
IN-CT,Chhattisgarh,Both,Rural,85+,All,19.32,15.84,23.57,52024,269280
IN-CT,Chhattisgarh,Both,Rural,85+,None,27.05,22.18,33.00,14568,53856
IN-CT,Chhattisgarh,Both,Rural,85+,Primary,20.29,16.64,24.75,10927,53856
IN-CT,Chhattisgarh,Both,Rural,85+,Middle,15.46,12.68,18.86,8326,53856
IN-CT,Chhattisgarh,Both,Rural,85+,Secondary,11.59,9.50,14.14,6241,53856
IN-CT,Chhattisgarh,Both,Rural,85+,Higher,8.70,7.13,10.61,4685,53856
IN-CT,Chhattisgarh,Male,All,60+,All,4.08,3.35,4.98,44880,1100000
IN-CT,Chhattisgarh,Male,All,60+,None,5.71,4.68,6.97,12562,220000
IN-CT,Chhattisgarh,Male,All,60+,Primary,4.28,3.51,5.22,9416,220000
IN-CT,Chhattisgarh,Male,All,60+,Middle,3.26,2.67,3.98,7171,220000
IN-CT,Chhattisgarh,Male,All,60+,Secondary,2.45,2.01,2.99,5390,220000
IN-CT,Chhattisgarh,Male,All,60+,Higher,1.84,1.51,2.24,4048,220000
IN-CT,Chhattisgarh,Male,All,60-64,All,1.84,1.51,2.24,3643,198000
IN-CT,Chhattisgarh,Male,All,60-64,None,2.57,2.11,3.14,1017,39600
IN-CT,Chhattisgarh,Male,All,60-64,Primary,1.93,1.58,2.35,764,39600
IN-CT,Chhattisgarh,Male,All,60-64,Middle,1.47,1.21,1.79,582,39600
IN-CT,Chhattisgarh,Male,All,60-64,Secondary,1.10,0.90,1.34,435,39600
IN-CT,Chhattisgarh,Male,All,60-64,Higher,1.00,0.82,1.22,396,39600
IN-CT,Chhattisgarh,Male,All,65-69,All,3.06,2.51,3.73,6058,198000
IN-CT,Chhattisgarh,Male,All,65-69,None,4.28,3.51,5.22,1694,39600
IN-CT,Chhattisgarh,Male,All,65-69,Primary,3.21,2.63,3.92,1271,39600
IN-CT,Chhattisgarh,Male,All,65-69,Middle,2.45,2.01,2.99,970,39600
IN-CT,Chhattisgarh,Male,All,65-69,Secondary,1.84,1.51,2.24,728,39600
IN-CT,Chhattisgarh,Male,All,65-69,Higher,1.38,1.13,1.68,546,39600
IN-CT,Chhattisgarh,Male,All,70-74,All,4.69,3.85,5.72,9286,198000
IN-CT,Chhattisgarh,Male,All,70-74,None,6.57,5.39,8.02,2601,39600
IN-CT,Chhattisgarh,Male,All,70-74,Primary,4.93,4.04,6.01,1952,39600
IN-CT,Chhattisgarh,Male,All,70-74,Middle,3.75,3.08,4.58,1485,39600
IN-CT,Chhattisgarh,Male,All,70-74,Secondary,2.82,2.31,3.44,1116,39600
IN-CT,Chhattisgarh,Male,All,70-74,Higher,2.11,1.73,2.57,835,39600
IN-CT,Chhattisgarh,Male,All,75-79,All,6.94,5.69,8.47,13741,198000
IN-CT,Chhattisgarh,Male,All,75-79,None,9.71,7.96,11.85,3845,39600
IN-CT,Chhattisgarh,Male,All,75-79,Primary,7.28,5.97,8.88,2882,39600
IN-CT,Chhattisgarh,Male,All,75-79,Middle,5.55,4.55,6.77,2197,39600
IN-CT,Chhattisgarh,Male,All,75-79,Secondary,4.16,3.41,5.08,1647,39600
IN-CT,Chhattisgarh,Male,All,75-79,Higher,3.12,2.56,3.81,1235,39600
IN-CT,Chhattisgarh,Male,All,80-84,All,9.79,8.03,11.94,19384,198000
IN-CT,Chhattisgarh,Male,All,80-84,None,13.71,11.24,16.73,5429,39600
IN-CT,Chhattisgarh,Male,All,80-84,Primary,10.28,8.43,12.54,4070,39600
IN-CT,Chhattisgarh,Male,All,80-84,Middle,7.83,6.42,9.55,3100,39600
IN-CT,Chhattisgarh,Male,All,80-84,Secondary,5.88,4.82,7.17,2328,39600
IN-CT,Chhattisgarh,Male,All,80-84,Higher,4.41,3.62,5.38,1746,39600
IN-CT,Chhattisgarh,Male,All,85+,All,13.46,11.04,16.42,26650,198000
IN-CT,Chhattisgarh,Male,All,85+,None,18.85,15.46,23.00,7464,39600
IN-CT,Chhattisgarh,Male,All,85+,Primary,14.14,11.59,17.25,5599,39600
IN-CT,Chhattisgarh,Male,All,85+,Middle,10.77,8.83,13.14,4264,39600
IN-CT,Chhattisgarh,Male,All,85+,Secondary,8.08,6.63,9.86,3199,39600
IN-CT,Chhattisgarh,Male,All,85+,Higher,6.06,4.97,7.39,2399,39600
IN-CT,Chhattisgarh,Male,Urban,60+,All,3.35,2.75,4.09,11792,352000
IN-CT,Chhattisgarh,Male,Urban,60+,None,4.68,3.84,5.71,3294,70400
IN-CT,Chhattisgarh,Male,Urban,60+,Primary,3.51,2.88,4.28,2471,70400
IN-CT,Chhattisgarh,Male,Urban,60+,Middle,2.68,2.20,3.27,1886,70400
IN-CT,Chhattisgarh,Male,Urban,60+,Secondary,2.01,1.65,2.45,1415,70400
IN-CT,Chhattisgarh,Male,Urban,60+,Higher,1.51,1.24,1.84,1063,70400
IN-CT,Chhattisgarh,Male,Urban,60-64,All,1.51,1.24,1.84,956,63360
IN-CT,Chhattisgarh,Male,Urban,60-64,None,2.11,1.73,2.57,267,12672
IN-CT,Chhattisgarh,Male,Urban,60-64,Primary,1.58,1.30,1.93,200,12672
IN-CT,Chhattisgarh,Male,Urban,60-64,Middle,1.20,0.98,1.46,152,12672
IN-CT,Chhattisgarh,Male,Urban,60-64,Secondary,1.00,0.82,1.22,126,12672
IN-CT,Chhattisgarh,Male,Urban,60-64,Higher,1.00,0.82,1.22,126,12672
IN-CT,Chhattisgarh,Male,Urban,65-69,All,2.51,2.06,3.06,1590,63360
IN-CT,Chhattisgarh,Male,Urban,65-69,None,3.51,2.88,4.28,444,12672
IN-CT,Chhattisgarh,Male,Urban,65-69,Primary,2.63,2.16,3.21,333,12672
IN-CT,Chhattisgarh,Male,Urban,65-69,Middle,2.01,1.65,2.45,254,12672
IN-CT,Chhattisgarh,Male,Urban,65-69,Secondary,1.51,1.24,1.84,191,12672
IN-CT,Chhattisgarh,Male,Urban,65-69,Higher,1.13,0.93,1.38,143,12672
IN-CT,Chhattisgarh,Male,Urban,70-74,All,3.85,3.16,4.70,2439,63360
IN-CT,Chhattisgarh,Male,Urban,70-74,None,5.39,4.42,6.58,683,12672
IN-CT,Chhattisgarh,Male,Urban,70-74,Primary,4.04,3.31,4.93,511,12672
IN-CT,Chhattisgarh,Male,Urban,70-74,Middle,3.08,2.53,3.76,390,12672
IN-CT,Chhattisgarh,Male,Urban,70-74,Secondary,2.31,1.89,2.82,292,12672
IN-CT,Chhattisgarh,Male,Urban,70-74,Higher,1.73,1.42,2.11,219,12672
IN-CT,Chhattisgarh,Male,Urban,75-79,All,5.69,4.67,6.94,3605,63360
IN-CT,Chhattisgarh,Male,Urban,75-79,None,7.96,6.53,9.71,1008,12672
IN-CT,Chhattisgarh,Male,Urban,75-79,Primary,5.97,4.90,7.28,756,12672
IN-CT,Chhattisgarh,Male,Urban,75-79,Middle,4.55,3.73,5.55,576,12672
IN-CT,Chhattisgarh,Male,Urban,75-79,Secondary,3.41,2.80,4.16,432,12672
IN-CT,Chhattisgarh,Male,Urban,75-79,Higher,2.56,2.10,3.12,324,12672
IN-CT,Chhattisgarh,Male,Urban,80-84,All,8.03,6.58,9.80,5087,63360
IN-CT,Chhattisgarh,Male,Urban,80-84,None,11.24,9.22,13.71,1424,12672
IN-CT,Chhattisgarh,Male,Urban,80-84,Primary,8.43,6.91,10.28,1068,12672
IN-CT,Chhattisgarh,Male,Urban,80-84,Middle,6.42,5.26,7.83,813,12672
IN-CT,Chhattisgarh,Male,Urban,80-84,Secondary,4.82,3.95,5.88,610,12672
IN-CT,Chhattisgarh,Male,Urban,80-84,Higher,3.61,2.96,4.40,457,12672
IN-CT,Chhattisgarh,Male,Urban,85+,All,11.04,9.05,13.47,6994,63360
IN-CT,Chhattisgarh,Male,Urban,85+,None,15.46,12.68,18.86,1959,12672
IN-CT,Chhattisgarh,Male,Urban,85+,Primary,11.59,9.50,14.14,1468,12672
IN-CT,Chhattisgarh,Male,Urban,85+,Middle,8.83,7.24,10.77,1118,12672
IN-CT,Chhattisgarh,Male,Urban,85+,Secondary,6.62,5.43,8.08,838,12672
IN-CT,Chhattisgarh,Male,Urban,85+,Higher,4.97,4.08,6.06,629,12672
IN-CT,Chhattisgarh,Male,Rural,60+,All,4.98,4.08,6.08,37250,748000
IN-CT,Chhattisgarh,Male,Rural,60+,None,6.97,5.72,8.50,10427,149600
IN-CT,Chhattisgarh,Male,Rural,60+,Primary,5.23,4.29,6.38,7824,149600
IN-CT,Chhattisgarh,Male,Rural,60+,Middle,3.98,3.26,4.86,5954,149600
IN-CT,Chhattisgarh,Male,Rural,60+,Secondary,2.99,2.45,3.65,4473,149600
IN-CT,Chhattisgarh,Male,Rural,60+,Higher,2.24,1.84,2.73,3351,149600
IN-CT,Chhattisgarh,Male,Rural,60-64,All,2.24,1.84,2.73,3015,134640
IN-CT,Chhattisgarh,Male,Rural,60-64,None,3.14,2.57,3.83,845,26928
IN-CT,Chhattisgarh,Male,Rural,60-64,Primary,2.35,1.93,2.87,632,26928
IN-CT,Chhattisgarh,Male,Rural,60-64,Middle,1.79,1.47,2.18,482,26928
IN-CT,Chhattisgarh,Male,Rural,60-64,Secondary,1.34,1.10,1.63,360,26928
IN-CT,Chhattisgarh,Male,Rural,60-64,Higher,1.01,0.83,1.23,271,26928
IN-CT,Chhattisgarh,Male,Rural,65-69,All,3.73,3.06,4.55,5022,134640
IN-CT,Chhattisgarh,Male,Rural,65-69,None,5.23,4.29,6.38,1408,26928
IN-CT,Chhattisgarh,Male,Rural,65-69,Primary,3.92,3.21,4.78,1055,26928
IN-CT,Chhattisgarh,Male,Rural,65-69,Middle,2.99,2.45,3.65,805,26928
IN-CT,Chhattisgarh,Male,Rural,65-69,Secondary,2.24,1.84,2.73,603,26928
IN-CT,Chhattisgarh,Male,Rural,65-69,Higher,1.68,1.38,2.05,452,26928
IN-CT,Chhattisgarh,Male,Rural,70-74,All,5.72,4.69,6.98,7701,134640
IN-CT,Chhattisgarh,Male,Rural,70-74,None,8.01,6.57,9.77,2156,26928
IN-CT,Chhattisgarh,Male,Rural,70-74,Primary,6.01,4.93,7.33,1618,26928
IN-CT,Chhattisgarh,Male,Rural,70-74,Middle,4.58,3.76,5.59,1233,26928
IN-CT,Chhattisgarh,Male,Rural,70-74,Secondary,3.43,2.81,4.18,923,26928
IN-CT,Chhattisgarh,Male,Rural,70-74,Higher,2.58,2.12,3.15,694,26928
IN-CT,Chhattisgarh,Male,Rural,75-79,All,8.46,6.94,10.32,11390,134640
IN-CT,Chhattisgarh,Male,Rural,75-79,None,11.85,9.72,14.46,3190,26928
IN-CT,Chhattisgarh,Male,Rural,75-79,Primary,8.89,7.29,10.85,2393,26928
IN-CT,Chhattisgarh,Male,Rural,75-79,Middle,6.77,5.55,8.26,1823,26928
IN-CT,Chhattisgarh,Male,Rural,75-79,Secondary,5.08,4.17,6.20,1367,26928
IN-CT,Chhattisgarh,Male,Rural,75-79,Higher,3.81,3.12,4.65,1025,26928
IN-CT,Chhattisgarh,Male,Rural,80-84,All,11.95,9.80,14.58,16089,134640
IN-CT,Chhattisgarh,Male,Rural,80-84,None,16.72,13.71,20.40,4502,26928
IN-CT,Chhattisgarh,Male,Rural,80-84,Primary,12.54,10.28,15.30,3376,26928
IN-CT,Chhattisgarh,Male,Rural,80-84,Middle,9.56,7.84,11.66,2574,26928
IN-CT,Chhattisgarh,Male,Rural,80-84,Secondary,7.17,5.88,8.75,1930,26928
IN-CT,Chhattisgarh,Male,Rural,80-84,Higher,5.38,4.41,6.56,1448,26928
IN-CT,Chhattisgarh,Male,Rural,85+,All,16.43,13.47,20.04,22121,134640
IN-CT,Chhattisgarh,Male,Rural,85+,None,23.00,18.86,28.06,6193,26928
IN-CT,Chhattisgarh,Male,Rural,85+,Primary,17.25,14.15,21.05,4645,26928
IN-CT,Chhattisgarh,Male,Rural,85+,Middle,13.14,10.77,16.03,3538,26928
IN-CT,Chhattisgarh,Male,Rural,85+,Secondary,9.86,8.09,12.03,2655,26928
IN-CT,Chhattisgarh,Male,Rural,85+,Higher,7.39,6.06,9.02,1989,26928
IN-CT,Chhattisgarh,Female,All,60+,All,5.52,4.53,6.73,60720,1100000
IN-CT,Chhattisgarh,Female,All,60+,None,7.73,6.34,9.43,17006,220000
IN-CT,Chhattisgarh,Female,All,60+,Primary,5.80,4.76,7.08,12760,220000
IN-CT,Chhattisgarh,Female,All,60+,Middle,4.42,3.62,5.39,9724,220000
IN-CT,Chhattisgarh,Female,All,60+,Secondary,3.31,2.71,4.04,7281,220000
IN-CT,Chhattisgarh,Female,All,60+,Higher,2.48,2.03,3.03,5456,220000
IN-CT,Chhattisgarh,Female,All,60-64,All,2.48,2.03,3.03,4910,198000
IN-CT,Chhattisgarh,Female,All,60-64,None,3.48,2.85,4.25,1378,39600
IN-CT,Chhattisgarh,Female,All,60-64,Primary,2.61,2.14,3.18,1033,39600
IN-CT,Chhattisgarh,Female,All,60-64,Middle,1.99,1.63,2.43,788,39600
IN-CT,Chhattisgarh,Female,All,60-64,Secondary,1.49,1.22,1.82,590,39600
IN-CT,Chhattisgarh,Female,All,60-64,Higher,1.12,0.92,1.37,443,39600
IN-CT,Chhattisgarh,Female,All,65-69,All,4.14,3.39,5.05,8197,198000
IN-CT,Chhattisgarh,Female,All,65-69,None,5.80,4.76,7.08,2296,39600
IN-CT,Chhattisgarh,Female,All,65-69,Primary,4.35,3.57,5.31,1722,39600
IN-CT,Chhattisgarh,Female,All,65-69,Middle,3.31,2.71,4.04,1310,39600
IN-CT,Chhattisgarh,Female,All,65-69,Secondary,2.48,2.03,3.03,982,39600
IN-CT,Chhattisgarh,Female,All,65-69,Higher,1.86,1.53,2.27,736,39600
IN-CT,Chhattisgarh,Female,All,70-74,All,6.35,5.21,7.75,12573,198000
IN-CT,Chhattisgarh,Female,All,70-74,None,8.89,7.29,10.85,3520,39600
IN-CT,Chhattisgarh,Female,All,70-74,Primary,6.67,5.47,8.14,2641,39600
IN-CT,Chhattisgarh,Female,All,70-74,Middle,5.08,4.17,6.20,2011,39600
IN-CT,Chhattisgarh,Female,All,70-74,Secondary,3.81,3.12,4.65,1508,39600
IN-CT,Chhattisgarh,Female,All,70-74,Higher,2.86,2.35,3.49,1132,39600
IN-CT,Chhattisgarh,Female,All,75-79,All,9.38,7.69,11.44,18572,198000
IN-CT,Chhattisgarh,Female,All,75-79,None,13.14,10.77,16.03,5203,39600
IN-CT,Chhattisgarh,Female,All,75-79,Primary,9.85,8.08,12.02,3900,39600
IN-CT,Chhattisgarh,Female,All,75-79,Middle,7.51,6.16,9.16,2973,39600
IN-CT,Chhattisgarh,Female,All,75-79,Secondary,5.63,4.62,6.87,2229,39600
IN-CT,Chhattisgarh,Female,All,75-79,Higher,4.22,3.46,5.15,1671,39600
IN-CT,Chhattisgarh,Female,All,80-84,All,13.25,10.87,16.17,26235,198000
IN-CT,Chhattisgarh,Female,All,80-84,None,18.55,15.21,22.63,7345,39600
IN-CT,Chhattisgarh,Female,All,80-84,Primary,13.91,11.41,16.97,5508,39600
IN-CT,Chhattisgarh,Female,All,80-84,Middle,10.60,8.69,12.93,4197,39600
IN-CT,Chhattisgarh,Female,All,80-84,Secondary,7.95,6.52,9.70,3148,39600
IN-CT,Chhattisgarh,Female,All,80-84,Higher,5.96,4.89,7.27,2360,39600
IN-CT,Chhattisgarh,Female,All,85+,All,18.22,14.94,22.23,36075,198000
IN-CT,Chhattisgarh,Female,All,85+,None,25.50,20.91,31.11,10098,39600
IN-CT,Chhattisgarh,Female,All,85+,Primary,19.13,15.69,23.34,7575,39600
IN-CT,Chhattisgarh,Female,All,85+,Middle,14.57,11.95,17.78,5769,39600
IN-CT,Chhattisgarh,Female,All,85+,Secondary,10.93,8.96,13.33,4328,39600
IN-CT,Chhattisgarh,Female,All,85+,Higher,8.20,6.72,10.00,3247,39600
IN-CT,Chhattisgarh,Female,Urban,60+,All,4.53,3.71,5.53,15945,352000
IN-CT,Chhattisgarh,Female,Urban,60+,None,6.34,5.20,7.73,4463,70400
IN-CT,Chhattisgarh,Female,Urban,60+,Primary,4.75,3.89,5.80,3344,70400
IN-CT,Chhattisgarh,Female,Urban,60+,Middle,3.62,2.97,4.42,2548,70400
IN-CT,Chhattisgarh,Female,Urban,60+,Secondary,2.72,2.23,3.32,1914,70400
IN-CT,Chhattisgarh,Female,Urban,60+,Higher,2.04,1.67,2.49,1436,70400
IN-CT,Chhattisgarh,Female,Urban,60-64,All,2.04,1.67,2.49,1292,63360
IN-CT,Chhattisgarh,Female,Urban,60-64,None,2.85,2.34,3.48,361,12672
IN-CT,Chhattisgarh,Female,Urban,60-64,Primary,2.14,1.75,2.61,271,12672
IN-CT,Chhattisgarh,Female,Urban,60-64,Middle,1.63,1.34,1.99,206,12672
IN-CT,Chhattisgarh,Female,Urban,60-64,Secondary,1.22,1.00,1.49,154,12672
IN-CT,Chhattisgarh,Female,Urban,60-64,Higher,1.00,0.82,1.22,126,12672
IN-CT,Chhattisgarh,Female,Urban,65-69,All,3.39,2.78,4.14,2147,63360
IN-CT,Chhattisgarh,Female,Urban,65-69,None,4.75,3.89,5.80,601,12672
IN-CT,Chhattisgarh,Female,Urban,65-69,Primary,3.56,2.92,4.34,451,12672
IN-CT,Chhattisgarh,Female,Urban,65-69,Middle,2.72,2.23,3.32,344,12672
IN-CT,Chhattisgarh,Female,Urban,65-69,Secondary,2.04,1.67,2.49,258,12672
IN-CT,Chhattisgarh,Female,Urban,65-69,Higher,1.53,1.25,1.87,193,12672
IN-CT,Chhattisgarh,Female,Urban,70-74,All,5.21,4.27,6.36,3301,63360
IN-CT,Chhattisgarh,Female,Urban,70-74,None,7.29,5.98,8.89,923,12672
IN-CT,Chhattisgarh,Female,Urban,70-74,Primary,5.47,4.49,6.67,693,12672
IN-CT,Chhattisgarh,Female,Urban,70-74,Middle,4.16,3.41,5.08,527,12672
IN-CT,Chhattisgarh,Female,Urban,70-74,Secondary,3.12,2.56,3.81,395,12672
IN-CT,Chhattisgarh,Female,Urban,70-74,Higher,2.34,1.92,2.85,296,12672
IN-CT,Chhattisgarh,Female,Urban,75-79,All,7.69,6.31,9.38,4872,63360
IN-CT,Chhattisgarh,Female,Urban,75-79,None,10.77,8.83,13.14,1364,12672
IN-CT,Chhattisgarh,Female,Urban,75-79,Primary,8.08,6.63,9.86,1023,12672
IN-CT,Chhattisgarh,Female,Urban,75-79,Middle,6.16,5.05,7.52,780,12672
IN-CT,Chhattisgarh,Female,Urban,75-79,Secondary,4.62,3.79,5.64,585,12672
IN-CT,Chhattisgarh,Female,Urban,75-79,Higher,3.46,2.84,4.22,438,12672
IN-CT,Chhattisgarh,Female,Urban,80-84,All,10.86,8.91,13.25,6880,63360
IN-CT,Chhattisgarh,Female,Urban,80-84,None,15.21,12.47,18.56,1927,12672
IN-CT,Chhattisgarh,Female,Urban,80-84,Primary,11.41,9.36,13.92,1445,12672
IN-CT,Chhattisgarh,Female,Urban,80-84,Middle,8.69,7.13,10.60,1101,12672
IN-CT,Chhattisgarh,Female,Urban,80-84,Secondary,6.52,5.35,7.95,826,12672
IN-CT,Chhattisgarh,Female,Urban,80-84,Higher,4.89,4.01,5.97,619,12672
IN-CT,Chhattisgarh,Female,Urban,85+,All,14.94,12.25,18.23,9465,63360
IN-CT,Chhattisgarh,Female,Urban,85+,None,20.91,17.15,25.51,2649,12672
IN-CT,Chhattisgarh,Female,Urban,85+,Primary,15.68,12.86,19.13,1986,12672
IN-CT,Chhattisgarh,Female,Urban,85+,Middle,11.95,9.80,14.58,1514,12672
IN-CT,Chhattisgarh,Female,Urban,85+,Secondary,8.96,7.35,10.93,1135,12672
IN-CT,Chhattisgarh,Female,Urban,85+,Higher,6.72,5.51,8.20,851,12672
IN-CT,Chhattisgarh,Female,Rural,60+,All,6.73,5.52,8.21,50340,748000
IN-CT,Chhattisgarh,Female,Rural,60+,None,9.43,7.73,11.50,14107,149600
IN-CT,Chhattisgarh,Female,Rural,60+,Primary,7.07,5.80,8.63,10576,149600
IN-CT,Chhattisgarh,Female,Rural,60+,Middle,5.39,4.42,6.58,8063,149600
IN-CT,Chhattisgarh,Female,Rural,60+,Secondary,4.04,3.31,4.93,6043,149600
IN-CT,Chhattisgarh,Female,Rural,60+,Higher,3.03,2.48,3.70,4532,149600
IN-CT,Chhattisgarh,Female,Rural,60-64,All,3.03,2.48,3.70,4079,134640
IN-CT,Chhattisgarh,Female,Rural,60-64,None,4.24,3.48,5.17,1141,26928
IN-CT,Chhattisgarh,Female,Rural,60-64,Primary,3.18,2.61,3.88,856,26928
IN-CT,Chhattisgarh,Female,Rural,60-64,Middle,2.42,1.98,2.95,651,26928
IN-CT,Chhattisgarh,Female,Rural,60-64,Secondary,1.82,1.49,2.22,490,26928
IN-CT,Chhattisgarh,Female,Rural,60-64,Higher,1.36,1.12,1.66,366,26928
IN-CT,Chhattisgarh,Female,Rural,65-69,All,5.05,4.14,6.16,6799,134640
IN-CT,Chhattisgarh,Female,Rural,65-69,None,7.07,5.80,8.63,1903,26928
IN-CT,Chhattisgarh,Female,Rural,65-69,Primary,5.30,4.35,6.47,1427,26928
IN-CT,Chhattisgarh,Female,Rural,65-69,Middle,4.04,3.31,4.93,1087,26928
IN-CT,Chhattisgarh,Female,Rural,65-69,Secondary,3.03,2.48,3.70,815,26928
IN-CT,Chhattisgarh,Female,Rural,65-69,Higher,2.27,1.86,2.77,611,26928
IN-CT,Chhattisgarh,Female,Rural,70-74,All,7.74,6.35,9.44,10421,134640
IN-CT,Chhattisgarh,Female,Rural,70-74,None,10.84,8.89,13.22,2918,26928
IN-CT,Chhattisgarh,Female,Rural,70-74,Primary,8.13,6.67,9.92,2189,26928
IN-CT,Chhattisgarh,Female,Rural,70-74,Middle,6.20,5.08,7.56,1669,26928
IN-CT,Chhattisgarh,Female,Rural,70-74,Secondary,4.65,3.81,5.67,1252,26928
IN-CT,Chhattisgarh,Female,Rural,70-74,Higher,3.49,2.86,4.26,939,26928
IN-CT,Chhattisgarh,Female,Rural,75-79,All,11.45,9.39,13.97,15416,134640
IN-CT,Chhattisgarh,Female,Rural,75-79,None,16.03,13.14,19.56,4316,26928
IN-CT,Chhattisgarh,Female,Rural,75-79,Primary,12.02,9.86,14.66,3236,26928
IN-CT,Chhattisgarh,Female,Rural,75-79,Middle,9.16,7.51,11.18,2466,26928
IN-CT,Chhattisgarh,Female,Rural,75-79,Secondary,6.87,5.63,8.38,1849,26928
IN-CT,Chhattisgarh,Female,Rural,75-79,Higher,5.15,4.22,6.28,1386,26928
IN-CT,Chhattisgarh,Female,Rural,80-84,All,16.16,13.25,19.72,21757,134640
IN-CT,Chhattisgarh,Female,Rural,80-84,None,22.63,18.56,27.61,6093,26928
IN-CT,Chhattisgarh,Female,Rural,80-84,Primary,16.97,13.92,20.70,4569,26928
IN-CT,Chhattisgarh,Female,Rural,80-84,Middle,12.93,10.60,15.77,3481,26928
IN-CT,Chhattisgarh,Female,Rural,80-84,Secondary,9.70,7.95,11.83,2612,26928
IN-CT,Chhattisgarh,Female,Rural,80-84,Higher,7.27,5.96,8.87,1957,26928
IN-CT,Chhattisgarh,Female,Rural,85+,All,22.22,18.22,27.11,29917,134640
IN-CT,Chhattisgarh,Female,Rural,85+,None,31.11,25.51,37.95,8377,26928
IN-CT,Chhattisgarh,Female,Rural,85+,Primary,23.33,19.13,28.46,6282,26928
IN-CT,Chhattisgarh,Female,Rural,85+,Middle,17.78,14.58,21.69,4787,26928
IN-CT,Chhattisgarh,Female,Rural,85+,Secondary,13.33,10.93,16.26,3589,26928
IN-CT,Chhattisgarh,Female,Rural,85+,Higher,10.00,8.20,12.20,2692,26928
IN-DL,Delhi,Both,All,60+,All,4.50,3.69,5.49,76500,1700000
IN-DL,Delhi,Both,All,60+,None,6.30,5.17,7.69,21420,340000
IN-DL,Delhi,Both,All,60+,Primary,4.73,3.88,5.77,16082,340000
IN-DL,Delhi,Both,All,60+,Middle,3.60,2.95,4.39,12240,340000
IN-DL,Delhi,Both,All,60+,Secondary,2.70,2.21,3.29,9180,340000
IN-DL,Delhi,Both,All,60+,Higher,2.03,1.66,2.48,6901,340000
IN-DL,Delhi,Both,All,60-64,All,2.03,1.66,2.48,6211,306000
IN-DL,Delhi,Both,All,60-64,None,2.84,2.33,3.46,1738,61199
IN-DL,Delhi,Both,All,60-64,Primary,2.13,1.75,2.60,1303,61199
IN-DL,Delhi,Both,All,60-64,Middle,1.62,1.33,1.98,991,61199
IN-DL,Delhi,Both,All,60-64,Secondary,1.22,1.00,1.49,746,61199
IN-DL,Delhi,Both,All,60-64,Higher,1.00,0.82,1.22,611,61199
IN-DL,Delhi,Both,All,65-69,All,3.38,2.77,4.12,10342,306000
IN-DL,Delhi,Both,All,65-69,None,4.72,3.87,5.76,2888,61199
IN-DL,Delhi,Both,All,65-69,Primary,3.54,2.90,4.32,2166,61199
IN-DL,Delhi,Both,All,65-69,Middle,2.70,2.21,3.29,1652,61199
IN-DL,Delhi,Both,All,65-69,Secondary,2.03,1.66,2.48,1242,61199
IN-DL,Delhi,Both,All,65-69,Higher,1.52,1.25,1.85,930,61199
IN-DL,Delhi,Both,All,70-74,All,5.18,4.25,6.32,15850,306000
IN-DL,Delhi,Both,All,70-74,None,7.24,5.94,8.83,4430,61199
IN-DL,Delhi,Both,All,70-74,Primary,5.43,4.45,6.62,3323,61199
IN-DL,Delhi,Both,All,70-74,Middle,4.14,3.39,5.05,2533,61199
IN-DL,Delhi,Both,All,70-74,Secondary,3.10,2.54,3.78,1897,61199
IN-DL,Delhi,Both,All,70-74,Higher,2.33,1.91,2.84,1425,61199
IN-DL,Delhi,Both,All,75-79,All,7.65,6.27,9.33,23409,306000
IN-DL,Delhi,Both,All,75-79,None,10.71,8.78,13.07,6554,61199
IN-DL,Delhi,Both,All,75-79,Primary,8.03,6.58,9.80,4914,61199
IN-DL,Delhi,Both,All,75-79,Middle,6.12,5.02,7.47,3745,61199
IN-DL,Delhi,Both,All,75-79,Secondary,4.59,3.76,5.60,2809,61199
IN-DL,Delhi,Both,All,75-79,Higher,3.44,2.82,4.20,2105,61199
IN-DL,Delhi,Both,All,80-84,All,10.80,8.86,13.18,33048,306000
IN-DL,Delhi,Both,All,80-84,None,15.12,12.40,18.45,9253,61199
IN-DL,Delhi,Both,All,80-84,Primary,11.34,9.30,13.83,6939,61199
IN-DL,Delhi,Both,All,80-84,Middle,8.64,7.08,10.54,5287,61199
IN-DL,Delhi,Both,All,80-84,Secondary,6.48,5.31,7.91,3965,61199
IN-DL,Delhi,Both,All,80-84,Higher,4.86,3.99,5.93,2974,61199
IN-DL,Delhi,Both,All,85+,All,14.85,12.18,18.12,45441,306000
IN-DL,Delhi,Both,All,85+,None,20.79,17.05,25.36,12723,61199
IN-DL,Delhi,Both,All,85+,Primary,15.59,12.78,19.02,9540,61199
IN-DL,Delhi,Both,All,85+,Middle,11.88,9.74,14.49,7270,61199
IN-DL,Delhi,Both,All,85+,Secondary,8.91,7.31,10.87,5452,61199
IN-DL,Delhi,Both,All,85+,Higher,6.68,5.48,8.15,4088,61199
IN-DL,Delhi,Both,Urban,60+,All,3.69,3.03,4.50,20073,544000
IN-DL,Delhi,Both,Urban,60+,None,5.17,4.24,6.31,5624,108800
IN-DL,Delhi,Both,Urban,60+,Primary,3.87,3.17,4.72,4210,108800
IN-DL,Delhi,Both,Urban,60+,Middle,2.95,2.42,3.60,3209,108800
IN-DL,Delhi,Both,Urban,60+,Secondary,2.21,1.81,2.70,2404,108800
IN-DL,Delhi,Both,Urban,60+,Higher,1.66,1.36,2.03,1806,108800
IN-DL,Delhi,Both,Urban,60-64,All,1.66,1.36,2.03,1625,97920
IN-DL,Delhi,Both,Urban,60-64,None,2.32,1.90,2.83,454,19584
IN-DL,Delhi,Both,Urban,60-64,Primary,1.74,1.43,2.12,340,19584
IN-DL,Delhi,Both,Urban,60-64,Middle,1.33,1.09,1.62,260,19584
IN-DL,Delhi,Both,Urban,60-64,Secondary,1.00,0.82,1.22,195,19584
IN-DL,Delhi,Both,Urban,60-64,Higher,1.00,0.82,1.22,195,19584
IN-DL,Delhi,Both,Urban,65-69,All,2.77,2.27,3.38,2712,97920
IN-DL,Delhi,Both,Urban,65-69,None,3.87,3.17,4.72,757,19584
IN-DL,Delhi,Both,Urban,65-69,Primary,2.91,2.39,3.55,569,19584
IN-DL,Delhi,Both,Urban,65-69,Middle,2.21,1.81,2.70,432,19584
IN-DL,Delhi,Both,Urban,65-69,Secondary,1.66,1.36,2.03,325,19584
IN-DL,Delhi,Both,Urban,65-69,Higher,1.25,1.02,1.53,244,19584
IN-DL,Delhi,Both,Urban,70-74,All,4.24,3.48,5.17,4151,97920
IN-DL,Delhi,Both,Urban,70-74,None,5.94,4.87,7.25,1163,19584
IN-DL,Delhi,Both,Urban,70-74,Primary,4.46,3.66,5.44,873,19584
IN-DL,Delhi,Both,Urban,70-74,Middle,3.39,2.78,4.14,663,19584
IN-DL,Delhi,Both,Urban,70-74,Secondary,2.55,2.09,3.11,499,19584
IN-DL,Delhi,Both,Urban,70-74,Higher,1.91,1.57,2.33,374,19584
IN-DL,Delhi,Both,Urban,75-79,All,6.27,5.14,7.65,6139,97920
IN-DL,Delhi,Both,Urban,75-79,None,8.78,7.20,10.71,1719,19584
IN-DL,Delhi,Both,Urban,75-79,Primary,6.59,5.40,8.04,1290,19584
IN-DL,Delhi,Both,Urban,75-79,Middle,5.02,4.12,6.12,983,19584
IN-DL,Delhi,Both,Urban,75-79,Secondary,3.76,3.08,4.59,736,19584
IN-DL,Delhi,Both,Urban,75-79,Higher,2.82,2.31,3.44,552,19584
IN-DL,Delhi,Both,Urban,80-84,All,8.86,7.27,10.81,8675,97920
IN-DL,Delhi,Both,Urban,80-84,None,12.40,10.17,15.13,2428,19584
IN-DL,Delhi,Both,Urban,80-84,Primary,9.30,7.63,11.35,1821,19584
IN-DL,Delhi,Both,Urban,80-84,Middle,7.08,5.81,8.64,1386,19584
IN-DL,Delhi,Both,Urban,80-84,Secondary,5.31,4.35,6.48,1039,19584
IN-DL,Delhi,Both,Urban,80-84,Higher,3.99,3.27,4.87,781,19584
IN-DL,Delhi,Both,Urban,85+,All,12.18,9.99,14.86,11926,97920
IN-DL,Delhi,Both,Urban,85+,None,17.05,13.98,20.80,3339,19584
IN-DL,Delhi,Both,Urban,85+,Primary,12.79,10.49,15.60,2504,19584
IN-DL,Delhi,Both,Urban,85+,Middle,9.74,7.99,11.88,1907,19584
IN-DL,Delhi,Both,Urban,85+,Secondary,7.31,5.99,8.92,1431,19584
IN-DL,Delhi,Both,Urban,85+,Higher,5.48,4.49,6.69,1073,19584
IN-DL,Delhi,Both,Rural,60+,All,5.49,4.50,6.70,63464,1156000
IN-DL,Delhi,Both,Rural,60+,None,7.69,6.31,9.38,17779,231200
IN-DL,Delhi,Both,Rural,60+,Primary,5.76,4.72,7.03,13317,231200
IN-DL,Delhi,Both,Rural,60+,Middle,4.39,3.60,5.36,10149,231200
IN-DL,Delhi,Both,Rural,60+,Secondary,3.29,2.70,4.01,7606,231200
IN-DL,Delhi,Both,Rural,60+,Higher,2.47,2.03,3.01,5710,231200
IN-DL,Delhi,Both,Rural,60-64,All,2.47,2.03,3.01,5139,208080
IN-DL,Delhi,Both,Rural,60-64,None,3.46,2.84,4.22,1439,41616
IN-DL,Delhi,Both,Rural,60-64,Primary,2.59,2.12,3.16,1077,41616
IN-DL,Delhi,Both,Rural,60-64,Middle,1.98,1.62,2.42,823,41616
IN-DL,Delhi,Both,Rural,60-64,Secondary,1.48,1.21,1.81,615,41616
IN-DL,Delhi,Both,Rural,60-64,Higher,1.11,0.91,1.35,461,41616
IN-DL,Delhi,Both,Rural,65-69,All,4.12,3.38,5.03,8572,208080
IN-DL,Delhi,Both,Rural,65-69,None,5.76,4.72,7.03,2397,41616
IN-DL,Delhi,Both,Rural,65-69,Primary,4.32,3.54,5.27,1797,41616
IN-DL,Delhi,Both,Rural,65-69,Middle,3.29,2.70,4.01,1369,41616
IN-DL,Delhi,Both,Rural,65-69,Secondary,2.47,2.03,3.01,1027,41616
IN-DL,Delhi,Both,Rural,65-69,Higher,1.85,1.52,2.26,769,41616
IN-DL,Delhi,Both,Rural,70-74,All,6.31,5.17,7.70,13129,208080
IN-DL,Delhi,Both,Rural,70-74,None,8.84,7.25,10.78,3678,41616
IN-DL,Delhi,Both,Rural,70-74,Primary,6.63,5.44,8.09,2759,41616
IN-DL,Delhi,Both,Rural,70-74,Middle,5.05,4.14,6.16,2101,41616
IN-DL,Delhi,Both,Rural,70-74,Secondary,3.79,3.11,4.62,1577,41616
IN-DL,Delhi,Both,Rural,70-74,Higher,2.84,2.33,3.46,1181,41616
IN-DL,Delhi,Both,Rural,75-79,All,9.33,7.65,11.38,19413,208080
IN-DL,Delhi,Both,Rural,75-79,None,13.07,10.72,15.95,5439,41616
IN-DL,Delhi,Both,Rural,75-79,Primary,9.80,8.04,11.96,4078,41616
IN-DL,Delhi,Both,Rural,75-79,Middle,7.47,6.13,9.11,3108,41616
IN-DL,Delhi,Both,Rural,75-79,Secondary,5.60,4.59,6.83,2330,41616
IN-DL,Delhi,Both,Rural,75-79,Higher,4.20,3.44,5.12,1747,41616
IN-DL,Delhi,Both,Rural,80-84,All,13.18,10.81,16.08,27424,208080
IN-DL,Delhi,Both,Rural,80-84,None,18.45,15.13,22.51,7678,41616
IN-DL,Delhi,Both,Rural,80-84,Primary,13.83,11.34,16.87,5755,41616
IN-DL,Delhi,Both,Rural,80-84,Middle,10.54,8.64,12.86,4386,41616
IN-DL,Delhi,Both,Rural,80-84,Secondary,7.91,6.49,9.65,3291,41616
IN-DL,Delhi,Both,Rural,80-84,Higher,5.93,4.86,7.23,2467,41616
IN-DL,Delhi,Both,Rural,85+,All,18.12,14.86,22.11,37704,208080
IN-DL,Delhi,Both,Rural,85+,None,25.36,20.80,30.94,10553,41616
IN-DL,Delhi,Both,Rural,85+,Primary,19.02,15.60,23.20,7915,41616
IN-DL,Delhi,Both,Rural,85+,Middle,14.49,11.88,17.68,6030,41616
IN-DL,Delhi,Both,Rural,85+,Secondary,10.87,8.91,13.26,4523,41616
IN-DL,Delhi,Both,Rural,85+,Higher,8.15,6.68,9.94,3391,41616
IN-DL,Delhi,Male,All,60+,All,3.83,3.14,4.67,32555,850000
IN-DL,Delhi,Male,All,60+,None,5.36,4.40,6.54,9112,170000
IN-DL,Delhi,Male,All,60+,Primary,4.02,3.30,4.90,6833,170000
IN-DL,Delhi,Male,All,60+,Middle,3.06,2.51,3.73,5202,170000
IN-DL,Delhi,Male,All,60+,Secondary,2.30,1.89,2.81,3910,170000
IN-DL,Delhi,Male,All,60+,Higher,1.72,1.41,2.10,2924,170000
IN-DL,Delhi,Male,All,60-64,All,1.72,1.41,2.10,2631,153000
IN-DL,Delhi,Male,All,60-64,None,2.41,1.98,2.94,737,30599
IN-DL,Delhi,Male,All,60-64,Primary,1.81,1.48,2.21,553,30599
IN-DL,Delhi,Male,All,60-64,Middle,1.38,1.13,1.68,422,30599
IN-DL,Delhi,Male,All,60-64,Secondary,1.03,0.84,1.26,315,30599
IN-DL,Delhi,Male,All,60-64,Higher,1.00,0.82,1.22,305,30599
IN-DL,Delhi,Male,All,65-69,All,2.87,2.35,3.50,4391,153000
IN-DL,Delhi,Male,All,65-69,None,4.02,3.30,4.90,1230,30599
IN-DL,Delhi,Male,All,65-69,Primary,3.01,2.47,3.67,921,30599
IN-DL,Delhi,Male,All,65-69,Middle,2.30,1.89,2.81,703,30599
IN-DL,Delhi,Male,All,65-69,Secondary,1.72,1.41,2.10,526,30599
IN-DL,Delhi,Male,All,65-69,Higher,1.29,1.06,1.57,394,30599
IN-DL,Delhi,Male,All,70-74,All,4.40,3.61,5.37,6732,153000
IN-DL,Delhi,Male,All,70-74,None,6.16,5.05,7.52,1884,30599
IN-DL,Delhi,Male,All,70-74,Primary,4.62,3.79,5.64,1413,30599
IN-DL,Delhi,Male,All,70-74,Middle,3.52,2.89,4.29,1077,30599
IN-DL,Delhi,Male,All,70-74,Secondary,2.64,2.16,3.22,807,30599
IN-DL,Delhi,Male,All,70-74,Higher,1.98,1.62,2.42,605,30599
IN-DL,Delhi,Male,All,75-79,All,6.50,5.33,7.93,9945,153000
IN-DL,Delhi,Male,All,75-79,None,9.10,7.46,11.10,2784,30599
IN-DL,Delhi,Male,All,75-79,Primary,6.83,5.60,8.33,2089,30599
IN-DL,Delhi,Male,All,75-79,Middle,5.20,4.26,6.34,1591,30599
IN-DL,Delhi,Male,All,75-79,Secondary,3.90,3.20,4.76,1193,30599
IN-DL,Delhi,Male,All,75-79,Higher,2.93,2.40,3.57,896,30599
IN-DL,Delhi,Male,All,80-84,All,9.18,7.53,11.20,14045,153000
IN-DL,Delhi,Male,All,80-84,None,12.85,10.54,15.68,3931,30599
IN-DL,Delhi,Male,All,80-84,Primary,9.64,7.90,11.76,2949,30599
IN-DL,Delhi,Male,All,80-84,Middle,7.34,6.02,8.95,2245,30599
IN-DL,Delhi,Male,All,80-84,Secondary,5.51,4.52,6.72,1686,30599
IN-DL,Delhi,Male,All,80-84,Higher,4.13,3.39,5.04,1263,30599
IN-DL,Delhi,Male,All,85+,All,12.62,10.35,15.40,19308,153000
IN-DL,Delhi,Male,All,85+,None,17.67,14.49,21.56,5406,30599
IN-DL,Delhi,Male,All,85+,Primary,13.25,10.87,16.17,4054,30599
IN-DL,Delhi,Male,All,85+,Middle,10.10,8.28,12.32,3090,30599
IN-DL,Delhi,Male,All,85+,Secondary,7.57,6.21,9.24,2316,30599
IN-DL,Delhi,Male,All,85+,Higher,5.68,4.66,6.93,1738,30599
IN-DL,Delhi,Male,Urban,60+,All,3.14,2.57,3.83,8540,272000
IN-DL,Delhi,Male,Urban,60+,None,4.39,3.60,5.36,2388,54400
IN-DL,Delhi,Male,Urban,60+,Primary,3.29,2.70,4.01,1789,54400
IN-DL,Delhi,Male,Urban,60+,Middle,2.51,2.06,3.06,1365,54400
IN-DL,Delhi,Male,Urban,60+,Secondary,1.88,1.54,2.29,1022,54400
IN-DL,Delhi,Male,Urban,60+,Higher,1.41,1.16,1.72,767,54400
IN-DL,Delhi,Male,Urban,60-64,All,1.41,1.16,1.72,690,48960
IN-DL,Delhi,Male,Urban,60-64,None,1.98,1.62,2.42,193,9792
IN-DL,Delhi,Male,Urban,60-64,Primary,1.48,1.21,1.81,144,9792
IN-DL,Delhi,Male,Urban,60-64,Middle,1.13,0.93,1.38,110,9792
IN-DL,Delhi,Male,Urban,60-64,Secondary,1.00,0.82,1.22,97,9792
IN-DL,Delhi,Male,Urban,60-64,Higher,1.00,0.82,1.22,97,9792
IN-DL,Delhi,Male,Urban,65-69,All,2.35,1.93,2.87,1150,48960
IN-DL,Delhi,Male,Urban,65-69,None,3.29,2.70,4.01,322,9792
IN-DL,Delhi,Male,Urban,65-69,Primary,2.47,2.03,3.01,241,9792
IN-DL,Delhi,Male,Urban,65-69,Middle,1.88,1.54,2.29,184,9792
IN-DL,Delhi,Male,Urban,65-69,Secondary,1.41,1.16,1.72,138,9792
IN-DL,Delhi,Male,Urban,65-69,Higher,1.06,0.87,1.29,103,9792
IN-DL,Delhi,Male,Urban,70-74,All,3.61,2.96,4.40,1767,48960
IN-DL,Delhi,Male,Urban,70-74,None,5.05,4.14,6.16,494,9792
IN-DL,Delhi,Male,Urban,70-74,Primary,3.79,3.11,4.62,371,9792
IN-DL,Delhi,Male,Urban,70-74,Middle,2.89,2.37,3.53,282,9792
IN-DL,Delhi,Male,Urban,70-74,Secondary,2.16,1.77,2.64,211,9792
IN-DL,Delhi,Male,Urban,70-74,Higher,1.62,1.33,1.98,158,9792
IN-DL,Delhi,Male,Urban,75-79,All,5.33,4.37,6.50,2609,48960
IN-DL,Delhi,Male,Urban,75-79,None,7.46,6.12,9.10,730,9792
IN-DL,Delhi,Male,Urban,75-79,Primary,5.60,4.59,6.83,548,9792
IN-DL,Delhi,Male,Urban,75-79,Middle,4.27,3.50,5.21,418,9792
IN-DL,Delhi,Male,Urban,75-79,Secondary,3.20,2.62,3.90,313,9792
IN-DL,Delhi,Male,Urban,75-79,Higher,2.40,1.97,2.93,235,9792
IN-DL,Delhi,Male,Urban,80-84,All,7.53,6.17,9.19,3686,48960
IN-DL,Delhi,Male,Urban,80-84,None,10.54,8.64,12.86,1032,9792
IN-DL,Delhi,Male,Urban,80-84,Primary,7.90,6.48,9.64,773,9792
IN-DL,Delhi,Male,Urban,80-84,Middle,6.02,4.94,7.34,589,9792
IN-DL,Delhi,Male,Urban,80-84,Secondary,4.52,3.71,5.51,442,9792
IN-DL,Delhi,Male,Urban,80-84,Higher,3.39,2.78,4.14,331,9792
IN-DL,Delhi,Male,Urban,85+,All,10.35,8.49,12.63,5067,48960
IN-DL,Delhi,Male,Urban,85+,None,14.49,11.88,17.68,1418,9792
IN-DL,Delhi,Male,Urban,85+,Primary,10.87,8.91,13.26,1064,9792
IN-DL,Delhi,Male,Urban,85+,Middle,8.28,6.79,10.10,810,9792
IN-DL,Delhi,Male,Urban,85+,Secondary,6.21,5.09,7.58,608,9792
IN-DL,Delhi,Male,Urban,85+,Higher,4.66,3.82,5.69,456,9792
IN-DL,Delhi,Male,Rural,60+,All,4.67,3.83,5.70,26992,578000
IN-DL,Delhi,Male,Rural,60+,None,6.53,5.35,7.97,7548,115600
IN-DL,Delhi,Male,Rural,60+,Primary,4.90,4.02,5.98,5664,115600
IN-DL,Delhi,Male,Rural,60+,Middle,3.73,3.06,4.55,4311,115600
IN-DL,Delhi,Male,Rural,60+,Secondary,2.80,2.30,3.42,3236,115600
IN-DL,Delhi,Male,Rural,60+,Higher,2.10,1.72,2.56,2427,115600
IN-DL,Delhi,Male,Rural,60-64,All,2.10,1.72,2.56,2184,104040
IN-DL,Delhi,Male,Rural,60-64,None,2.94,2.41,3.59,611,20808
IN-DL,Delhi,Male,Rural,60-64,Primary,2.20,1.80,2.68,457,20808
IN-DL,Delhi,Male,Rural,60-64,Middle,1.68,1.38,2.05,349,20808
IN-DL,Delhi,Male,Rural,60-64,Secondary,1.26,1.03,1.54,262,20808
IN-DL,Delhi,Male,Rural,60-64,Higher,1.00,0.82,1.22,208,20808
IN-DL,Delhi,Male,Rural,65-69,All,3.50,2.87,4.27,3641,104040
IN-DL,Delhi,Male,Rural,65-69,None,4.90,4.02,5.98,1019,20808
IN-DL,Delhi,Male,Rural,65-69,Primary,3.67,3.01,4.48,763,20808
IN-DL,Delhi,Male,Rural,65-69,Middle,2.80,2.30,3.42,582,20808
IN-DL,Delhi,Male,Rural,65-69,Secondary,2.10,1.72,2.56,436,20808
IN-DL,Delhi,Male,Rural,65-69,Higher,1.57,1.29,1.92,326,20808
IN-DL,Delhi,Male,Rural,70-74,All,5.37,4.40,6.55,5586,104040
IN-DL,Delhi,Male,Rural,70-74,None,7.51,6.16,9.16,1562,20808
IN-DL,Delhi,Male,Rural,70-74,Primary,5.63,4.62,6.87,1171,20808
IN-DL,Delhi,Male,Rural,70-74,Middle,4.29,3.52,5.23,892,20808
IN-DL,Delhi,Male,Rural,70-74,Secondary,3.22,2.64,3.93,670,20808
IN-DL,Delhi,Male,Rural,70-74,Higher,2.41,1.98,2.94,501,20808
IN-DL,Delhi,Male,Rural,75-79,All,7.93,6.50,9.67,8250,104040
IN-DL,Delhi,Male,Rural,75-79,None,11.11,9.11,13.55,2311,20808
IN-DL,Delhi,Male,Rural,75-79,Primary,8.33,6.83,10.16,1733,20808
IN-DL,Delhi,Male,Rural,75-79,Middle,6.35,5.21,7.75,1321,20808
IN-DL,Delhi,Male,Rural,75-79,Secondary,4.76,3.90,5.81,990,20808
IN-DL,Delhi,Male,Rural,75-79,Higher,3.57,2.93,4.36,742,20808
IN-DL,Delhi,Male,Rural,80-84,All,11.20,9.18,13.66,11652,104040
IN-DL,Delhi,Male,Rural,80-84,None,15.68,12.86,19.13,3262,20808
IN-DL,Delhi,Male,Rural,80-84,Primary,11.76,9.64,14.35,2447,20808
IN-DL,Delhi,Male,Rural,80-84,Middle,8.96,7.35,10.93,1864,20808
IN-DL,Delhi,Male,Rural,80-84,Secondary,6.72,5.51,8.20,1398,20808
IN-DL,Delhi,Male,Rural,80-84,Higher,5.04,4.13,6.15,1048,20808
IN-DL,Delhi,Male,Rural,85+,All,15.40,12.63,18.79,16022,104040
IN-DL,Delhi,Male,Rural,85+,None,21.56,17.68,26.30,4486,20808
IN-DL,Delhi,Male,Rural,85+,Primary,16.17,13.26,19.73,3364,20808
IN-DL,Delhi,Male,Rural,85+,Middle,12.32,10.10,15.03,2563,20808
IN-DL,Delhi,Male,Rural,85+,Secondary,9.24,7.58,11.27,1922,20808
IN-DL,Delhi,Male,Rural,85+,Higher,6.93,5.68,8.45,1441,20808
IN-DL,Delhi,Female,All,60+,All,5.18,4.25,6.32,44030,850000
IN-DL,Delhi,Female,All,60+,None,7.24,5.94,8.83,12308,170000
IN-DL,Delhi,Female,All,60+,Primary,5.43,4.45,6.62,9230,170000
IN-DL,Delhi,Female,All,60+,Middle,4.14,3.39,5.05,7038,170000
IN-DL,Delhi,Female,All,60+,Secondary,3.10,2.54,3.78,5270,170000
IN-DL,Delhi,Female,All,60+,Higher,2.33,1.91,2.84,3961,170000
IN-DL,Delhi,Female,All,60-64,All,2.33,1.91,2.84,3564,153000
IN-DL,Delhi,Female,All,60-64,None,3.26,2.67,3.98,997,30599
IN-DL,Delhi,Female,All,60-64,Primary,2.45,2.01,2.99,749,30599
IN-DL,Delhi,Female,All,60-64,Middle,1.86,1.53,2.27,569,30599
IN-DL,Delhi,Female,All,60-64,Secondary,1.40,1.15,1.71,428,30599
IN-DL,Delhi,Female,All,60-64,Higher,1.05,0.86,1.28,321,30599
IN-DL,Delhi,Female,All,65-69,All,3.88,3.18,4.73,5936,153000
IN-DL,Delhi,Female,All,65-69,None,5.43,4.45,6.62,1661,30599
IN-DL,Delhi,Female,All,65-69,Primary,4.08,3.35,4.98,1248,30599
IN-DL,Delhi,Female,All,65-69,Middle,3.10,2.54,3.78,948,30599
IN-DL,Delhi,Female,All,65-69,Secondary,2.33,1.91,2.84,712,30599
IN-DL,Delhi,Female,All,65-69,Higher,1.75,1.43,2.13,535,30599
IN-DL,Delhi,Female,All,70-74,All,5.95,4.88,7.26,9103,153000
IN-DL,Delhi,Female,All,70-74,None,8.33,6.83,10.16,2548,30599
IN-DL,Delhi,Female,All,70-74,Primary,6.25,5.13,7.63,1912,30599
IN-DL,Delhi,Female,All,70-74,Middle,4.76,3.90,5.81,1456,30599
IN-DL,Delhi,Female,All,70-74,Secondary,3.57,2.93,4.36,1092,30599
IN-DL,Delhi,Female,All,70-74,Higher,2.68,2.20,3.27,820,30599
IN-DL,Delhi,Female,All,75-79,All,8.80,7.22,10.74,13464,153000
IN-DL,Delhi,Female,All,75-79,None,12.32,10.10,15.03,3769,30599
IN-DL,Delhi,Female,All,75-79,Primary,9.24,7.58,11.27,2827,30599
IN-DL,Delhi,Female,All,75-79,Middle,7.04,5.77,8.59,2154,30599
IN-DL,Delhi,Female,All,75-79,Secondary,5.28,4.33,6.44,1615,30599
IN-DL,Delhi,Female,All,75-79,Higher,3.96,3.25,4.83,1211,30599
IN-DL,Delhi,Female,All,80-84,All,12.42,10.18,15.15,19002,153000
IN-DL,Delhi,Female,All,80-84,None,17.39,14.26,21.22,5321,30599
IN-DL,Delhi,Female,All,80-84,Primary,13.04,10.69,15.91,3990,30599
IN-DL,Delhi,Female,All,80-84,Middle,9.94,8.15,12.13,3041,30599
IN-DL,Delhi,Female,All,80-84,Secondary,7.45,6.11,9.09,2279,30599
IN-DL,Delhi,Female,All,80-84,Higher,5.59,4.58,6.82,1710,30599
IN-DL,Delhi,Female,All,85+,All,17.08,14.01,20.84,26132,153000
IN-DL,Delhi,Female,All,85+,None,23.91,19.61,29.17,7316,30599
IN-DL,Delhi,Female,All,85+,Primary,17.93,14.70,21.87,5486,30599
IN-DL,Delhi,Female,All,85+,Middle,13.66,11.20,16.67,4179,30599
IN-DL,Delhi,Female,All,85+,Secondary,10.25,8.40,12.51,3136,30599
IN-DL,Delhi,Female,All,85+,Higher,7.68,6.30,9.37,2350,30599
IN-DL,Delhi,Female,Urban,60+,All,4.24,3.48,5.17,11532,272000
IN-DL,Delhi,Female,Urban,60+,None,5.94,4.87,7.25,3231,54400
IN-DL,Delhi,Female,Urban,60+,Primary,4.46,3.66,5.44,2426,54400
IN-DL,Delhi,Female,Urban,60+,Middle,3.39,2.78,4.14,1844,54400
IN-DL,Delhi,Female,Urban,60+,Secondary,2.55,2.09,3.11,1387,54400
IN-DL,Delhi,Female,Urban,60+,Higher,1.91,1.57,2.33,1039,54400
IN-DL,Delhi,Female,Urban,60-64,All,1.91,1.57,2.33,935,48960
IN-DL,Delhi,Female,Urban,60-64,None,2.67,2.19,3.26,261,9792
IN-DL,Delhi,Female,Urban,60-64,Primary,2.01,1.65,2.45,196,9792
IN-DL,Delhi,Female,Urban,60-64,Middle,1.53,1.25,1.87,149,9792
IN-DL,Delhi,Female,Urban,60-64,Secondary,1.15,0.94,1.40,112,9792
IN-DL,Delhi,Female,Urban,60-64,Higher,1.00,0.82,1.22,97,9792
IN-DL,Delhi,Female,Urban,65-69,All,3.18,2.61,3.88,1556,48960
IN-DL,Delhi,Female,Urban,65-69,None,4.46,3.66,5.44,436,9792
IN-DL,Delhi,Female,Urban,65-69,Primary,3.34,2.74,4.07,327,9792
IN-DL,Delhi,Female,Urban,65-69,Middle,2.55,2.09,3.11,249,9792
IN-DL,Delhi,Female,Urban,65-69,Secondary,1.91,1.57,2.33,187,9792
IN-DL,Delhi,Female,Urban,65-69,Higher,1.43,1.17,1.74,140,9792
IN-DL,Delhi,Female,Urban,70-74,All,4.88,4.00,5.95,2389,48960
IN-DL,Delhi,Female,Urban,70-74,None,6.83,5.60,8.33,668,9792
IN-DL,Delhi,Female,Urban,70-74,Primary,5.12,4.20,6.25,501,9792
IN-DL,Delhi,Female,Urban,70-74,Middle,3.90,3.20,4.76,381,9792
IN-DL,Delhi,Female,Urban,70-74,Secondary,2.93,2.40,3.57,286,9792
IN-DL,Delhi,Female,Urban,70-74,Higher,2.20,1.80,2.68,215,9792
IN-DL,Delhi,Female,Urban,75-79,All,7.21,5.91,8.80,3530,48960
IN-DL,Delhi,Female,Urban,75-79,None,10.10,8.28,12.32,988,9792
IN-DL,Delhi,Female,Urban,75-79,Primary,7.57,6.21,9.24,741,9792
IN-DL,Delhi,Female,Urban,75-79,Middle,5.77,4.73,7.04,564,9792
IN-DL,Delhi,Female,Urban,75-79,Secondary,4.33,3.55,5.28,423,9792
IN-DL,Delhi,Female,Urban,75-79,Higher,3.25,2.67,3.97,318,9792
IN-DL,Delhi,Female,Urban,80-84,All,10.18,8.35,12.42,4984,48960
IN-DL,Delhi,Female,Urban,80-84,None,14.26,11.69,17.40,1396,9792
IN-DL,Delhi,Female,Urban,80-84,Primary,10.69,8.77,13.04,1046,9792
IN-DL,Delhi,Female,Urban,80-84,Middle,8.15,6.68,9.94,798,9792
IN-DL,Delhi,Female,Urban,80-84,Secondary,6.11,5.01,7.45,598,9792
IN-DL,Delhi,Female,Urban,80-84,Higher,4.58,3.76,5.59,448,9792
IN-DL,Delhi,Female,Urban,85+,All,14.00,11.48,17.08,6854,48960
IN-DL,Delhi,Female,Urban,85+,None,19.60,16.07,23.91,1919,9792
IN-DL,Delhi,Female,Urban,85+,Primary,14.70,12.05,17.93,1439,9792
IN-DL,Delhi,Female,Urban,85+,Middle,11.20,9.18,13.66,1096,9792
IN-DL,Delhi,Female,Urban,85+,Secondary,8.40,6.89,10.25,822,9792
IN-DL,Delhi,Female,Urban,85+,Higher,6.30,5.17,7.69,616,9792
IN-DL,Delhi,Female,Rural,60+,All,6.31,5.17,7.70,36471,578000
IN-DL,Delhi,Female,Rural,60+,None,8.84,7.25,10.78,10219,115600
IN-DL,Delhi,Female,Rural,60+,Primary,6.63,5.44,8.09,7664,115600
IN-DL,Delhi,Female,Rural,60+,Middle,5.05,4.14,6.16,5837,115600
IN-DL,Delhi,Female,Rural,60+,Secondary,3.79,3.11,4.62,4381,115600
IN-DL,Delhi,Female,Rural,60+,Higher,2.84,2.33,3.46,3283,115600
IN-DL,Delhi,Female,Rural,60-64,All,2.84,2.33,3.46,2954,104040
IN-DL,Delhi,Female,Rural,60-64,None,3.98,3.26,4.86,828,20808
IN-DL,Delhi,Female,Rural,60-64,Primary,2.98,2.44,3.64,620,20808
IN-DL,Delhi,Female,Rural,60-64,Middle,2.27,1.86,2.77,472,20808
IN-DL,Delhi,Female,Rural,60-64,Secondary,1.70,1.39,2.07,353,20808
IN-DL,Delhi,Female,Rural,60-64,Higher,1.28,1.05,1.56,266,20808
IN-DL,Delhi,Female,Rural,65-69,All,4.74,3.89,5.78,4931,104040
IN-DL,Delhi,Female,Rural,65-69,None,6.63,5.44,8.09,1379,20808
IN-DL,Delhi,Female,Rural,65-69,Primary,4.97,4.08,6.06,1034,20808
IN-DL,Delhi,Female,Rural,65-69,Middle,3.79,3.11,4.62,788,20808
IN-DL,Delhi,Female,Rural,65-69,Secondary,2.84,2.33,3.46,590,20808
IN-DL,Delhi,Female,Rural,65-69,Higher,2.13,1.75,2.60,443,20808
IN-DL,Delhi,Female,Rural,70-74,All,7.26,5.95,8.86,7553,104040
IN-DL,Delhi,Female,Rural,70-74,None,10.16,8.33,12.40,2114,20808
IN-DL,Delhi,Female,Rural,70-74,Primary,7.62,6.25,9.30,1585,20808
IN-DL,Delhi,Female,Rural,70-74,Middle,5.81,4.76,7.09,1208,20808
IN-DL,Delhi,Female,Rural,70-74,Secondary,4.36,3.58,5.32,907,20808
IN-DL,Delhi,Female,Rural,70-74,Higher,3.27,2.68,3.99,680,20808
IN-DL,Delhi,Female,Rural,75-79,All,10.73,8.80,13.09,11163,104040
IN-DL,Delhi,Female,Rural,75-79,None,15.03,12.32,18.34,3127,20808
IN-DL,Delhi,Female,Rural,75-79,Primary,11.27,9.24,13.75,2345,20808
IN-DL,Delhi,Female,Rural,75-79,Middle,8.59,7.04,10.48,1787,20808
IN-DL,Delhi,Female,Rural,75-79,Secondary,6.44,5.28,7.86,1340,20808
IN-DL,Delhi,Female,Rural,75-79,Higher,4.83,3.96,5.89,1005,20808
IN-DL,Delhi,Female,Rural,80-84,All,15.15,12.42,18.48,15762,104040
IN-DL,Delhi,Female,Rural,80-84,None,21.21,17.39,25.88,4413,20808
IN-DL,Delhi,Female,Rural,80-84,Primary,15.91,13.05,19.41,3310,20808
IN-DL,Delhi,Female,Rural,80-84,Middle,12.12,9.94,14.79,2521,20808
IN-DL,Delhi,Female,Rural,80-84,Secondary,9.09,7.45,11.09,1891,20808
IN-DL,Delhi,Female,Rural,80-84,Higher,6.82,5.59,8.32,1419,20808
IN-DL,Delhi,Female,Rural,85+,All,20.83,17.08,25.41,21671,104040
IN-DL,Delhi,Female,Rural,85+,None,29.17,23.92,35.59,6069,20808
IN-DL,Delhi,Female,Rural,85+,Primary,21.88,17.94,26.69,4552,20808
IN-DL,Delhi,Female,Rural,85+,Middle,16.67,13.67,20.34,3468,20808
IN-DL,Delhi,Female,Rural,85+,Secondary,12.50,10.25,15.25,2601,20808
IN-DL,Delhi,Female,Rural,85+,Higher,9.38,7.69,11.44,1951,20808
IN-CH,Chandigarh,Both,All,60+,All,5.20,4.26,6.34,5720,110000
IN-CH,Chandigarh,Both,All,60+,None,7.28,5.97,8.88,1601,22000
IN-CH,Chandigarh,Both,All,60+,Primary,5.46,4.48,6.66,1201,22000
IN-CH,Chandigarh,Both,All,60+,Middle,4.16,3.41,5.08,915,22000
IN-CH,Chandigarh,Both,All,60+,Secondary,3.12,2.56,3.81,686,22000
IN-CH,Chandigarh,Both,All,60+,Higher,2.34,1.92,2.85,514,22000
IN-CH,Chandigarh,Both,All,60-64,All,2.34,1.92,2.85,463,19800
IN-CH,Chandigarh,Both,All,60-64,None,3.28,2.69,4.00,129,3959
IN-CH,Chandigarh,Both,All,60-64,Primary,2.46,2.02,3.00,97,3959
IN-CH,Chandigarh,Both,All,60-64,Middle,1.87,1.53,2.28,74,3959
IN-CH,Chandigarh,Both,All,60-64,Secondary,1.40,1.15,1.71,55,3959
IN-CH,Chandigarh,Both,All,60-64,Higher,1.05,0.86,1.28,41,3959
IN-CH,Chandigarh,Both,All,65-69,All,3.90,3.20,4.76,772,19800
IN-CH,Chandigarh,Both,All,65-69,None,5.46,4.48,6.66,216,3959
IN-CH,Chandigarh,Both,All,65-69,Primary,4.10,3.36,5.00,162,3959
IN-CH,Chandigarh,Both,All,65-69,Middle,3.12,2.56,3.81,123,3959
IN-CH,Chandigarh,Both,All,65-69,Secondary,2.34,1.92,2.85,92,3959
IN-CH,Chandigarh,Both,All,65-69,Higher,1.76,1.44,2.15,69,3959
IN-CH,Chandigarh,Both,All,70-74,All,5.98,4.90,7.30,1184,19800
IN-CH,Chandigarh,Both,All,70-74,None,8.37,6.86,10.21,331,3959
IN-CH,Chandigarh,Both,All,70-74,Primary,6.28,5.15,7.66,248,3959
IN-CH,Chandigarh,Both,All,70-74,Middle,4.78,3.92,5.83,189,3959
IN-CH,Chandigarh,Both,All,70-74,Secondary,3.59,2.94,4.38,142,3959
IN-CH,Chandigarh,Both,All,70-74,Higher,2.69,2.21,3.28,106,3959
IN-CH,Chandigarh,Both,All,75-79,All,8.84,7.25,10.78,1750,19800
IN-CH,Chandigarh,Both,All,75-79,None,12.38,10.15,15.10,490,3959
IN-CH,Chandigarh,Both,All,75-79,Primary,9.28,7.61,11.32,367,3959
IN-CH,Chandigarh,Both,All,75-79,Middle,7.07,5.80,8.63,279,3959
IN-CH,Chandigarh,Both,All,75-79,Secondary,5.30,4.35,6.47,209,3959
IN-CH,Chandigarh,Both,All,75-79,Higher,3.98,3.26,4.86,157,3959
IN-CH,Chandigarh,Both,All,80-84,All,12.48,10.23,15.23,2471,19800
IN-CH,Chandigarh,Both,All,80-84,None,17.47,14.33,21.31,691,3959
IN-CH,Chandigarh,Both,All,80-84,Primary,13.10,10.74,15.98,518,3959
IN-CH,Chandigarh,Both,All,80-84,Middle,9.98,8.18,12.18,395,3959
IN-CH,Chandigarh,Both,All,80-84,Secondary,7.49,6.14,9.14,296,3959
IN-CH,Chandigarh,Both,All,80-84,Higher,5.62,4.61,6.86,222,3959
IN-CH,Chandigarh,Both,All,85+,All,17.16,14.07,20.94,3397,19800
IN-CH,Chandigarh,Both,All,85+,None,24.02,19.70,29.30,950,3959
IN-CH,Chandigarh,Both,All,85+,Primary,18.02,14.78,21.98,713,3959
IN-CH,Chandigarh,Both,All,85+,Middle,13.73,11.26,16.75,543,3959
IN-CH,Chandigarh,Both,All,85+,Secondary,10.30,8.45,12.57,407,3959
IN-CH,Chandigarh,Both,All,85+,Higher,7.72,6.33,9.42,305,3959
IN-CH,Chandigarh,Both,Urban,60+,All,4.26,3.49,5.20,1499,35200
IN-CH,Chandigarh,Both,Urban,60+,None,5.97,4.90,7.28,420,7040
IN-CH,Chandigarh,Both,Urban,60+,Primary,4.48,3.67,5.47,315,7040
IN-CH,Chandigarh,Both,Urban,60+,Middle,3.41,2.80,4.16,240,7040
IN-CH,Chandigarh,Both,Urban,60+,Secondary,2.56,2.10,3.12,180,7040
IN-CH,Chandigarh,Both,Urban,60+,Higher,1.92,1.57,2.34,135,7040
IN-CH,Chandigarh,Both,Urban,60-64,All,1.92,1.57,2.34,121,6336
IN-CH,Chandigarh,Both,Urban,60-64,None,2.69,2.21,3.28,34,1267
IN-CH,Chandigarh,Both,Urban,60-64,Primary,2.01,1.65,2.45,25,1267
IN-CH,Chandigarh,Both,Urban,60-64,Middle,1.54,1.26,1.88,19,1267
IN-CH,Chandigarh,Both,Urban,60-64,Secondary,1.15,0.94,1.40,14,1267
IN-CH,Chandigarh,Both,Urban,60-64,Higher,1.00,0.82,1.22,12,1267
IN-CH,Chandigarh,Both,Urban,65-69,All,3.20,2.62,3.90,202,6336
IN-CH,Chandigarh,Both,Urban,65-69,None,4.48,3.67,5.47,56,1267
IN-CH,Chandigarh,Both,Urban,65-69,Primary,3.36,2.76,4.10,42,1267
IN-CH,Chandigarh,Both,Urban,65-69,Middle,2.56,2.10,3.12,32,1267
IN-CH,Chandigarh,Both,Urban,65-69,Secondary,1.92,1.57,2.34,24,1267
IN-CH,Chandigarh,Both,Urban,65-69,Higher,1.44,1.18,1.76,18,1267
IN-CH,Chandigarh,Both,Urban,70-74,All,4.90,4.02,5.98,310,6336
IN-CH,Chandigarh,Both,Urban,70-74,None,6.87,5.63,8.38,87,1267
IN-CH,Chandigarh,Both,Urban,70-74,Primary,5.15,4.22,6.28,65,1267
IN-CH,Chandigarh,Both,Urban,70-74,Middle,3.92,3.21,4.78,49,1267
IN-CH,Chandigarh,Both,Urban,70-74,Secondary,2.94,2.41,3.59,37,1267
IN-CH,Chandigarh,Both,Urban,70-74,Higher,2.21,1.81,2.70,28,1267
IN-CH,Chandigarh,Both,Urban,75-79,All,7.25,5.94,8.85,459,6336
IN-CH,Chandigarh,Both,Urban,75-79,None,10.15,8.32,12.38,128,1267
IN-CH,Chandigarh,Both,Urban,75-79,Primary,7.61,6.24,9.28,96,1267
IN-CH,Chandigarh,Both,Urban,75-79,Middle,5.80,4.76,7.08,73,1267
IN-CH,Chandigarh,Both,Urban,75-79,Secondary,4.35,3.57,5.31,55,1267
IN-CH,Chandigarh,Both,Urban,75-79,Higher,3.26,2.67,3.98,41,1267
IN-CH,Chandigarh,Both,Urban,80-84,All,10.23,8.39,12.48,648,6336
IN-CH,Chandigarh,Both,Urban,80-84,None,14.33,11.75,17.48,181,1267
IN-CH,Chandigarh,Both,Urban,80-84,Primary,10.75,8.82,13.12,136,1267
IN-CH,Chandigarh,Both,Urban,80-84,Middle,8.19,6.72,9.99,103,1267
IN-CH,Chandigarh,Both,Urban,80-84,Secondary,6.14,5.03,7.49,77,1267
IN-CH,Chandigarh,Both,Urban,80-84,Higher,4.61,3.78,5.62,58,1267
IN-CH,Chandigarh,Both,Urban,85+,All,14.07,11.54,17.17,891,6336
IN-CH,Chandigarh,Both,Urban,85+,None,19.70,16.15,24.03,249,1267
IN-CH,Chandigarh,Both,Urban,85+,Primary,14.77,12.11,18.02,187,1267
IN-CH,Chandigarh,Both,Urban,85+,Middle,11.26,9.23,13.74,142,1267
IN-CH,Chandigarh,Both,Urban,85+,Secondary,8.44,6.92,10.30,106,1267
IN-CH,Chandigarh,Both,Urban,85+,Higher,6.33,5.19,7.72,80,1267
IN-CH,Chandigarh,Both,Rural,60+,All,6.34,5.20,7.73,4742,74800
IN-CH,Chandigarh,Both,Rural,60+,None,8.88,7.28,10.83,1328,14960
IN-CH,Chandigarh,Both,Rural,60+,Primary,6.66,5.46,8.13,996,14960
IN-CH,Chandigarh,Both,Rural,60+,Middle,5.08,4.17,6.20,759,14960
IN-CH,Chandigarh,Both,Rural,60+,Secondary,3.81,3.12,4.65,569,14960
IN-CH,Chandigarh,Both,Rural,60+,Higher,2.85,2.34,3.48,426,14960
IN-CH,Chandigarh,Both,Rural,60-64,All,2.85,2.34,3.48,383,13464
IN-CH,Chandigarh,Both,Rural,60-64,None,4.00,3.28,4.88,107,2692
IN-CH,Chandigarh,Both,Rural,60-64,Primary,3.00,2.46,3.66,80,2692
IN-CH,Chandigarh,Both,Rural,60-64,Middle,2.28,1.87,2.78,61,2692
IN-CH,Chandigarh,Both,Rural,60-64,Secondary,1.71,1.40,2.09,46,2692
IN-CH,Chandigarh,Both,Rural,60-64,Higher,1.28,1.05,1.56,34,2692
IN-CH,Chandigarh,Both,Rural,65-69,All,4.76,3.90,5.81,640,13464
IN-CH,Chandigarh,Both,Rural,65-69,None,6.66,5.46,8.13,179,2692
IN-CH,Chandigarh,Both,Rural,65-69,Primary,5.00,4.10,6.10,134,2692
IN-CH,Chandigarh,Both,Rural,65-69,Middle,3.81,3.12,4.65,102,2692
IN-CH,Chandigarh,Both,Rural,65-69,Secondary,2.85,2.34,3.48,76,2692
IN-CH,Chandigarh,Both,Rural,65-69,Higher,2.14,1.75,2.61,57,2692
IN-CH,Chandigarh,Both,Rural,70-74,All,7.30,5.99,8.91,982,13464
IN-CH,Chandigarh,Both,Rural,70-74,None,10.21,8.37,12.46,274,2692
IN-CH,Chandigarh,Both,Rural,70-74,Primary,7.66,6.28,9.35,206,2692
IN-CH,Chandigarh,Both,Rural,70-74,Middle,5.84,4.79,7.12,157,2692
IN-CH,Chandigarh,Both,Rural,70-74,Secondary,4.38,3.59,5.34,117,2692
IN-CH,Chandigarh,Both,Rural,70-74,Higher,3.28,2.69,4.00,88,2692
IN-CH,Chandigarh,Both,Rural,75-79,All,10.78,8.84,13.15,1451,13464
IN-CH,Chandigarh,Both,Rural,75-79,None,15.10,12.38,18.42,406,2692
IN-CH,Chandigarh,Both,Rural,75-79,Primary,11.32,9.28,13.81,304,2692
IN-CH,Chandigarh,Both,Rural,75-79,Middle,8.63,7.08,10.53,232,2692
IN-CH,Chandigarh,Both,Rural,75-79,Secondary,6.47,5.31,7.89,174,2692
IN-CH,Chandigarh,Both,Rural,75-79,Higher,4.85,3.98,5.92,130,2692
IN-CH,Chandigarh,Both,Rural,80-84,All,15.23,12.49,18.58,2050,13464
IN-CH,Chandigarh,Both,Rural,80-84,None,21.32,17.48,26.01,573,2692
IN-CH,Chandigarh,Both,Rural,80-84,Primary,15.99,13.11,19.51,430,2692
IN-CH,Chandigarh,Both,Rural,80-84,Middle,12.18,9.99,14.86,327,2692
IN-CH,Chandigarh,Both,Rural,80-84,Secondary,9.14,7.49,11.15,246,2692
IN-CH,Chandigarh,Both,Rural,80-84,Higher,6.85,5.62,8.36,184,2692
IN-CH,Chandigarh,Both,Rural,85+,All,20.94,17.17,25.55,2819,13464
IN-CH,Chandigarh,Both,Rural,85+,None,29.31,24.03,35.76,789,2692
IN-CH,Chandigarh,Both,Rural,85+,Primary,21.98,18.02,26.82,591,2692
IN-CH,Chandigarh,Both,Rural,85+,Middle,16.75,13.74,20.43,450,2692
IN-CH,Chandigarh,Both,Rural,85+,Secondary,12.56,10.30,15.32,338,2692
IN-CH,Chandigarh,Both,Rural,85+,Higher,9.42,7.72,11.49,253,2692
IN-CH,Chandigarh,Male,All,60+,All,4.42,3.62,5.39,2431,55000
IN-CH,Chandigarh,Male,All,60+,None,6.19,5.08,7.55,680,11000
IN-CH,Chandigarh,Male,All,60+,Primary,4.64,3.80,5.66,510,11000
IN-CH,Chandigarh,Male,All,60+,Middle,3.54,2.90,4.32,389,11000
IN-CH,Chandigarh,Male,All,60+,Secondary,2.65,2.17,3.23,291,11000
IN-CH,Chandigarh,Male,All,60+,Higher,1.99,1.63,2.43,218,11000
IN-CH,Chandigarh,Male,All,60-64,All,1.99,1.63,2.43,197,9900
IN-CH,Chandigarh,Male,All,60-64,None,2.78,2.28,3.39,55,1979
IN-CH,Chandigarh,Male,All,60-64,Primary,2.09,1.71,2.55,41,1979
IN-CH,Chandigarh,Male,All,60-64,Middle,1.59,1.30,1.94,31,1979
IN-CH,Chandigarh,Male,All,60-64,Secondary,1.19,0.98,1.45,23,1979
IN-CH,Chandigarh,Male,All,60-64,Higher,1.00,0.82,1.22,19,1979
IN-CH,Chandigarh,Male,All,65-69,All,3.32,2.72,4.05,328,9900
IN-CH,Chandigarh,Male,All,65-69,None,4.64,3.80,5.66,91,1979
IN-CH,Chandigarh,Male,All,65-69,Primary,3.48,2.85,4.25,68,1979
IN-CH,Chandigarh,Male,All,65-69,Middle,2.65,2.17,3.23,52,1979
IN-CH,Chandigarh,Male,All,65-69,Secondary,1.99,1.63,2.43,39,1979
IN-CH,Chandigarh,Male,All,65-69,Higher,1.49,1.22,1.82,29,1979
IN-CH,Chandigarh,Male,All,70-74,All,5.08,4.17,6.20,502,9900
IN-CH,Chandigarh,Male,All,70-74,None,7.12,5.84,8.69,140,1979
IN-CH,Chandigarh,Male,All,70-74,Primary,5.34,4.38,6.51,105,1979
IN-CH,Chandigarh,Male,All,70-74,Middle,4.07,3.34,4.97,80,1979
IN-CH,Chandigarh,Male,All,70-74,Secondary,3.05,2.50,3.72,60,1979
IN-CH,Chandigarh,Male,All,70-74,Higher,2.29,1.88,2.79,45,1979
IN-CH,Chandigarh,Male,All,75-79,All,7.51,6.16,9.16,743,9900
IN-CH,Chandigarh,Male,All,75-79,None,10.52,8.63,12.83,208,1979
IN-CH,Chandigarh,Male,All,75-79,Primary,7.89,6.47,9.63,156,1979
IN-CH,Chandigarh,Male,All,75-79,Middle,6.01,4.93,7.33,118,1979
IN-CH,Chandigarh,Male,All,75-79,Secondary,4.51,3.70,5.50,89,1979
IN-CH,Chandigarh,Male,All,75-79,Higher,3.38,2.77,4.12,66,1979
IN-CH,Chandigarh,Male,All,80-84,All,10.61,8.70,12.94,1050,9900
IN-CH,Chandigarh,Male,All,80-84,None,14.85,12.18,18.12,293,1979
IN-CH,Chandigarh,Male,All,80-84,Primary,11.14,9.13,13.59,220,1979
IN-CH,Chandigarh,Male,All,80-84,Middle,8.49,6.96,10.36,168,1979
IN-CH,Chandigarh,Male,All,80-84,Secondary,6.36,5.22,7.76,125,1979
IN-CH,Chandigarh,Male,All,80-84,Higher,4.77,3.91,5.82,94,1979
IN-CH,Chandigarh,Male,All,85+,All,14.59,11.96,17.80,1444,9900
IN-CH,Chandigarh,Male,All,85+,None,20.42,16.74,24.91,404,1979
IN-CH,Chandigarh,Male,All,85+,Primary,15.32,12.56,18.69,303,1979
IN-CH,Chandigarh,Male,All,85+,Middle,11.67,9.57,14.24,230,1979
IN-CH,Chandigarh,Male,All,85+,Secondary,8.75,7.18,10.68,173,1979
IN-CH,Chandigarh,Male,All,85+,Higher,6.56,5.38,8.00,129,1979
IN-CH,Chandigarh,Male,Urban,60+,All,3.62,2.97,4.42,637,17600
IN-CH,Chandigarh,Male,Urban,60+,None,5.07,4.16,6.19,178,3520
IN-CH,Chandigarh,Male,Urban,60+,Primary,3.81,3.12,4.65,134,3520
IN-CH,Chandigarh,Male,Urban,60+,Middle,2.90,2.38,3.54,102,3520
IN-CH,Chandigarh,Male,Urban,60+,Secondary,2.17,1.78,2.65,76,3520
IN-CH,Chandigarh,Male,Urban,60+,Higher,1.63,1.34,1.99,57,3520
IN-CH,Chandigarh,Male,Urban,60-64,All,1.63,1.34,1.99,51,3168
IN-CH,Chandigarh,Male,Urban,60-64,None,2.28,1.87,2.78,14,633
IN-CH,Chandigarh,Male,Urban,60-64,Primary,1.71,1.40,2.09,10,633
IN-CH,Chandigarh,Male,Urban,60-64,Middle,1.30,1.07,1.59,8,633
IN-CH,Chandigarh,Male,Urban,60-64,Secondary,1.00,0.82,1.22,6,633
IN-CH,Chandigarh,Male,Urban,60-64,Higher,1.00,0.82,1.22,6,633
IN-CH,Chandigarh,Male,Urban,65-69,All,2.72,2.23,3.32,86,3168
IN-CH,Chandigarh,Male,Urban,65-69,None,3.81,3.12,4.65,24,633
IN-CH,Chandigarh,Male,Urban,65-69,Primary,2.85,2.34,3.48,18,633
IN-CH,Chandigarh,Male,Urban,65-69,Middle,2.17,1.78,2.65,13,633
IN-CH,Chandigarh,Male,Urban,65-69,Secondary,1.63,1.34,1.99,10,633
IN-CH,Chandigarh,Male,Urban,65-69,Higher,1.22,1.00,1.49,7,633
IN-CH,Chandigarh,Male,Urban,70-74,All,4.17,3.42,5.09,132,3168
IN-CH,Chandigarh,Male,Urban,70-74,None,5.84,4.79,7.12,36,633
IN-CH,Chandigarh,Male,Urban,70-74,Primary,4.38,3.59,5.34,27,633
IN-CH,Chandigarh,Male,Urban,70-74,Middle,3.33,2.73,4.06,21,633
IN-CH,Chandigarh,Male,Urban,70-74,Secondary,2.50,2.05,3.05,15,633
IN-CH,Chandigarh,Male,Urban,70-74,Higher,1.88,1.54,2.29,11,633
IN-CH,Chandigarh,Male,Urban,75-79,All,6.16,5.05,7.52,195,3168
IN-CH,Chandigarh,Male,Urban,75-79,None,8.63,7.08,10.53,54,633
IN-CH,Chandigarh,Male,Urban,75-79,Primary,6.47,5.31,7.89,40,633
IN-CH,Chandigarh,Male,Urban,75-79,Middle,4.93,4.04,6.01,31,633
IN-CH,Chandigarh,Male,Urban,75-79,Secondary,3.70,3.03,4.51,23,633
IN-CH,Chandigarh,Male,Urban,75-79,Higher,2.77,2.27,3.38,17,633
IN-CH,Chandigarh,Male,Urban,80-84,All,8.70,7.13,10.61,275,3168
IN-CH,Chandigarh,Male,Urban,80-84,None,12.18,9.99,14.86,77,633
IN-CH,Chandigarh,Male,Urban,80-84,Primary,9.13,7.49,11.14,57,633
IN-CH,Chandigarh,Male,Urban,80-84,Middle,6.96,5.71,8.49,44,633
IN-CH,Chandigarh,Male,Urban,80-84,Secondary,5.22,4.28,6.37,33,633
IN-CH,Chandigarh,Male,Urban,80-84,Higher,3.91,3.21,4.77,24,633
IN-CH,Chandigarh,Male,Urban,85+,All,11.96,9.81,14.59,378,3168
IN-CH,Chandigarh,Male,Urban,85+,None,16.74,13.73,20.42,105,633
IN-CH,Chandigarh,Male,Urban,85+,Primary,12.56,10.30,15.32,79,633
IN-CH,Chandigarh,Male,Urban,85+,Middle,9.57,7.85,11.68,60,633
IN-CH,Chandigarh,Male,Urban,85+,Secondary,7.18,5.89,8.76,45,633
IN-CH,Chandigarh,Male,Urban,85+,Higher,5.38,4.41,6.56,34,633
IN-CH,Chandigarh,Male,Rural,60+,All,5.39,4.42,6.58,2015,37400
IN-CH,Chandigarh,Male,Rural,60+,None,7.55,6.19,9.21,564,7480
IN-CH,Chandigarh,Male,Rural,60+,Primary,5.66,4.64,6.91,423,7480
IN-CH,Chandigarh,Male,Rural,60+,Middle,4.31,3.53,5.26,322,7480
IN-CH,Chandigarh,Male,Rural,60+,Secondary,3.24,2.66,3.95,242,7480
IN-CH,Chandigarh,Male,Rural,60+,Higher,2.43,1.99,2.96,181,7480
IN-CH,Chandigarh,Male,Rural,60-64,All,2.43,1.99,2.96,163,6732
IN-CH,Chandigarh,Male,Rural,60-64,None,3.40,2.79,4.15,45,1346
IN-CH,Chandigarh,Male,Rural,60-64,Primary,2.55,2.09,3.11,34,1346
IN-CH,Chandigarh,Male,Rural,60-64,Middle,1.94,1.59,2.37,26,1346
IN-CH,Chandigarh,Male,Rural,60-64,Secondary,1.46,1.20,1.78,19,1346
IN-CH,Chandigarh,Male,Rural,60-64,Higher,1.09,0.89,1.33,14,1346
IN-CH,Chandigarh,Male,Rural,65-69,All,4.04,3.31,4.93,271,6732
IN-CH,Chandigarh,Male,Rural,65-69,None,5.66,4.64,6.91,76,1346
IN-CH,Chandigarh,Male,Rural,65-69,Primary,4.25,3.49,5.19,57,1346
IN-CH,Chandigarh,Male,Rural,65-69,Middle,3.24,2.66,3.95,43,1346
IN-CH,Chandigarh,Male,Rural,65-69,Secondary,2.43,1.99,2.96,32,1346
IN-CH,Chandigarh,Male,Rural,65-69,Higher,1.82,1.49,2.22,24,1346
IN-CH,Chandigarh,Male,Rural,70-74,All,6.20,5.08,7.56,417,6732
IN-CH,Chandigarh,Male,Rural,70-74,None,8.68,7.12,10.59,116,1346
IN-CH,Chandigarh,Male,Rural,70-74,Primary,6.51,5.34,7.94,87,1346
IN-CH,Chandigarh,Male,Rural,70-74,Middle,4.96,4.07,6.05,66,1346
IN-CH,Chandigarh,Male,Rural,70-74,Secondary,3.72,3.05,4.54,50,1346
IN-CH,Chandigarh,Male,Rural,70-74,Higher,2.79,2.29,3.40,37,1346
IN-CH,Chandigarh,Male,Rural,75-79,All,9.17,7.52,11.19,617,6732
IN-CH,Chandigarh,Male,Rural,75-79,None,12.83,10.52,15.65,172,1346
IN-CH,Chandigarh,Male,Rural,75-79,Primary,9.63,7.90,11.75,129,1346
IN-CH,Chandigarh,Male,Rural,75-79,Middle,7.33,6.01,8.94,98,1346
IN-CH,Chandigarh,Male,Rural,75-79,Secondary,5.50,4.51,6.71,74,1346
IN-CH,Chandigarh,Male,Rural,75-79,Higher,4.13,3.39,5.04,55,1346
IN-CH,Chandigarh,Male,Rural,80-84,All,12.94,10.61,15.79,871,6732
IN-CH,Chandigarh,Male,Rural,80-84,None,18.12,14.86,22.11,243,1346
IN-CH,Chandigarh,Male,Rural,80-84,Primary,13.59,11.14,16.58,182,1346
IN-CH,Chandigarh,Male,Rural,80-84,Middle,10.35,8.49,12.63,139,1346
IN-CH,Chandigarh,Male,Rural,80-84,Secondary,7.77,6.37,9.48,104,1346
IN-CH,Chandigarh,Male,Rural,80-84,Higher,5.82,4.77,7.10,78,1346
IN-CH,Chandigarh,Male,Rural,85+,All,17.79,14.59,21.70,1197,6732
IN-CH,Chandigarh,Male,Rural,85+,None,24.91,20.43,30.39,335,1346
IN-CH,Chandigarh,Male,Rural,85+,Primary,18.68,15.32,22.79,251,1346
IN-CH,Chandigarh,Male,Rural,85+,Middle,14.24,11.68,17.37,191,1346
IN-CH,Chandigarh,Male,Rural,85+,Secondary,10.68,8.76,13.03,143,1346
IN-CH,Chandigarh,Male,Rural,85+,Higher,8.01,6.57,9.77,107,1346
IN-CH,Chandigarh,Female,All,60+,All,5.98,4.90,7.30,3289,55000
IN-CH,Chandigarh,Female,All,60+,None,8.37,6.86,10.21,920,11000
IN-CH,Chandigarh,Female,All,60+,Primary,6.28,5.15,7.66,690,11000
IN-CH,Chandigarh,Female,All,60+,Middle,4.78,3.92,5.83,525,11000
IN-CH,Chandigarh,Female,All,60+,Secondary,3.59,2.94,4.38,394,11000
IN-CH,Chandigarh,Female,All,60+,Higher,2.69,2.21,3.28,295,11000
IN-CH,Chandigarh,Female,All,60-64,All,2.69,2.21,3.28,266,9900
IN-CH,Chandigarh,Female,All,60-64,None,3.77,3.09,4.60,74,1979
IN-CH,Chandigarh,Female,All,60-64,Primary,2.83,2.32,3.45,56,1979
IN-CH,Chandigarh,Female,All,60-64,Middle,2.15,1.76,2.62,42,1979
IN-CH,Chandigarh,Female,All,60-64,Secondary,1.61,1.32,1.96,31,1979
IN-CH,Chandigarh,Female,All,60-64,Higher,1.21,0.99,1.48,23,1979
IN-CH,Chandigarh,Female,All,65-69,All,4.48,3.67,5.47,443,9900
IN-CH,Chandigarh,Female,All,65-69,None,6.28,5.15,7.66,124,1979
IN-CH,Chandigarh,Female,All,65-69,Primary,4.71,3.86,5.75,93,1979
IN-CH,Chandigarh,Female,All,65-69,Middle,3.59,2.94,4.38,71,1979
IN-CH,Chandigarh,Female,All,65-69,Secondary,2.69,2.21,3.28,53,1979
IN-CH,Chandigarh,Female,All,65-69,Higher,2.02,1.66,2.46,39,1979
IN-CH,Chandigarh,Female,All,70-74,All,6.88,5.64,8.39,681,9900
IN-CH,Chandigarh,Female,All,70-74,None,9.63,7.90,11.75,190,1979
IN-CH,Chandigarh,Female,All,70-74,Primary,7.22,5.92,8.81,142,1979
IN-CH,Chandigarh,Female,All,70-74,Middle,5.50,4.51,6.71,108,1979
IN-CH,Chandigarh,Female,All,70-74,Secondary,4.13,3.39,5.04,81,1979
IN-CH,Chandigarh,Female,All,70-74,Higher,3.09,2.53,3.77,61,1979
IN-CH,Chandigarh,Female,All,75-79,All,10.17,8.34,12.41,1006,9900
IN-CH,Chandigarh,Female,All,75-79,None,14.23,11.67,17.36,281,1979
IN-CH,Chandigarh,Female,All,75-79,Primary,10.67,8.75,13.02,211,1979
IN-CH,Chandigarh,Female,All,75-79,Middle,8.13,6.67,9.92,160,1979
IN-CH,Chandigarh,Female,All,75-79,Secondary,6.10,5.00,7.44,120,1979
IN-CH,Chandigarh,Female,All,75-79,Higher,4.57,3.75,5.58,90,1979
IN-CH,Chandigarh,Female,All,80-84,All,14.35,11.77,17.51,1420,9900
IN-CH,Chandigarh,Female,All,80-84,None,20.09,16.47,24.51,397,1979
IN-CH,Chandigarh,Female,All,80-84,Primary,15.07,12.36,18.39,298,1979
IN-CH,Chandigarh,Female,All,80-84,Middle,11.48,9.41,14.01,227,1979
IN-CH,Chandigarh,Female,All,80-84,Secondary,8.61,7.06,10.50,170,1979
IN-CH,Chandigarh,Female,All,80-84,Higher,6.46,5.30,7.88,127,1979
IN-CH,Chandigarh,Female,All,85+,All,19.73,16.18,24.07,1953,9900
IN-CH,Chandigarh,Female,All,85+,None,27.63,22.66,33.71,546,1979
IN-CH,Chandigarh,Female,All,85+,Primary,20.72,16.99,25.28,410,1979
IN-CH,Chandigarh,Female,All,85+,Middle,15.79,12.95,19.26,312,1979
IN-CH,Chandigarh,Female,All,85+,Secondary,11.84,9.71,14.44,234,1979
IN-CH,Chandigarh,Female,All,85+,Higher,8.88,7.28,10.83,175,1979
IN-CH,Chandigarh,Female,Urban,60+,All,4.90,4.02,5.98,862,17600
IN-CH,Chandigarh,Female,Urban,60+,None,6.87,5.63,8.38,241,3520
IN-CH,Chandigarh,Female,Urban,60+,Primary,5.15,4.22,6.28,181,3520
IN-CH,Chandigarh,Female,Urban,60+,Middle,3.92,3.21,4.78,137,3520
IN-CH,Chandigarh,Female,Urban,60+,Secondary,2.94,2.41,3.59,103,3520
IN-CH,Chandigarh,Female,Urban,60+,Higher,2.21,1.81,2.70,77,3520
IN-CH,Chandigarh,Female,Urban,60-64,All,2.21,1.81,2.70,70,3168
IN-CH,Chandigarh,Female,Urban,60-64,None,3.09,2.53,3.77,19,633
IN-CH,Chandigarh,Female,Urban,60-64,Primary,2.32,1.90,2.83,14,633
IN-CH,Chandigarh,Female,Urban,60-64,Middle,1.77,1.45,2.16,11,633
IN-CH,Chandigarh,Female,Urban,60-64,Secondary,1.32,1.08,1.61,8,633
IN-CH,Chandigarh,Female,Urban,60-64,Higher,1.00,0.82,1.22,6,633
IN-CH,Chandigarh,Female,Urban,65-69,All,3.68,3.02,4.49,116,3168
IN-CH,Chandigarh,Female,Urban,65-69,None,5.15,4.22,6.28,32,633
IN-CH,Chandigarh,Female,Urban,65-69,Primary,3.86,3.17,4.71,24,633
IN-CH,Chandigarh,Female,Urban,65-69,Middle,2.94,2.41,3.59,18,633
IN-CH,Chandigarh,Female,Urban,65-69,Secondary,2.21,1.81,2.70,13,633
IN-CH,Chandigarh,Female,Urban,65-69,Higher,1.65,1.35,2.01,10,633
IN-CH,Chandigarh,Female,Urban,70-74,All,5.64,4.62,6.88,178,3168
IN-CH,Chandigarh,Female,Urban,70-74,None,7.89,6.47,9.63,49,633
IN-CH,Chandigarh,Female,Urban,70-74,Primary,5.92,4.85,7.22,37,633
IN-CH,Chandigarh,Female,Urban,70-74,Middle,4.51,3.70,5.50,28,633
IN-CH,Chandigarh,Female,Urban,70-74,Secondary,3.38,2.77,4.12,21,633
IN-CH,Chandigarh,Female,Urban,70-74,Higher,2.54,2.08,3.10,16,633
IN-CH,Chandigarh,Female,Urban,75-79,All,8.34,6.84,10.17,264,3168
IN-CH,Chandigarh,Female,Urban,75-79,None,11.67,9.57,14.24,73,633
IN-CH,Chandigarh,Female,Urban,75-79,Primary,8.75,7.18,10.68,55,633
IN-CH,Chandigarh,Female,Urban,75-79,Middle,6.67,5.47,8.14,42,633
IN-CH,Chandigarh,Female,Urban,75-79,Secondary,5.00,4.10,6.10,31,633
IN-CH,Chandigarh,Female,Urban,75-79,Higher,3.75,3.08,4.58,23,633
IN-CH,Chandigarh,Female,Urban,80-84,All,11.77,9.65,14.36,372,3168
IN-CH,Chandigarh,Female,Urban,80-84,None,16.48,13.51,20.11,104,633
IN-CH,Chandigarh,Female,Urban,80-84,Primary,12.36,10.14,15.08,78,633
IN-CH,Chandigarh,Female,Urban,80-84,Middle,9.41,7.72,11.48,59,633
IN-CH,Chandigarh,Female,Urban,80-84,Secondary,7.06,5.79,8.61,44,633
IN-CH,Chandigarh,Female,Urban,80-84,Higher,5.30,4.35,6.47,33,633
IN-CH,Chandigarh,Female,Urban,85+,All,16.18,13.27,19.74,512,3168
IN-CH,Chandigarh,Female,Urban,85+,None,22.65,18.57,27.63,143,633
IN-CH,Chandigarh,Female,Urban,85+,Primary,16.99,13.93,20.73,107,633
IN-CH,Chandigarh,Female,Urban,85+,Middle,12.95,10.62,15.80,81,633
IN-CH,Chandigarh,Female,Urban,85+,Secondary,9.71,7.96,11.85,61,633
IN-CH,Chandigarh,Female,Urban,85+,Higher,7.28,5.97,8.88,46,633
IN-CH,Chandigarh,Female,Rural,60+,All,7.30,5.99,8.91,2730,37400
IN-CH,Chandigarh,Female,Rural,60+,None,10.21,8.37,12.46,763,7480
IN-CH,Chandigarh,Female,Rural,60+,Primary,7.66,6.28,9.35,572,7480
IN-CH,Chandigarh,Female,Rural,60+,Middle,5.84,4.79,7.12,436,7480
IN-CH,Chandigarh,Female,Rural,60+,Secondary,4.38,3.59,5.34,327,7480
IN-CH,Chandigarh,Female,Rural,60+,Higher,3.28,2.69,4.00,245,7480
IN-CH,Chandigarh,Female,Rural,60-64,All,3.28,2.69,4.00,220,6732
IN-CH,Chandigarh,Female,Rural,60-64,None,4.60,3.77,5.61,61,1346
IN-CH,Chandigarh,Female,Rural,60-64,Primary,3.45,2.83,4.21,46,1346
IN-CH,Chandigarh,Female,Rural,60-64,Middle,2.63,2.16,3.21,35,1346
IN-CH,Chandigarh,Female,Rural,60-64,Secondary,1.97,1.62,2.40,26,1346
IN-CH,Chandigarh,Female,Rural,60-64,Higher,1.48,1.21,1.81,19,1346
IN-CH,Chandigarh,Female,Rural,65-69,All,5.47,4.49,6.67,368,6732
IN-CH,Chandigarh,Female,Rural,65-69,None,7.66,6.28,9.35,103,1346
IN-CH,Chandigarh,Female,Rural,65-69,Primary,5.75,4.72,7.02,77,1346
IN-CH,Chandigarh,Female,Rural,65-69,Middle,4.38,3.59,5.34,58,1346
IN-CH,Chandigarh,Female,Rural,65-69,Secondary,3.28,2.69,4.00,44,1346
IN-CH,Chandigarh,Female,Rural,65-69,Higher,2.46,2.02,3.00,33,1346
IN-CH,Chandigarh,Female,Rural,70-74,All,8.39,6.88,10.24,564,6732
IN-CH,Chandigarh,Female,Rural,70-74,None,11.75,9.64,14.34,158,1346
IN-CH,Chandigarh,Female,Rural,70-74,Primary,8.81,7.22,10.75,118,1346
IN-CH,Chandigarh,Female,Rural,70-74,Middle,6.71,5.50,8.19,90,1346
IN-CH,Chandigarh,Female,Rural,70-74,Secondary,5.03,4.12,6.14,67,1346
IN-CH,Chandigarh,Female,Rural,70-74,Higher,3.78,3.10,4.61,50,1346
IN-CH,Chandigarh,Female,Rural,75-79,All,12.40,10.17,15.13,834,6732
IN-CH,Chandigarh,Female,Rural,75-79,None,17.36,14.24,21.18,233,1346
IN-CH,Chandigarh,Female,Rural,75-79,Primary,13.02,10.68,15.88,175,1346
IN-CH,Chandigarh,Female,Rural,75-79,Middle,9.92,8.13,12.10,133,1346
IN-CH,Chandigarh,Female,Rural,75-79,Secondary,7.44,6.10,9.08,100,1346
IN-CH,Chandigarh,Female,Rural,75-79,Higher,5.58,4.58,6.81,75,1346
IN-CH,Chandigarh,Female,Rural,80-84,All,17.51,14.36,21.36,1178,6732
IN-CH,Chandigarh,Female,Rural,80-84,None,24.51,20.10,29.90,329,1346
IN-CH,Chandigarh,Female,Rural,80-84,Primary,18.38,15.07,22.42,247,1346
IN-CH,Chandigarh,Female,Rural,80-84,Middle,14.01,11.49,17.09,188,1346
IN-CH,Chandigarh,Female,Rural,80-84,Secondary,10.51,8.62,12.82,141,1346
IN-CH,Chandigarh,Female,Rural,80-84,Higher,7.88,6.46,9.61,106,1346
IN-CH,Chandigarh,Female,Rural,85+,All,24.08,19.75,29.38,1621,6732
IN-CH,Chandigarh,Female,Rural,85+,None,33.71,27.64,41.13,453,1346
IN-CH,Chandigarh,Female,Rural,85+,Primary,25.28,20.73,30.84,340,1346
IN-CH,Chandigarh,Female,Rural,85+,Middle,19.26,15.79,23.50,259,1346
IN-CH,Chandigarh,Female,Rural,85+,Secondary,14.45,11.85,17.63,194,1346
IN-CH,Chandigarh,Female,Rural,85+,Higher,10.83,8.88,13.21,145,1346
IN-PY,Puducherry,Both,All,60+,All,7.40,6.07,9.03,11100,150000
IN-PY,Puducherry,Both,All,60+,None,10.36,8.50,12.64,3108,30000
IN-PY,Puducherry,Both,All,60+,Primary,7.77,6.37,9.48,2330,30000
IN-PY,Puducherry,Both,All,60+,Middle,5.92,4.85,7.22,1776,30000
IN-PY,Puducherry,Both,All,60+,Secondary,4.44,3.64,5.42,1332,30000
IN-PY,Puducherry,Both,All,60+,Higher,3.33,2.73,4.06,999,30000
IN-PY,Puducherry,Both,All,60-64,All,3.33,2.73,4.06,899,27000
IN-PY,Puducherry,Both,All,60-64,None,4.66,3.82,5.69,251,5400
IN-PY,Puducherry,Both,All,60-64,Primary,3.50,2.87,4.27,189,5400
IN-PY,Puducherry,Both,All,60-64,Middle,2.66,2.18,3.25,143,5400
IN-PY,Puducherry,Both,All,60-64,Secondary,2.00,1.64,2.44,108,5400
IN-PY,Puducherry,Both,All,60-64,Higher,1.50,1.23,1.83,81,5400
IN-PY,Puducherry,Both,All,65-69,All,5.55,4.55,6.77,1498,27000
IN-PY,Puducherry,Both,All,65-69,None,7.77,6.37,9.48,419,5400
IN-PY,Puducherry,Both,All,65-69,Primary,5.83,4.78,7.11,314,5400
IN-PY,Puducherry,Both,All,65-69,Middle,4.44,3.64,5.42,239,5400
IN-PY,Puducherry,Both,All,65-69,Secondary,3.33,2.73,4.06,179,5400
IN-PY,Puducherry,Both,All,65-69,Higher,2.50,2.05,3.05,135,5400
IN-PY,Puducherry,Both,All,70-74,All,8.51,6.98,10.38,2297,27000
IN-PY,Puducherry,Both,All,70-74,None,11.91,9.77,14.53,643,5400
IN-PY,Puducherry,Both,All,70-74,Primary,8.94,7.33,10.91,482,5400
IN-PY,Puducherry,Both,All,70-74,Middle,6.81,5.58,8.31,367,5400
IN-PY,Puducherry,Both,All,70-74,Secondary,5.11,4.19,6.23,275,5400
IN-PY,Puducherry,Both,All,70-74,Higher,3.83,3.14,4.67,206,5400
IN-PY,Puducherry,Both,All,75-79,All,12.58,10.32,15.35,3396,27000
IN-PY,Puducherry,Both,All,75-79,None,17.61,14.44,21.48,950,5400
IN-PY,Puducherry,Both,All,75-79,Primary,13.21,10.83,16.12,713,5400
IN-PY,Puducherry,Both,All,75-79,Middle,10.06,8.25,12.27,543,5400
IN-PY,Puducherry,Both,All,75-79,Secondary,7.55,6.19,9.21,407,5400
IN-PY,Puducherry,Both,All,75-79,Higher,5.66,4.64,6.91,305,5400
IN-PY,Puducherry,Both,All,80-84,All,17.76,14.56,21.67,4795,27000
IN-PY,Puducherry,Both,All,80-84,None,24.86,20.39,30.33,1342,5400
IN-PY,Puducherry,Both,All,80-84,Primary,18.65,15.29,22.75,1007,5400
IN-PY,Puducherry,Both,All,80-84,Middle,14.21,11.65,17.34,767,5400
IN-PY,Puducherry,Both,All,80-84,Secondary,10.66,8.74,13.01,575,5400
IN-PY,Puducherry,Both,All,80-84,Higher,7.99,6.55,9.75,431,5400
IN-PY,Puducherry,Both,All,85+,All,24.42,20.02,29.79,6593,27000
IN-PY,Puducherry,Both,All,85+,None,34.19,28.04,41.71,1846,5400
IN-PY,Puducherry,Both,All,85+,Primary,25.64,21.02,31.28,1384,5400
IN-PY,Puducherry,Both,All,85+,Middle,19.54,16.02,23.84,1055,5400
IN-PY,Puducherry,Both,All,85+,Secondary,14.65,12.01,17.87,791,5400
IN-PY,Puducherry,Both,All,85+,Higher,10.99,9.01,13.41,593,5400
IN-PY,Puducherry,Both,Urban,60+,All,6.07,4.98,7.41,2913,48000
IN-PY,Puducherry,Both,Urban,60+,None,8.50,6.97,10.37,816,9600
IN-PY,Puducherry,Both,Urban,60+,Primary,6.37,5.22,7.77,611,9600
IN-PY,Puducherry,Both,Urban,60+,Middle,4.85,3.98,5.92,465,9600
IN-PY,Puducherry,Both,Urban,60+,Secondary,3.64,2.98,4.44,349,9600
IN-PY,Puducherry,Both,Urban,60+,Higher,2.73,2.24,3.33,262,9600
IN-PY,Puducherry,Both,Urban,60-64,All,2.73,2.24,3.33,235,8640
IN-PY,Puducherry,Both,Urban,60-64,None,3.82,3.13,4.66,66,1728
IN-PY,Puducherry,Both,Urban,60-64,Primary,2.87,2.35,3.50,49,1728
IN-PY,Puducherry,Both,Urban,60-64,Middle,2.18,1.79,2.66,37,1728
IN-PY,Puducherry,Both,Urban,60-64,Secondary,1.64,1.34,2.00,28,1728
IN-PY,Puducherry,Both,Urban,60-64,Higher,1.23,1.01,1.50,21,1728
IN-PY,Puducherry,Both,Urban,65-69,All,4.55,3.73,5.55,393,8640
IN-PY,Puducherry,Both,Urban,65-69,None,6.37,5.22,7.77,110,1728
IN-PY,Puducherry,Both,Urban,65-69,Primary,4.78,3.92,5.83,82,1728
IN-PY,Puducherry,Both,Urban,65-69,Middle,3.64,2.98,4.44,62,1728
IN-PY,Puducherry,Both,Urban,65-69,Secondary,2.73,2.24,3.33,47,1728
IN-PY,Puducherry,Both,Urban,65-69,Higher,2.05,1.68,2.50,35,1728
IN-PY,Puducherry,Both,Urban,70-74,All,6.98,5.72,8.52,603,8640
IN-PY,Puducherry,Both,Urban,70-74,None,9.77,8.01,11.92,168,1728
IN-PY,Puducherry,Both,Urban,70-74,Primary,7.33,6.01,8.94,126,1728
IN-PY,Puducherry,Both,Urban,70-74,Middle,5.58,4.58,6.81,96,1728
IN-PY,Puducherry,Both,Urban,70-74,Secondary,4.19,3.44,5.11,72,1728
IN-PY,Puducherry,Both,Urban,70-74,Higher,3.14,2.57,3.83,54,1728
IN-PY,Puducherry,Both,Urban,75-79,All,10.32,8.46,12.59,891,8640
IN-PY,Puducherry,Both,Urban,75-79,None,14.44,11.84,17.62,249,1728
IN-PY,Puducherry,Both,Urban,75-79,Primary,10.83,8.88,13.21,187,1728
IN-PY,Puducherry,Both,Urban,75-79,Middle,8.25,6.77,10.07,142,1728
IN-PY,Puducherry,Both,Urban,75-79,Secondary,6.19,5.08,7.55,106,1728
IN-PY,Puducherry,Both,Urban,75-79,Higher,4.64,3.80,5.66,80,1728
IN-PY,Puducherry,Both,Urban,80-84,All,14.56,11.94,17.76,1257,8640
IN-PY,Puducherry,Both,Urban,80-84,None,20.39,16.72,24.88,352,1728
IN-PY,Puducherry,Both,Urban,80-84,Primary,15.29,12.54,18.65,264,1728
IN-PY,Puducherry,Both,Urban,80-84,Middle,11.65,9.55,14.21,201,1728
IN-PY,Puducherry,Both,Urban,80-84,Secondary,8.74,7.17,10.66,151,1728
IN-PY,Puducherry,Both,Urban,80-84,Higher,6.55,5.37,7.99,113,1728
IN-PY,Puducherry,Both,Urban,85+,All,20.02,16.42,24.42,1729,8640
IN-PY,Puducherry,Both,Urban,85+,None,28.03,22.98,34.20,484,1728
IN-PY,Puducherry,Both,Urban,85+,Primary,21.03,17.24,25.66,363,1728
IN-PY,Puducherry,Both,Urban,85+,Middle,16.02,13.14,19.54,276,1728
IN-PY,Puducherry,Both,Urban,85+,Secondary,12.01,9.85,14.65,207,1728
IN-PY,Puducherry,Both,Urban,85+,Higher,9.01,7.39,10.99,155,1728
IN-PY,Puducherry,Both,Rural,60+,All,9.03,7.40,11.02,9210,102000
IN-PY,Puducherry,Both,Rural,60+,None,12.64,10.36,15.42,2578,20400
IN-PY,Puducherry,Both,Rural,60+,Primary,9.48,7.77,11.57,1933,20400
IN-PY,Puducherry,Both,Rural,60+,Middle,7.22,5.92,8.81,1472,20400
IN-PY,Puducherry,Both,Rural,60+,Secondary,5.42,4.44,6.61,1105,20400
IN-PY,Puducherry,Both,Rural,60+,Higher,4.06,3.33,4.95,828,20400
IN-PY,Puducherry,Both,Rural,60-64,All,4.06,3.33,4.95,745,18360
IN-PY,Puducherry,Both,Rural,60-64,None,5.69,4.67,6.94,208,3672
IN-PY,Puducherry,Both,Rural,60-64,Primary,4.27,3.50,5.21,156,3672
IN-PY,Puducherry,Both,Rural,60-64,Middle,3.25,2.67,3.97,119,3672
IN-PY,Puducherry,Both,Rural,60-64,Secondary,2.44,2.00,2.98,89,3672
IN-PY,Puducherry,Both,Rural,60-64,Higher,1.83,1.50,2.23,67,3672
IN-PY,Puducherry,Both,Rural,65-69,All,6.77,5.55,8.26,1242,18360
IN-PY,Puducherry,Both,Rural,65-69,None,9.48,7.77,11.57,348,3672
IN-PY,Puducherry,Both,Rural,65-69,Primary,7.11,5.83,8.67,261,3672
IN-PY,Puducherry,Both,Rural,65-69,Middle,5.42,4.44,6.61,199,3672
IN-PY,Puducherry,Both,Rural,65-69,Secondary,4.06,3.33,4.95,149,3672
IN-PY,Puducherry,Both,Rural,65-69,Higher,3.05,2.50,3.72,111,3672
IN-PY,Puducherry,Both,Rural,70-74,All,10.38,8.51,12.66,1905,18360
IN-PY,Puducherry,Both,Rural,70-74,None,14.54,11.92,17.74,533,3672
IN-PY,Puducherry,Both,Rural,70-74,Primary,10.90,8.94,13.30,400,3672
IN-PY,Puducherry,Both,Rural,70-74,Middle,8.31,6.81,10.14,305,3672
IN-PY,Puducherry,Both,Rural,70-74,Secondary,6.23,5.11,7.60,228,3672
IN-PY,Puducherry,Both,Rural,70-74,Higher,4.67,3.83,5.70,171,3672
IN-PY,Puducherry,Both,Rural,75-79,All,15.35,12.59,18.73,2818,18360
IN-PY,Puducherry,Both,Rural,75-79,None,21.49,17.62,26.22,789,3672
IN-PY,Puducherry,Both,Rural,75-79,Primary,16.11,13.21,19.65,591,3672
IN-PY,Puducherry,Both,Rural,75-79,Middle,12.28,10.07,14.98,450,3672
IN-PY,Puducherry,Both,Rural,75-79,Secondary,9.21,7.55,11.24,338,3672
IN-PY,Puducherry,Both,Rural,75-79,Higher,6.91,5.67,8.43,253,3672
IN-PY,Puducherry,Both,Rural,80-84,All,21.67,17.77,26.44,3978,18360
IN-PY,Puducherry,Both,Rural,80-84,None,30.33,24.87,37.00,1113,3672
IN-PY,Puducherry,Both,Rural,80-84,Primary,22.75,18.65,27.76,835,3672
IN-PY,Puducherry,Both,Rural,80-84,Middle,17.33,14.21,21.14,636,3672
IN-PY,Puducherry,Both,Rural,80-84,Secondary,13.00,10.66,15.86,477,3672
IN-PY,Puducherry,Both,Rural,80-84,Higher,9.75,7.99,11.90,358,3672
IN-PY,Puducherry,Both,Rural,85+,All,29.79,24.43,36.34,5469,18360
IN-PY,Puducherry,Both,Rural,85+,None,35.00,28.70,42.70,1285,3672
IN-PY,Puducherry,Both,Rural,85+,Primary,31.28,25.65,38.16,1148,3672
IN-PY,Puducherry,Both,Rural,85+,Middle,23.83,19.54,29.07,875,3672
IN-PY,Puducherry,Both,Rural,85+,Secondary,17.88,14.66,21.81,656,3672
IN-PY,Puducherry,Both,Rural,85+,Higher,13.41,11.00,16.36,492,3672
IN-PY,Puducherry,Male,All,60+,All,6.29,5.16,7.67,4717,75000
IN-PY,Puducherry,Male,All,60+,None,8.81,7.22,10.75,1321,15000
IN-PY,Puducherry,Male,All,60+,Primary,6.60,5.41,8.05,990,15000
IN-PY,Puducherry,Male,All,60+,Middle,5.03,4.12,6.14,754,15000
IN-PY,Puducherry,Male,All,60+,Secondary,3.77,3.09,4.60,565,15000
IN-PY,Puducherry,Male,All,60+,Higher,2.83,2.32,3.45,424,15000
IN-PY,Puducherry,Male,All,60-64,All,2.83,2.32,3.45,382,13500
IN-PY,Puducherry,Male,All,60-64,None,3.96,3.25,4.83,106,2700
IN-PY,Puducherry,Male,All,60-64,Primary,2.97,2.44,3.62,80,2700
IN-PY,Puducherry,Male,All,60-64,Middle,2.26,1.85,2.76,61,2700
IN-PY,Puducherry,Male,All,60-64,Secondary,1.70,1.39,2.07,45,2700
IN-PY,Puducherry,Male,All,60-64,Higher,1.27,1.04,1.55,34,2700
IN-PY,Puducherry,Male,All,65-69,All,4.72,3.87,5.76,637,13500
IN-PY,Puducherry,Male,All,65-69,None,6.60,5.41,8.05,178,2700
IN-PY,Puducherry,Male,All,65-69,Primary,4.95,4.06,6.04,133,2700
IN-PY,Puducherry,Male,All,65-69,Middle,3.77,3.09,4.60,101,2700
IN-PY,Puducherry,Male,All,65-69,Secondary,2.83,2.32,3.45,76,2700
IN-PY,Puducherry,Male,All,65-69,Higher,2.12,1.74,2.59,57,2700
IN-PY,Puducherry,Male,All,70-74,All,7.23,5.93,8.82,976,13500
IN-PY,Puducherry,Male,All,70-74,None,10.13,8.31,12.36,273,2700
IN-PY,Puducherry,Male,All,70-74,Primary,7.60,6.23,9.27,205,2700
IN-PY,Puducherry,Male,All,70-74,Middle,5.79,4.75,7.06,156,2700
IN-PY,Puducherry,Male,All,70-74,Secondary,4.34,3.56,5.29,117,2700
IN-PY,Puducherry,Male,All,70-74,Higher,3.26,2.67,3.98,88,2700
IN-PY,Puducherry,Male,All,75-79,All,10.69,8.77,13.04,1443,13500
IN-PY,Puducherry,Male,All,75-79,None,14.97,12.28,18.26,404,2700
IN-PY,Puducherry,Male,All,75-79,Primary,11.23,9.21,13.70,303,2700
IN-PY,Puducherry,Male,All,75-79,Middle,8.55,7.01,10.43,230,2700
IN-PY,Puducherry,Male,All,75-79,Secondary,6.42,5.26,7.83,173,2700
IN-PY,Puducherry,Male,All,75-79,Higher,4.81,3.94,5.87,129,2700
IN-PY,Puducherry,Male,All,80-84,All,15.10,12.38,18.42,2038,13500
IN-PY,Puducherry,Male,All,80-84,None,21.13,17.33,25.78,570,2700
IN-PY,Puducherry,Male,All,80-84,Primary,15.85,13.00,19.34,427,2700
IN-PY,Puducherry,Male,All,80-84,Middle,12.08,9.91,14.74,326,2700
IN-PY,Puducherry,Male,All,80-84,Secondary,9.06,7.43,11.05,244,2700
IN-PY,Puducherry,Male,All,80-84,Higher,6.79,5.57,8.28,183,2700
IN-PY,Puducherry,Male,All,85+,All,20.76,17.02,25.33,2802,13500
IN-PY,Puducherry,Male,All,85+,None,29.06,23.83,35.45,784,2700
IN-PY,Puducherry,Male,All,85+,Primary,21.79,17.87,26.58,588,2700
IN-PY,Puducherry,Male,All,85+,Middle,16.61,13.62,20.26,448,2700
IN-PY,Puducherry,Male,All,85+,Secondary,12.45,10.21,15.19,336,2700
IN-PY,Puducherry,Male,All,85+,Higher,9.34,7.66,11.39,252,2700
IN-PY,Puducherry,Male,Urban,60+,All,5.16,4.23,6.30,1238,24000
IN-PY,Puducherry,Male,Urban,60+,None,7.22,5.92,8.81,346,4800
IN-PY,Puducherry,Male,Urban,60+,Primary,5.42,4.44,6.61,260,4800
IN-PY,Puducherry,Male,Urban,60+,Middle,4.13,3.39,5.04,198,4800
IN-PY,Puducherry,Male,Urban,60+,Secondary,3.09,2.53,3.77,148,4800
IN-PY,Puducherry,Male,Urban,60+,Higher,2.32,1.90,2.83,111,4800
IN-PY,Puducherry,Male,Urban,60-64,All,2.32,1.90,2.83,100,4320
IN-PY,Puducherry,Male,Urban,60-64,None,3.25,2.67,3.97,28,864
IN-PY,Puducherry,Male,Urban,60-64,Primary,2.44,2.00,2.98,21,864
IN-PY,Puducherry,Male,Urban,60-64,Middle,1.86,1.53,2.27,16,864
IN-PY,Puducherry,Male,Urban,60-64,Secondary,1.39,1.14,1.70,12,864
IN-PY,Puducherry,Male,Urban,60-64,Higher,1.04,0.85,1.27,8,864
IN-PY,Puducherry,Male,Urban,65-69,All,3.87,3.17,4.72,167,4320
IN-PY,Puducherry,Male,Urban,65-69,None,5.42,4.44,6.61,46,864
IN-PY,Puducherry,Male,Urban,65-69,Primary,4.06,3.33,4.95,35,864
IN-PY,Puducherry,Male,Urban,65-69,Middle,3.09,2.53,3.77,26,864
IN-PY,Puducherry,Male,Urban,65-69,Secondary,2.32,1.90,2.83,20,864
IN-PY,Puducherry,Male,Urban,65-69,Higher,1.74,1.43,2.12,15,864
IN-PY,Puducherry,Male,Urban,70-74,All,5.93,4.86,7.23,256,4320
IN-PY,Puducherry,Male,Urban,70-74,None,8.30,6.81,10.13,71,864
IN-PY,Puducherry,Male,Urban,70-74,Primary,6.23,5.11,7.60,53,864
IN-PY,Puducherry,Male,Urban,70-74,Middle,4.75,3.89,5.80,41,864
IN-PY,Puducherry,Male,Urban,70-74,Secondary,3.56,2.92,4.34,30,864
IN-PY,Puducherry,Male,Urban,70-74,Higher,2.67,2.19,3.26,23,864
IN-PY,Puducherry,Male,Urban,75-79,All,8.77,7.19,10.70,378,4320
IN-PY,Puducherry,Male,Urban,75-79,None,12.28,10.07,14.98,106,864
IN-PY,Puducherry,Male,Urban,75-79,Primary,9.21,7.55,11.24,79,864
IN-PY,Puducherry,Male,Urban,75-79,Middle,7.01,5.75,8.55,60,864
IN-PY,Puducherry,Male,Urban,75-79,Secondary,5.26,4.31,6.42,45,864
IN-PY,Puducherry,Male,Urban,75-79,Higher,3.95,3.24,4.82,34,864
IN-PY,Puducherry,Male,Urban,80-84,All,12.38,10.15,15.10,534,4320
IN-PY,Puducherry,Male,Urban,80-84,None,17.33,14.21,21.14,149,864
IN-PY,Puducherry,Male,Urban,80-84,Primary,13.00,10.66,15.86,112,864
IN-PY,Puducherry,Male,Urban,80-84,Middle,9.90,8.12,12.08,85,864
IN-PY,Puducherry,Male,Urban,80-84,Secondary,7.43,6.09,9.06,64,864
IN-PY,Puducherry,Male,Urban,80-84,Higher,5.57,4.57,6.80,48,864
IN-PY,Puducherry,Male,Urban,85+,All,17.02,13.96,20.76,735,4320
IN-PY,Puducherry,Male,Urban,85+,None,23.83,19.54,29.07,205,864
IN-PY,Puducherry,Male,Urban,85+,Primary,17.87,14.65,21.80,154,864
IN-PY,Puducherry,Male,Urban,85+,Middle,13.62,11.17,16.62,117,864
IN-PY,Puducherry,Male,Urban,85+,Secondary,10.21,8.37,12.46,88,864
IN-PY,Puducherry,Male,Urban,85+,Higher,7.66,6.28,9.35,66,864
IN-PY,Puducherry,Male,Rural,60+,All,7.67,6.29,9.36,3911,51000
IN-PY,Puducherry,Male,Rural,60+,None,10.74,8.81,13.10,1095,10200
IN-PY,Puducherry,Male,Rural,60+,Primary,8.06,6.61,9.83,822,10200
IN-PY,Puducherry,Male,Rural,60+,Middle,6.14,5.03,7.49,626,10200
IN-PY,Puducherry,Male,Rural,60+,Secondary,4.60,3.77,5.61,469,10200
IN-PY,Puducherry,Male,Rural,60+,Higher,3.45,2.83,4.21,351,10200
IN-PY,Puducherry,Male,Rural,60-64,All,3.45,2.83,4.21,316,9180
IN-PY,Puducherry,Male,Rural,60-64,None,4.83,3.96,5.89,88,1836
IN-PY,Puducherry,Male,Rural,60-64,Primary,3.63,2.98,4.43,66,1836
IN-PY,Puducherry,Male,Rural,60-64,Middle,2.76,2.26,3.37,50,1836
IN-PY,Puducherry,Male,Rural,60-64,Secondary,2.07,1.70,2.53,38,1836
IN-PY,Puducherry,Male,Rural,60-64,Higher,1.55,1.27,1.89,28,1836
IN-PY,Puducherry,Male,Rural,65-69,All,5.76,4.72,7.03,528,9180
IN-PY,Puducherry,Male,Rural,65-69,None,8.06,6.61,9.83,147,1836
IN-PY,Puducherry,Male,Rural,65-69,Primary,6.04,4.95,7.37,110,1836
IN-PY,Puducherry,Male,Rural,65-69,Middle,4.60,3.77,5.61,84,1836
IN-PY,Puducherry,Male,Rural,65-69,Secondary,3.45,2.83,4.21,63,1836
IN-PY,Puducherry,Male,Rural,65-69,Higher,2.59,2.12,3.16,47,1836
IN-PY,Puducherry,Male,Rural,70-74,All,8.82,7.23,10.76,809,9180
IN-PY,Puducherry,Male,Rural,70-74,None,12.35,10.13,15.07,226,1836
IN-PY,Puducherry,Male,Rural,70-74,Primary,9.27,7.60,11.31,170,1836
IN-PY,Puducherry,Male,Rural,70-74,Middle,7.06,5.79,8.61,129,1836
IN-PY,Puducherry,Male,Rural,70-74,Secondary,5.29,4.34,6.45,97,1836
IN-PY,Puducherry,Male,Rural,70-74,Higher,3.97,3.26,4.84,72,1836
IN-PY,Puducherry,Male,Rural,75-79,All,13.05,10.70,15.92,1197,9180
IN-PY,Puducherry,Male,Rural,75-79,None,18.26,14.97,22.28,335,1836
IN-PY,Puducherry,Male,Rural,75-79,Primary,13.70,11.23,16.71,251,1836
IN-PY,Puducherry,Male,Rural,75-79,Middle,10.44,8.56,12.74,191,1836
IN-PY,Puducherry,Male,Rural,75-79,Secondary,7.83,6.42,9.55,143,1836
IN-PY,Puducherry,Male,Rural,75-79,Higher,5.87,4.81,7.16,107,1836
IN-PY,Puducherry,Male,Rural,80-84,All,18.42,15.10,22.47,1690,9180
IN-PY,Puducherry,Male,Rural,80-84,None,25.78,21.14,31.45,473,1836
IN-PY,Puducherry,Male,Rural,80-84,Primary,19.34,15.86,23.59,355,1836
IN-PY,Puducherry,Male,Rural,80-84,Middle,14.73,12.08,17.97,270,1836
IN-PY,Puducherry,Male,Rural,80-84,Secondary,11.05,9.06,13.48,202,1836
IN-PY,Puducherry,Male,Rural,80-84,Higher,8.29,6.80,10.11,152,1836
IN-PY,Puducherry,Male,Rural,85+,All,25.32,20.76,30.89,2324,9180
IN-PY,Puducherry,Male,Rural,85+,None,35.00,28.70,42.70,642,1836
IN-PY,Puducherry,Male,Rural,85+,Primary,26.59,21.80,32.44,488,1836
IN-PY,Puducherry,Male,Rural,85+,Middle,20.26,16.61,24.72,371,1836
IN-PY,Puducherry,Male,Rural,85+,Secondary,15.19,12.46,18.53,278,1836
IN-PY,Puducherry,Male,Rural,85+,Higher,11.40,9.35,13.91,209,1836
IN-PY,Puducherry,Female,All,60+,All,8.51,6.98,10.38,6382,75000
IN-PY,Puducherry,Female,All,60+,None,11.91,9.77,14.53,1786,15000
IN-PY,Puducherry,Female,All,60+,Primary,8.94,7.33,10.91,1341,15000
IN-PY,Puducherry,Female,All,60+,Middle,6.81,5.58,8.31,1021,15000
IN-PY,Puducherry,Female,All,60+,Secondary,5.11,4.19,6.23,766,15000
IN-PY,Puducherry,Female,All,60+,Higher,3.83,3.14,4.67,574,15000
IN-PY,Puducherry,Female,All,60-64,All,3.83,3.14,4.67,517,13500
IN-PY,Puducherry,Female,All,60-64,None,5.36,4.40,6.54,144,2700
IN-PY,Puducherry,Female,All,60-64,Primary,4.02,3.30,4.90,108,2700
IN-PY,Puducherry,Female,All,60-64,Middle,3.06,2.51,3.73,82,2700
IN-PY,Puducherry,Female,All,60-64,Secondary,2.30,1.89,2.81,62,2700
IN-PY,Puducherry,Female,All,60-64,Higher,1.72,1.41,2.10,46,2700
IN-PY,Puducherry,Female,All,65-69,All,6.38,5.23,7.78,861,13500
IN-PY,Puducherry,Female,All,65-69,None,8.94,7.33,10.91,241,2700
IN-PY,Puducherry,Female,All,65-69,Primary,6.70,5.49,8.17,180,2700
IN-PY,Puducherry,Female,All,65-69,Middle,5.11,4.19,6.23,137,2700
IN-PY,Puducherry,Female,All,65-69,Secondary,3.83,3.14,4.67,103,2700
IN-PY,Puducherry,Female,All,65-69,Higher,2.87,2.35,3.50,77,2700
IN-PY,Puducherry,Female,All,70-74,All,9.79,8.03,11.94,1321,13500
IN-PY,Puducherry,Female,All,70-74,None,13.70,11.23,16.71,369,2700
IN-PY,Puducherry,Female,All,70-74,Primary,10.28,8.43,12.54,277,2700
IN-PY,Puducherry,Female,All,70-74,Middle,7.83,6.42,9.55,211,2700
IN-PY,Puducherry,Female,All,70-74,Secondary,5.87,4.81,7.16,158,2700
IN-PY,Puducherry,Female,All,70-74,Higher,4.40,3.61,5.37,118,2700
IN-PY,Puducherry,Female,All,75-79,All,14.47,11.87,17.65,1953,13500
IN-PY,Puducherry,Female,All,75-79,None,20.25,16.61,24.71,546,2700
IN-PY,Puducherry,Female,All,75-79,Primary,15.19,12.46,18.53,410,2700
IN-PY,Puducherry,Female,All,75-79,Middle,11.57,9.49,14.12,312,2700
IN-PY,Puducherry,Female,All,75-79,Secondary,8.68,7.12,10.59,234,2700
IN-PY,Puducherry,Female,All,75-79,Higher,6.51,5.34,7.94,175,2700
IN-PY,Puducherry,Female,All,80-84,All,20.42,16.74,24.91,2756,13500
IN-PY,Puducherry,Female,All,80-84,None,28.59,23.44,34.88,771,2700
IN-PY,Puducherry,Female,All,80-84,Primary,21.45,17.59,26.17,579,2700
IN-PY,Puducherry,Female,All,80-84,Middle,16.34,13.40,19.93,441,2700
IN-PY,Puducherry,Female,All,80-84,Secondary,12.25,10.05,14.95,330,2700
IN-PY,Puducherry,Female,All,80-84,Higher,9.19,7.54,11.21,248,2700
IN-PY,Puducherry,Female,All,85+,All,28.08,23.03,34.26,3790,13500
IN-PY,Puducherry,Female,All,85+,None,35.00,28.70,42.70,944,2700
IN-PY,Puducherry,Female,All,85+,Primary,29.49,24.18,35.98,796,2700
IN-PY,Puducherry,Female,All,85+,Middle,22.47,18.43,27.41,606,2700
IN-PY,Puducherry,Female,All,85+,Secondary,16.85,13.82,20.56,454,2700
IN-PY,Puducherry,Female,All,85+,Higher,12.64,10.36,15.42,341,2700
IN-PY,Puducherry,Female,Urban,60+,All,6.98,5.72,8.52,1675,24000
IN-PY,Puducherry,Female,Urban,60+,None,9.77,8.01,11.92,468,4800
IN-PY,Puducherry,Female,Urban,60+,Primary,7.33,6.01,8.94,351,4800
IN-PY,Puducherry,Female,Urban,60+,Middle,5.58,4.58,6.81,267,4800
IN-PY,Puducherry,Female,Urban,60+,Secondary,4.19,3.44,5.11,201,4800
IN-PY,Puducherry,Female,Urban,60+,Higher,3.14,2.57,3.83,150,4800
IN-PY,Puducherry,Female,Urban,60-64,All,3.14,2.57,3.83,135,4320
IN-PY,Puducherry,Female,Urban,60-64,None,4.40,3.61,5.37,38,864
IN-PY,Puducherry,Female,Urban,60-64,Primary,3.30,2.71,4.03,28,864
IN-PY,Puducherry,Female,Urban,60-64,Middle,2.51,2.06,3.06,21,864
IN-PY,Puducherry,Female,Urban,60-64,Secondary,1.88,1.54,2.29,16,864
IN-PY,Puducherry,Female,Urban,60-64,Higher,1.41,1.16,1.72,12,864
IN-PY,Puducherry,Female,Urban,65-69,All,5.23,4.29,6.38,225,4320
IN-PY,Puducherry,Female,Urban,65-69,None,7.33,6.01,8.94,63,864
IN-PY,Puducherry,Female,Urban,65-69,Primary,5.50,4.51,6.71,47,864
IN-PY,Puducherry,Female,Urban,65-69,Middle,4.19,3.44,5.11,36,864
IN-PY,Puducherry,Female,Urban,65-69,Secondary,3.14,2.57,3.83,27,864
IN-PY,Puducherry,Female,Urban,65-69,Higher,2.36,1.94,2.88,20,864
IN-PY,Puducherry,Female,Urban,70-74,All,8.02,6.58,9.78,346,4320
IN-PY,Puducherry,Female,Urban,70-74,None,11.23,9.21,13.70,97,864
IN-PY,Puducherry,Female,Urban,70-74,Primary,8.43,6.91,10.28,72,864
IN-PY,Puducherry,Female,Urban,70-74,Middle,6.42,5.26,7.83,55,864
IN-PY,Puducherry,Female,Urban,70-74,Secondary,4.81,3.94,5.87,41,864
IN-PY,Puducherry,Female,Urban,70-74,Higher,3.61,2.96,4.40,31,864
IN-PY,Puducherry,Female,Urban,75-79,All,11.86,9.73,14.47,512,4320
IN-PY,Puducherry,Female,Urban,75-79,None,16.61,13.62,20.26,143,864
IN-PY,Puducherry,Female,Urban,75-79,Primary,12.46,10.22,15.20,107,864
IN-PY,Puducherry,Female,Urban,75-79,Middle,9.49,7.78,11.58,81,864
IN-PY,Puducherry,Female,Urban,75-79,Secondary,7.12,5.84,8.69,61,864
IN-PY,Puducherry,Female,Urban,75-79,Higher,5.34,4.38,6.51,46,864
IN-PY,Puducherry,Female,Urban,80-84,All,16.75,13.74,20.43,723,4320
IN-PY,Puducherry,Female,Urban,80-84,None,23.45,19.23,28.61,202,864
IN-PY,Puducherry,Female,Urban,80-84,Primary,17.59,14.42,21.46,151,864
IN-PY,Puducherry,Female,Urban,80-84,Middle,13.40,10.99,16.35,115,864
IN-PY,Puducherry,Female,Urban,80-84,Secondary,10.05,8.24,12.26,86,864
IN-PY,Puducherry,Female,Urban,80-84,Higher,7.54,6.18,9.20,65,864
IN-PY,Puducherry,Female,Urban,85+,All,23.03,18.88,28.10,994,4320
IN-PY,Puducherry,Female,Urban,85+,None,32.24,26.44,39.33,278,864
IN-PY,Puducherry,Female,Urban,85+,Primary,24.18,19.83,29.50,208,864
IN-PY,Puducherry,Female,Urban,85+,Middle,18.42,15.10,22.47,159,864
IN-PY,Puducherry,Female,Urban,85+,Secondary,13.82,11.33,16.86,119,864
IN-PY,Puducherry,Female,Urban,85+,Higher,10.36,8.50,12.64,89,864
IN-PY,Puducherry,Female,Rural,60+,All,10.38,8.51,12.66,5293,51000
IN-PY,Puducherry,Female,Rural,60+,None,14.54,11.92,17.74,1483,10200
IN-PY,Puducherry,Female,Rural,60+,Primary,10.90,8.94,13.30,1111,10200
IN-PY,Puducherry,Female,Rural,60+,Middle,8.31,6.81,10.14,847,10200
IN-PY,Puducherry,Female,Rural,60+,Secondary,6.23,5.11,7.60,635,10200
IN-PY,Puducherry,Female,Rural,60+,Higher,4.67,3.83,5.70,476,10200
IN-PY,Puducherry,Female,Rural,60-64,All,4.67,3.83,5.70,428,9180
IN-PY,Puducherry,Female,Rural,60-64,None,6.54,5.36,7.98,120,1836
IN-PY,Puducherry,Female,Rural,60-64,Primary,4.91,4.03,5.99,90,1836
IN-PY,Puducherry,Female,Rural,60-64,Middle,3.74,3.07,4.56,68,1836
IN-PY,Puducherry,Female,Rural,60-64,Secondary,2.80,2.30,3.42,51,1836
IN-PY,Puducherry,Female,Rural,60-64,Higher,2.10,1.72,2.56,38,1836
IN-PY,Puducherry,Female,Rural,65-69,All,7.79,6.39,9.50,715,9180
IN-PY,Puducherry,Female,Rural,65-69,None,10.90,8.94,13.30,200,1836
IN-PY,Puducherry,Female,Rural,65-69,Primary,8.18,6.71,9.98,150,1836
IN-PY,Puducherry,Female,Rural,65-69,Middle,6.23,5.11,7.60,114,1836
IN-PY,Puducherry,Female,Rural,65-69,Secondary,4.67,3.83,5.70,85,1836
IN-PY,Puducherry,Female,Rural,65-69,Higher,3.50,2.87,4.27,64,1836
IN-PY,Puducherry,Female,Rural,70-74,All,11.94,9.79,14.57,1096,9180
IN-PY,Puducherry,Female,Rural,70-74,None,16.72,13.71,20.40,306,1836
IN-PY,Puducherry,Female,Rural,70-74,Primary,12.54,10.28,15.30,230,1836
IN-PY,Puducherry,Female,Rural,70-74,Middle,9.55,7.83,11.65,175,1836
IN-PY,Puducherry,Female,Rural,70-74,Secondary,7.16,5.87,8.74,131,1836
IN-PY,Puducherry,Female,Rural,70-74,Higher,5.37,4.40,6.55,98,1836
IN-PY,Puducherry,Female,Rural,75-79,All,17.65,14.47,21.53,1620,9180
IN-PY,Puducherry,Female,Rural,75-79,None,24.71,20.26,30.15,453,1836
IN-PY,Puducherry,Female,Rural,75-79,Primary,18.53,15.19,22.61,340,1836
IN-PY,Puducherry,Female,Rural,75-79,Middle,14.12,11.58,17.23,259,1836
IN-PY,Puducherry,Female,Rural,75-79,Secondary,10.59,8.68,12.92,194,1836
IN-PY,Puducherry,Female,Rural,75-79,Higher,7.94,6.51,9.69,145,1836
IN-PY,Puducherry,Female,Rural,80-84,All,24.92,20.43,30.40,2287,9180
IN-PY,Puducherry,Female,Rural,80-84,None,34.88,28.60,42.55,640,1836
IN-PY,Puducherry,Female,Rural,80-84,Primary,26.16,21.45,31.92,480,1836
IN-PY,Puducherry,Female,Rural,80-84,Middle,19.93,16.34,24.31,365,1836
IN-PY,Puducherry,Female,Rural,80-84,Secondary,14.95,12.26,18.24,274,1836
IN-PY,Puducherry,Female,Rural,80-84,Higher,11.21,9.19,13.68,205,1836
IN-PY,Puducherry,Female,Rural,85+,All,34.26,28.09,41.80,3145,9180
IN-PY,Puducherry,Female,Rural,85+,None,35.00,28.70,42.70,642,1836
IN-PY,Puducherry,Female,Rural,85+,Primary,35.00,28.70,42.70,642,1836
IN-PY,Puducherry,Female,Rural,85+,Middle,27.41,22.48,33.44,503,1836
IN-PY,Puducherry,Female,Rural,85+,Secondary,20.56,16.86,25.08,377,1836
IN-PY,Puducherry,Female,Rural,85+,Higher,15.42,12.64,18.81,283,1836
IN-TR,Tripura,Both,All,60+,All,5.80,4.76,7.08,22040,380000
IN-TR,Tripura,Both,All,60+,None,8.12,6.66,9.91,6171,76000
IN-TR,Tripura,Both,All,60+,Primary,6.09,4.99,7.43,4628,76000
IN-TR,Tripura,Both,All,60+,Middle,4.64,3.80,5.66,3526,76000
IN-TR,Tripura,Both,All,60+,Secondary,3.48,2.85,4.25,2644,76000
IN-TR,Tripura,Both,All,60+,Higher,2.61,2.14,3.18,1983,76000
IN-TR,Tripura,Both,All,60-64,All,2.61,2.14,3.18,1785,68400
IN-TR,Tripura,Both,All,60-64,None,3.65,2.99,4.45,499,13679
IN-TR,Tripura,Both,All,60-64,Primary,2.74,2.25,3.34,374,13679
IN-TR,Tripura,Both,All,60-64,Middle,2.09,1.71,2.55,285,13679
IN-TR,Tripura,Both,All,60-64,Secondary,1.57,1.29,1.92,214,13679
IN-TR,Tripura,Both,All,60-64,Higher,1.17,0.96,1.43,160,13679
IN-TR,Tripura,Both,All,65-69,All,4.35,3.57,5.31,2975,68400
IN-TR,Tripura,Both,All,65-69,None,6.09,4.99,7.43,833,13679
IN-TR,Tripura,Both,All,65-69,Primary,4.57,3.75,5.58,625,13679
IN-TR,Tripura,Both,All,65-69,Middle,3.48,2.85,4.25,476,13679
IN-TR,Tripura,Both,All,65-69,Secondary,2.61,2.14,3.18,357,13679
IN-TR,Tripura,Both,All,65-69,Higher,1.96,1.61,2.39,268,13679
IN-TR,Tripura,Both,All,70-74,All,6.67,5.47,8.14,4562,68400
IN-TR,Tripura,Both,All,70-74,None,9.34,7.66,11.39,1277,13679
IN-TR,Tripura,Both,All,70-74,Primary,7.00,5.74,8.54,957,13679
IN-TR,Tripura,Both,All,70-74,Middle,5.34,4.38,6.51,730,13679
IN-TR,Tripura,Both,All,70-74,Secondary,4.00,3.28,4.88,547,13679
IN-TR,Tripura,Both,All,70-74,Higher,3.00,2.46,3.66,410,13679
IN-TR,Tripura,Both,All,75-79,All,9.86,8.09,12.03,6744,68400
IN-TR,Tripura,Both,All,75-79,None,13.80,11.32,16.84,1887,13679
IN-TR,Tripura,Both,All,75-79,Primary,10.35,8.49,12.63,1415,13679
IN-TR,Tripura,Both,All,75-79,Middle,7.89,6.47,9.63,1079,13679
IN-TR,Tripura,Both,All,75-79,Secondary,5.92,4.85,7.22,809,13679
IN-TR,Tripura,Both,All,75-79,Higher,4.44,3.64,5.42,607,13679
IN-TR,Tripura,Both,All,80-84,All,13.92,11.41,16.98,9521,68400
IN-TR,Tripura,Both,All,80-84,None,19.49,15.98,23.78,2666,13679
IN-TR,Tripura,Both,All,80-84,Primary,14.62,11.99,17.84,1999,13679
IN-TR,Tripura,Both,All,80-84,Middle,11.14,9.13,13.59,1523,13679
IN-TR,Tripura,Both,All,80-84,Secondary,8.35,6.85,10.19,1142,13679
IN-TR,Tripura,Both,All,80-84,Higher,6.26,5.13,7.64,856,13679
IN-TR,Tripura,Both,All,85+,All,19.14,15.69,23.35,13091,68400
IN-TR,Tripura,Both,All,85+,None,26.80,21.98,32.70,3665,13679
IN-TR,Tripura,Both,All,85+,Primary,20.10,16.48,24.52,2749,13679
IN-TR,Tripura,Both,All,85+,Middle,15.31,12.55,18.68,2094,13679
IN-TR,Tripura,Both,All,85+,Secondary,11.48,9.41,14.01,1570,13679
IN-TR,Tripura,Both,All,85+,Higher,8.61,7.06,10.50,1177,13679
IN-TR,Tripura,Both,Urban,60+,All,4.76,3.90,5.81,5788,121600
IN-TR,Tripura,Both,Urban,60+,None,6.66,5.46,8.13,1619,24320
IN-TR,Tripura,Both,Urban,60+,Primary,4.99,4.09,6.09,1213,24320
IN-TR,Tripura,Both,Urban,60+,Middle,3.80,3.12,4.64,924,24320
IN-TR,Tripura,Both,Urban,60+,Secondary,2.85,2.34,3.48,693,24320
IN-TR,Tripura,Both,Urban,60+,Higher,2.14,1.75,2.61,520,24320
IN-TR,Tripura,Both,Urban,60-64,All,2.14,1.75,2.61,468,21888
IN-TR,Tripura,Both,Urban,60-64,None,3.00,2.46,3.66,131,4377
IN-TR,Tripura,Both,Urban,60-64,Primary,2.25,1.85,2.75,98,4377
IN-TR,Tripura,Both,Urban,60-64,Middle,1.71,1.40,2.09,74,4377
IN-TR,Tripura,Both,Urban,60-64,Secondary,1.28,1.05,1.56,56,4377
IN-TR,Tripura,Both,Urban,60-64,Higher,1.00,0.82,1.22,43,4377
IN-TR,Tripura,Both,Urban,65-69,All,3.57,2.93,4.36,781,21888
IN-TR,Tripura,Both,Urban,65-69,None,4.99,4.09,6.09,218,4377
IN-TR,Tripura,Both,Urban,65-69,Primary,3.75,3.08,4.58,164,4377
IN-TR,Tripura,Both,Urban,65-69,Middle,2.85,2.34,3.48,124,4377
IN-TR,Tripura,Both,Urban,65-69,Secondary,2.14,1.75,2.61,93,4377
IN-TR,Tripura,Both,Urban,65-69,Higher,1.61,1.32,1.96,70,4377
IN-TR,Tripura,Both,Urban,70-74,All,5.47,4.49,6.67,1197,21888
IN-TR,Tripura,Both,Urban,70-74,None,7.66,6.28,9.35,335,4377
IN-TR,Tripura,Both,Urban,70-74,Primary,5.74,4.71,7.00,251,4377
IN-TR,Tripura,Both,Urban,70-74,Middle,4.38,3.59,5.34,191,4377
IN-TR,Tripura,Both,Urban,70-74,Secondary,3.28,2.69,4.00,143,4377
IN-TR,Tripura,Both,Urban,70-74,Higher,2.46,2.02,3.00,107,4377
IN-TR,Tripura,Both,Urban,75-79,All,8.09,6.63,9.87,1770,21888
IN-TR,Tripura,Both,Urban,75-79,None,11.32,9.28,13.81,495,4377
IN-TR,Tripura,Both,Urban,75-79,Primary,8.49,6.96,10.36,371,4377
IN-TR,Tripura,Both,Urban,75-79,Middle,6.47,5.31,7.89,283,4377
IN-TR,Tripura,Both,Urban,75-79,Secondary,4.85,3.98,5.92,212,4377
IN-TR,Tripura,Both,Urban,75-79,Higher,3.64,2.98,4.44,159,4377
IN-TR,Tripura,Both,Urban,80-84,All,11.41,9.36,13.92,2497,21888
IN-TR,Tripura,Both,Urban,80-84,None,15.98,13.10,19.50,699,4377
IN-TR,Tripura,Both,Urban,80-84,Primary,11.99,9.83,14.63,524,4377
IN-TR,Tripura,Both,Urban,80-84,Middle,9.13,7.49,11.14,399,4377
IN-TR,Tripura,Both,Urban,80-84,Secondary,6.85,5.62,8.36,299,4377
IN-TR,Tripura,Both,Urban,80-84,Higher,5.14,4.21,6.27,224,4377
IN-TR,Tripura,Both,Urban,85+,All,15.69,12.87,19.14,3434,21888
IN-TR,Tripura,Both,Urban,85+,None,21.97,18.02,26.80,961,4377
IN-TR,Tripura,Both,Urban,85+,Primary,16.48,13.51,20.11,721,4377
IN-TR,Tripura,Both,Urban,85+,Middle,12.56,10.30,15.32,549,4377
IN-TR,Tripura,Both,Urban,85+,Secondary,9.42,7.72,11.49,412,4377
IN-TR,Tripura,Both,Urban,85+,Higher,7.06,5.79,8.61,309,4377
IN-TR,Tripura,Both,Rural,60+,All,7.08,5.81,8.64,18294,258400
IN-TR,Tripura,Both,Rural,60+,None,9.91,8.13,12.09,5121,51680
IN-TR,Tripura,Both,Rural,60+,Primary,7.43,6.09,9.06,3839,51680
IN-TR,Tripura,Both,Rural,60+,Middle,5.66,4.64,6.91,2925,51680
IN-TR,Tripura,Both,Rural,60+,Secondary,4.25,3.49,5.19,2196,51680
IN-TR,Tripura,Both,Rural,60+,Higher,3.18,2.61,3.88,1643,51680
IN-TR,Tripura,Both,Rural,60-64,All,3.18,2.61,3.88,1479,46512
IN-TR,Tripura,Both,Rural,60-64,None,4.46,3.66,5.44,414,9302
IN-TR,Tripura,Both,Rural,60-64,Primary,3.34,2.74,4.07,310,9302
IN-TR,Tripura,Both,Rural,60-64,Middle,2.55,2.09,3.11,237,9302
IN-TR,Tripura,Both,Rural,60-64,Secondary,1.91,1.57,2.33,177,9302
IN-TR,Tripura,Both,Rural,60-64,Higher,1.43,1.17,1.74,133,9302
IN-TR,Tripura,Both,Rural,65-69,All,5.31,4.35,6.48,2469,46512
IN-TR,Tripura,Both,Rural,65-69,None,7.43,6.09,9.06,691,9302
IN-TR,Tripura,Both,Rural,65-69,Primary,5.57,4.57,6.80,518,9302
IN-TR,Tripura,Both,Rural,65-69,Middle,4.25,3.49,5.19,395,9302
IN-TR,Tripura,Both,Rural,65-69,Secondary,3.18,2.61,3.88,295,9302
IN-TR,Tripura,Both,Rural,65-69,Higher,2.39,1.96,2.92,222,9302
IN-TR,Tripura,Both,Rural,70-74,All,8.14,6.67,9.93,3786,46512
IN-TR,Tripura,Both,Rural,70-74,None,11.39,9.34,13.90,1059,9302
IN-TR,Tripura,Both,Rural,70-74,Primary,8.54,7.00,10.42,794,9302
IN-TR,Tripura,Both,Rural,70-74,Middle,6.51,5.34,7.94,605,9302
IN-TR,Tripura,Both,Rural,70-74,Secondary,4.88,4.00,5.95,453,9302
IN-TR,Tripura,Both,Rural,70-74,Higher,3.66,3.00,4.47,340,9302
IN-TR,Tripura,Both,Rural,75-79,All,12.03,9.86,14.68,5595,46512
IN-TR,Tripura,Both,Rural,75-79,None,16.84,13.81,20.54,1566,9302
IN-TR,Tripura,Both,Rural,75-79,Primary,12.63,10.36,15.41,1174,9302
IN-TR,Tripura,Both,Rural,75-79,Middle,9.62,7.89,11.74,894,9302
IN-TR,Tripura,Both,Rural,75-79,Secondary,7.22,5.92,8.81,671,9302
IN-TR,Tripura,Both,Rural,75-79,Higher,5.41,4.44,6.60,503,9302
IN-TR,Tripura,Both,Rural,80-84,All,16.98,13.92,20.72,7897,46512
IN-TR,Tripura,Both,Rural,80-84,None,23.78,19.50,29.01,2212,9302
IN-TR,Tripura,Both,Rural,80-84,Primary,17.83,14.62,21.75,1658,9302
IN-TR,Tripura,Both,Rural,80-84,Middle,13.59,11.14,16.58,1264,9302
IN-TR,Tripura,Both,Rural,80-84,Secondary,10.19,8.36,12.43,947,9302
IN-TR,Tripura,Both,Rural,80-84,Higher,7.64,6.26,9.32,710,9302
IN-TR,Tripura,Both,Rural,85+,All,23.35,19.15,28.49,10860,46512
IN-TR,Tripura,Both,Rural,85+,None,32.69,26.81,39.88,3040,9302
IN-TR,Tripura,Both,Rural,85+,Primary,24.52,20.11,29.91,2280,9302
IN-TR,Tripura,Both,Rural,85+,Middle,18.68,15.32,22.79,1737,9302
IN-TR,Tripura,Both,Rural,85+,Secondary,14.01,11.49,17.09,1303,9302
IN-TR,Tripura,Both,Rural,85+,Higher,10.51,8.62,12.82,977,9302
IN-TR,Tripura,Male,All,60+,All,4.93,4.04,6.01,9367,190000
IN-TR,Tripura,Male,All,60+,None,6.90,5.66,8.42,2622,38000
IN-TR,Tripura,Male,All,60+,Primary,5.18,4.25,6.32,1968,38000
IN-TR,Tripura,Male,All,60+,Middle,3.94,3.23,4.81,1497,38000
IN-TR,Tripura,Male,All,60+,Secondary,2.96,2.43,3.61,1124,38000
IN-TR,Tripura,Male,All,60+,Higher,2.22,1.82,2.71,843,38000
IN-TR,Tripura,Male,All,60-64,All,2.22,1.82,2.71,759,34200
IN-TR,Tripura,Male,All,60-64,None,3.11,2.55,3.79,212,6839
IN-TR,Tripura,Male,All,60-64,Primary,2.33,1.91,2.84,159,6839
IN-TR,Tripura,Male,All,60-64,Middle,1.77,1.45,2.16,121,6839
IN-TR,Tripura,Male,All,60-64,Secondary,1.33,1.09,1.62,90,6839
IN-TR,Tripura,Male,All,60-64,Higher,1.00,0.82,1.22,68,6839
IN-TR,Tripura,Male,All,65-69,All,3.70,3.03,4.51,1265,34200
IN-TR,Tripura,Male,All,65-69,None,5.18,4.25,6.32,354,6839
IN-TR,Tripura,Male,All,65-69,Primary,3.88,3.18,4.73,265,6839
IN-TR,Tripura,Male,All,65-69,Middle,2.96,2.43,3.61,202,6839
IN-TR,Tripura,Male,All,65-69,Secondary,2.22,1.82,2.71,151,6839
IN-TR,Tripura,Male,All,65-69,Higher,1.66,1.36,2.03,113,6839
IN-TR,Tripura,Male,All,70-74,All,5.67,4.65,6.92,1939,34200
IN-TR,Tripura,Male,All,70-74,None,7.94,6.51,9.69,543,6839
IN-TR,Tripura,Male,All,70-74,Primary,5.95,4.88,7.26,406,6839
IN-TR,Tripura,Male,All,70-74,Middle,4.54,3.72,5.54,310,6839
IN-TR,Tripura,Male,All,70-74,Secondary,3.40,2.79,4.15,232,6839
IN-TR,Tripura,Male,All,70-74,Higher,2.55,2.09,3.11,174,6839
IN-TR,Tripura,Male,All,75-79,All,8.38,6.87,10.22,2865,34200
IN-TR,Tripura,Male,All,75-79,None,11.73,9.62,14.31,802,6839
IN-TR,Tripura,Male,All,75-79,Primary,8.80,7.22,10.74,601,6839
IN-TR,Tripura,Male,All,75-79,Middle,6.70,5.49,8.17,458,6839
IN-TR,Tripura,Male,All,75-79,Secondary,5.03,4.12,6.14,344,6839
IN-TR,Tripura,Male,All,75-79,Higher,3.77,3.09,4.60,257,6839
IN-TR,Tripura,Male,All,80-84,All,11.83,9.70,14.43,4045,34200
IN-TR,Tripura,Male,All,80-84,None,16.56,13.58,20.20,1132,6839
IN-TR,Tripura,Male,All,80-84,Primary,12.42,10.18,15.15,849,6839
IN-TR,Tripura,Male,All,80-84,Middle,9.47,7.77,11.55,647,6839
IN-TR,Tripura,Male,All,80-84,Secondary,7.10,5.82,8.66,485,6839
IN-TR,Tripura,Male,All,80-84,Higher,5.32,4.36,6.49,363,6839
IN-TR,Tripura,Male,All,85+,All,16.27,13.34,19.85,5564,34200
IN-TR,Tripura,Male,All,85+,None,22.78,18.68,27.79,1557,6839
IN-TR,Tripura,Male,All,85+,Primary,17.08,14.01,20.84,1168,6839
IN-TR,Tripura,Male,All,85+,Middle,13.02,10.68,15.88,890,6839
IN-TR,Tripura,Male,All,85+,Secondary,9.76,8.00,11.91,667,6839
IN-TR,Tripura,Male,All,85+,Higher,7.32,6.00,8.93,500,6839
IN-TR,Tripura,Male,Urban,60+,All,4.04,3.31,4.93,2456,60800
IN-TR,Tripura,Male,Urban,60+,None,5.66,4.64,6.91,688,12160
IN-TR,Tripura,Male,Urban,60+,Primary,4.24,3.48,5.17,515,12160
IN-TR,Tripura,Male,Urban,60+,Middle,3.23,2.65,3.94,392,12160
IN-TR,Tripura,Male,Urban,60+,Secondary,2.43,1.99,2.96,295,12160
IN-TR,Tripura,Male,Urban,60+,Higher,1.82,1.49,2.22,221,12160
IN-TR,Tripura,Male,Urban,60-64,All,1.82,1.49,2.22,199,10944
IN-TR,Tripura,Male,Urban,60-64,None,2.55,2.09,3.11,55,2188
IN-TR,Tripura,Male,Urban,60-64,Primary,1.91,1.57,2.33,41,2188
IN-TR,Tripura,Male,Urban,60-64,Middle,1.46,1.20,1.78,31,2188
IN-TR,Tripura,Male,Urban,60-64,Secondary,1.09,0.89,1.33,23,2188
IN-TR,Tripura,Male,Urban,60-64,Higher,1.00,0.82,1.22,21,2188
IN-TR,Tripura,Male,Urban,65-69,All,3.03,2.48,3.70,331,10944
IN-TR,Tripura,Male,Urban,65-69,None,4.24,3.48,5.17,92,2188
IN-TR,Tripura,Male,Urban,65-69,Primary,3.18,2.61,3.88,69,2188
IN-TR,Tripura,Male,Urban,65-69,Middle,2.43,1.99,2.96,53,2188
IN-TR,Tripura,Male,Urban,65-69,Secondary,1.82,1.49,2.22,39,2188
IN-TR,Tripura,Male,Urban,65-69,Higher,1.36,1.12,1.66,29,2188
IN-TR,Tripura,Male,Urban,70-74,All,4.65,3.81,5.67,508,10944
IN-TR,Tripura,Male,Urban,70-74,None,6.51,5.34,7.94,142,2188
IN-TR,Tripura,Male,Urban,70-74,Primary,4.88,4.00,5.95,106,2188
IN-TR,Tripura,Male,Urban,70-74,Middle,3.72,3.05,4.54,81,2188
IN-TR,Tripura,Male,Urban,70-74,Secondary,2.79,2.29,3.40,61,2188
IN-TR,Tripura,Male,Urban,70-74,Higher,2.09,1.71,2.55,45,2188
IN-TR,Tripura,Male,Urban,75-79,All,6.87,5.63,8.38,751,10944
IN-TR,Tripura,Male,Urban,75-79,None,9.62,7.89,11.74,210,2188
IN-TR,Tripura,Male,Urban,75-79,Primary,7.22,5.92,8.81,157,2188
IN-TR,Tripura,Male,Urban,75-79,Middle,5.50,4.51,6.71,120,2188
IN-TR,Tripura,Male,Urban,75-79,Secondary,4.12,3.38,5.03,90,2188
IN-TR,Tripura,Male,Urban,75-79,Higher,3.09,2.53,3.77,67,2188
IN-TR,Tripura,Male,Urban,80-84,All,9.70,7.95,11.83,1061,10944
IN-TR,Tripura,Male,Urban,80-84,None,13.58,11.14,16.57,297,2188
IN-TR,Tripura,Male,Urban,80-84,Primary,10.19,8.36,12.43,222,2188
IN-TR,Tripura,Male,Urban,80-84,Middle,7.76,6.36,9.47,169,2188
IN-TR,Tripura,Male,Urban,80-84,Secondary,5.82,4.77,7.10,127,2188
IN-TR,Tripura,Male,Urban,80-84,Higher,4.37,3.58,5.33,95,2188
IN-TR,Tripura,Male,Urban,85+,All,13.34,10.94,16.27,1459,10944
IN-TR,Tripura,Male,Urban,85+,None,18.68,15.32,22.79,408,2188
IN-TR,Tripura,Male,Urban,85+,Primary,14.01,11.49,17.09,306,2188
IN-TR,Tripura,Male,Urban,85+,Middle,10.67,8.75,13.02,233,2188
IN-TR,Tripura,Male,Urban,85+,Secondary,8.00,6.56,9.76,175,2188
IN-TR,Tripura,Male,Urban,85+,Higher,6.00,4.92,7.32,131,2188
IN-TR,Tripura,Male,Rural,60+,All,6.01,4.93,7.33,7764,129200
IN-TR,Tripura,Male,Rural,60+,None,8.42,6.90,10.27,2175,25840
IN-TR,Tripura,Male,Rural,60+,Primary,6.32,5.18,7.71,1633,25840
IN-TR,Tripura,Male,Rural,60+,Middle,4.81,3.94,5.87,1242,25840
IN-TR,Tripura,Male,Rural,60+,Secondary,3.61,2.96,4.40,932,25840
IN-TR,Tripura,Male,Rural,60+,Higher,2.71,2.22,3.31,700,25840
IN-TR,Tripura,Male,Rural,60-64,All,2.71,2.22,3.31,630,23256
IN-TR,Tripura,Male,Rural,60-64,None,3.79,3.11,4.62,176,4651
IN-TR,Tripura,Male,Rural,60-64,Primary,2.84,2.33,3.46,132,4651
IN-TR,Tripura,Male,Rural,60-64,Middle,2.17,1.78,2.65,100,4651
IN-TR,Tripura,Male,Rural,60-64,Secondary,1.62,1.33,1.98,75,4651
IN-TR,Tripura,Male,Rural,60-64,Higher,1.22,1.00,1.49,56,4651
IN-TR,Tripura,Male,Rural,65-69,All,4.51,3.70,5.50,1048,23256
IN-TR,Tripura,Male,Rural,65-69,None,6.32,5.18,7.71,293,4651
IN-TR,Tripura,Male,Rural,65-69,Primary,4.74,3.89,5.78,220,4651
IN-TR,Tripura,Male,Rural,65-69,Middle,3.61,2.96,4.40,167,4651
IN-TR,Tripura,Male,Rural,65-69,Secondary,2.71,2.22,3.31,126,4651
IN-TR,Tripura,Male,Rural,65-69,Higher,2.03,1.66,2.48,94,4651
IN-TR,Tripura,Male,Rural,70-74,All,6.92,5.67,8.44,1609,23256
IN-TR,Tripura,Male,Rural,70-74,None,9.68,7.94,11.81,450,4651
IN-TR,Tripura,Male,Rural,70-74,Primary,7.26,5.95,8.86,337,4651
IN-TR,Tripura,Male,Rural,70-74,Middle,5.53,4.53,6.75,257,4651
IN-TR,Tripura,Male,Rural,70-74,Secondary,4.15,3.40,5.06,193,4651
IN-TR,Tripura,Male,Rural,70-74,Higher,3.11,2.55,3.79,144,4651
IN-TR,Tripura,Male,Rural,75-79,All,10.22,8.38,12.47,2376,23256
IN-TR,Tripura,Male,Rural,75-79,None,14.31,11.73,17.46,665,4651
IN-TR,Tripura,Male,Rural,75-79,Primary,10.74,8.81,13.10,499,4651
IN-TR,Tripura,Male,Rural,75-79,Middle,8.18,6.71,9.98,380,4651
IN-TR,Tripura,Male,Rural,75-79,Secondary,6.13,5.03,7.48,285,4651
IN-TR,Tripura,Male,Rural,75-79,Higher,4.60,3.77,5.61,213,4651
IN-TR,Tripura,Male,Rural,80-84,All,14.44,11.84,17.62,3358,23256
IN-TR,Tripura,Male,Rural,80-84,None,20.21,16.57,24.66,939,4651
IN-TR,Tripura,Male,Rural,80-84,Primary,15.16,12.43,18.50,705,4651
IN-TR,Tripura,Male,Rural,80-84,Middle,11.55,9.47,14.09,537,4651
IN-TR,Tripura,Male,Rural,80-84,Secondary,8.66,7.10,10.57,402,4651
IN-TR,Tripura,Male,Rural,80-84,Higher,6.50,5.33,7.93,302,4651
IN-TR,Tripura,Male,Rural,85+,All,19.85,16.28,24.22,4616,23256
IN-TR,Tripura,Male,Rural,85+,None,27.79,22.79,33.90,1292,4651
IN-TR,Tripura,Male,Rural,85+,Primary,20.84,17.09,25.42,969,4651
IN-TR,Tripura,Male,Rural,85+,Middle,15.88,13.02,19.37,738,4651
IN-TR,Tripura,Male,Rural,85+,Secondary,11.91,9.77,14.53,553,4651
IN-TR,Tripura,Male,Rural,85+,Higher,8.93,7.32,10.89,415,4651
IN-TR,Tripura,Female,All,60+,All,6.67,5.47,8.14,12673,190000
IN-TR,Tripura,Female,All,60+,None,9.34,7.66,11.39,3549,38000
IN-TR,Tripura,Female,All,60+,Primary,7.00,5.74,8.54,2660,38000
IN-TR,Tripura,Female,All,60+,Middle,5.34,4.38,6.51,2029,38000
IN-TR,Tripura,Female,All,60+,Secondary,4.00,3.28,4.88,1520,38000
IN-TR,Tripura,Female,All,60+,Higher,3.00,2.46,3.66,1140,38000
IN-TR,Tripura,Female,All,60-64,All,3.00,2.46,3.66,1026,34200
IN-TR,Tripura,Female,All,60-64,None,4.20,3.44,5.12,287,6839
IN-TR,Tripura,Female,All,60-64,Primary,3.15,2.58,3.84,215,6839
IN-TR,Tripura,Female,All,60-64,Middle,2.40,1.97,2.93,164,6839
IN-TR,Tripura,Female,All,60-64,Secondary,1.80,1.48,2.20,123,6839
IN-TR,Tripura,Female,All,60-64,Higher,1.35,1.11,1.65,92,6839
IN-TR,Tripura,Female,All,65-69,All,5.00,4.10,6.10,1710,34200
IN-TR,Tripura,Female,All,65-69,None,7.00,5.74,8.54,478,6839
IN-TR,Tripura,Female,All,65-69,Primary,5.25,4.31,6.41,359,6839
IN-TR,Tripura,Female,All,65-69,Middle,4.00,3.28,4.88,273,6839
IN-TR,Tripura,Female,All,65-69,Secondary,3.00,2.46,3.66,205,6839
IN-TR,Tripura,Female,All,65-69,Higher,2.25,1.85,2.75,153,6839
IN-TR,Tripura,Female,All,70-74,All,7.67,6.29,9.36,2623,34200
IN-TR,Tripura,Female,All,70-74,None,10.74,8.81,13.10,734,6839
IN-TR,Tripura,Female,All,70-74,Primary,8.05,6.60,9.82,550,6839
IN-TR,Tripura,Female,All,70-74,Middle,6.14,5.03,7.49,419,6839
IN-TR,Tripura,Female,All,70-74,Secondary,4.60,3.77,5.61,314,6839
IN-TR,Tripura,Female,All,70-74,Higher,3.45,2.83,4.21,235,6839
IN-TR,Tripura,Female,All,75-79,All,11.34,9.30,13.83,3878,34200
IN-TR,Tripura,Female,All,75-79,None,15.87,13.01,19.36,1085,6839
IN-TR,Tripura,Female,All,75-79,Primary,11.91,9.77,14.53,814,6839
IN-TR,Tripura,Female,All,75-79,Middle,9.07,7.44,11.07,620,6839
IN-TR,Tripura,Female,All,75-79,Secondary,6.80,5.58,8.30,465,6839
IN-TR,Tripura,Female,All,75-79,Higher,5.10,4.18,6.22,348,6839
IN-TR,Tripura,Female,All,80-84,All,16.01,13.13,19.53,5475,34200
IN-TR,Tripura,Female,All,80-84,None,22.41,18.38,27.34,1532,6839
IN-TR,Tripura,Female,All,80-84,Primary,16.81,13.78,20.51,1149,6839
IN-TR,Tripura,Female,All,80-84,Middle,12.81,10.50,15.63,876,6839
IN-TR,Tripura,Female,All,80-84,Secondary,9.60,7.87,11.71,656,6839
IN-TR,Tripura,Female,All,80-84,Higher,7.20,5.90,8.78,492,6839
IN-TR,Tripura,Female,All,85+,All,22.01,18.05,26.85,7527,34200
IN-TR,Tripura,Female,All,85+,None,30.82,25.27,37.60,2107,6839
IN-TR,Tripura,Female,All,85+,Primary,23.11,18.95,28.19,1580,6839
IN-TR,Tripura,Female,All,85+,Middle,17.61,14.44,21.48,1204,6839
IN-TR,Tripura,Female,All,85+,Secondary,13.21,10.83,16.12,903,6839
IN-TR,Tripura,Female,All,85+,Higher,9.90,8.12,12.08,677,6839
IN-TR,Tripura,Female,Urban,60+,All,5.47,4.49,6.67,3325,60800
IN-TR,Tripura,Female,Urban,60+,None,7.66,6.28,9.35,931,12160
IN-TR,Tripura,Female,Urban,60+,Primary,5.74,4.71,7.00,697,12160
IN-TR,Tripura,Female,Urban,60+,Middle,4.38,3.59,5.34,532,12160
IN-TR,Tripura,Female,Urban,60+,Secondary,3.28,2.69,4.00,398,12160
IN-TR,Tripura,Female,Urban,60+,Higher,2.46,2.02,3.00,299,12160
IN-TR,Tripura,Female,Urban,60-64,All,2.46,2.02,3.00,269,10944
IN-TR,Tripura,Female,Urban,60-64,None,3.45,2.83,4.21,75,2188
IN-TR,Tripura,Female,Urban,60-64,Primary,2.58,2.12,3.15,56,2188
IN-TR,Tripura,Female,Urban,60-64,Middle,1.97,1.62,2.40,43,2188
IN-TR,Tripura,Female,Urban,60-64,Secondary,1.48,1.21,1.81,32,2188
IN-TR,Tripura,Female,Urban,60-64,Higher,1.11,0.91,1.35,24,2188
IN-TR,Tripura,Female,Urban,65-69,All,4.10,3.36,5.00,448,10944
IN-TR,Tripura,Female,Urban,65-69,None,5.74,4.71,7.00,125,2188
IN-TR,Tripura,Female,Urban,65-69,Primary,4.31,3.53,5.26,94,2188
IN-TR,Tripura,Female,Urban,65-69,Middle,3.28,2.69,4.00,71,2188
IN-TR,Tripura,Female,Urban,65-69,Secondary,2.46,2.02,3.00,53,2188
IN-TR,Tripura,Female,Urban,65-69,Higher,1.85,1.52,2.26,40,2188
IN-TR,Tripura,Female,Urban,70-74,All,6.29,5.16,7.67,688,10944
IN-TR,Tripura,Female,Urban,70-74,None,8.81,7.22,10.75,192,2188
IN-TR,Tripura,Female,Urban,70-74,Primary,6.60,5.41,8.05,144,2188
IN-TR,Tripura,Female,Urban,70-74,Middle,5.03,4.12,6.14,110,2188
IN-TR,Tripura,Female,Urban,70-74,Secondary,3.77,3.09,4.60,82,2188
IN-TR,Tripura,Female,Urban,70-74,Higher,2.83,2.32,3.45,61,2188
IN-TR,Tripura,Female,Urban,75-79,All,9.30,7.63,11.35,1017,10944
IN-TR,Tripura,Female,Urban,75-79,None,13.02,10.68,15.88,284,2188
IN-TR,Tripura,Female,Urban,75-79,Primary,9.76,8.00,11.91,213,2188
IN-TR,Tripura,Female,Urban,75-79,Middle,7.44,6.10,9.08,162,2188
IN-TR,Tripura,Female,Urban,75-79,Secondary,5.58,4.58,6.81,122,2188
IN-TR,Tripura,Female,Urban,75-79,Higher,4.18,3.43,5.10,91,2188
IN-TR,Tripura,Female,Urban,80-84,All,13.13,10.77,16.02,1436,10944
IN-TR,Tripura,Female,Urban,80-84,None,18.38,15.07,22.42,402,2188
IN-TR,Tripura,Female,Urban,80-84,Primary,13.78,11.30,16.81,301,2188
IN-TR,Tripura,Female,Urban,80-84,Middle,10.50,8.61,12.81,229,2188
IN-TR,Tripura,Female,Urban,80-84,Secondary,7.88,6.46,9.61,172,2188
IN-TR,Tripura,Female,Urban,80-84,Higher,5.91,4.85,7.21,129,2188
IN-TR,Tripura,Female,Urban,85+,All,18.05,14.80,22.02,1975,10944
IN-TR,Tripura,Female,Urban,85+,None,25.27,20.72,30.83,552,2188
IN-TR,Tripura,Female,Urban,85+,Primary,18.95,15.54,23.12,414,2188
IN-TR,Tripura,Female,Urban,85+,Middle,14.44,11.84,17.62,315,2188
IN-TR,Tripura,Female,Urban,85+,Secondary,10.83,8.88,13.21,236,2188
IN-TR,Tripura,Female,Urban,85+,Higher,8.12,6.66,9.91,177,2188
IN-TR,Tripura,Female,Rural,60+,All,8.14,6.67,9.93,10516,129200
IN-TR,Tripura,Female,Rural,60+,None,11.39,9.34,13.90,2943,25840
IN-TR,Tripura,Female,Rural,60+,Primary,8.54,7.00,10.42,2206,25840
IN-TR,Tripura,Female,Rural,60+,Middle,6.51,5.34,7.94,1682,25840
IN-TR,Tripura,Female,Rural,60+,Secondary,4.88,4.00,5.95,1260,25840
IN-TR,Tripura,Female,Rural,60+,Higher,3.66,3.00,4.47,945,25840
IN-TR,Tripura,Female,Rural,60-64,All,3.66,3.00,4.47,851,23256
IN-TR,Tripura,Female,Rural,60-64,None,5.13,4.21,6.26,238,4651
IN-TR,Tripura,Female,Rural,60-64,Primary,3.84,3.15,4.68,178,4651
IN-TR,Tripura,Female,Rural,60-64,Middle,2.93,2.40,3.57,136,4651
IN-TR,Tripura,Female,Rural,60-64,Secondary,2.20,1.80,2.68,102,4651
IN-TR,Tripura,Female,Rural,60-64,Higher,1.65,1.35,2.01,76,4651
IN-TR,Tripura,Female,Rural,65-69,All,6.10,5.00,7.44,1418,23256
IN-TR,Tripura,Female,Rural,65-69,None,8.54,7.00,10.42,397,4651
IN-TR,Tripura,Female,Rural,65-69,Primary,6.41,5.26,7.82,298,4651
IN-TR,Tripura,Female,Rural,65-69,Middle,4.88,4.00,5.95,226,4651
IN-TR,Tripura,Female,Rural,65-69,Secondary,3.66,3.00,4.47,170,4651
IN-TR,Tripura,Female,Rural,65-69,Higher,2.75,2.26,3.36,127,4651
IN-TR,Tripura,Female,Rural,70-74,All,9.36,7.68,11.42,2176,23256
IN-TR,Tripura,Female,Rural,70-74,None,13.10,10.74,15.98,609,4651
IN-TR,Tripura,Female,Rural,70-74,Primary,9.83,8.06,11.99,457,4651
IN-TR,Tripura,Female,Rural,70-74,Middle,7.49,6.14,9.14,348,4651
IN-TR,Tripura,Female,Rural,70-74,Secondary,5.61,4.60,6.84,260,4651
IN-TR,Tripura,Female,Rural,70-74,Higher,4.21,3.45,5.14,195,4651
IN-TR,Tripura,Female,Rural,75-79,All,13.83,11.34,16.87,3216,23256
IN-TR,Tripura,Female,Rural,75-79,None,19.37,15.88,23.63,900,4651
IN-TR,Tripura,Female,Rural,75-79,Primary,14.53,11.91,17.73,675,4651
IN-TR,Tripura,Female,Rural,75-79,Middle,11.07,9.08,13.51,514,4651
IN-TR,Tripura,Female,Rural,75-79,Secondary,8.30,6.81,10.13,386,4651
IN-TR,Tripura,Female,Rural,75-79,Higher,6.23,5.11,7.60,289,4651
IN-TR,Tripura,Female,Rural,80-84,All,19.53,16.01,23.83,4541,23256
IN-TR,Tripura,Female,Rural,80-84,None,27.34,22.42,33.35,1271,4651
IN-TR,Tripura,Female,Rural,80-84,Primary,20.51,16.82,25.02,953,4651
IN-TR,Tripura,Female,Rural,80-84,Middle,15.62,12.81,19.06,726,4651
IN-TR,Tripura,Female,Rural,80-84,Secondary,11.72,9.61,14.30,545,4651
IN-TR,Tripura,Female,Rural,80-84,Higher,8.79,7.21,10.72,408,4651
IN-TR,Tripura,Female,Rural,85+,All,26.85,22.02,32.76,6244,23256
IN-TR,Tripura,Female,Rural,85+,None,35.00,28.70,42.70,1627,4651
IN-TR,Tripura,Female,Rural,85+,Primary,28.20,23.12,34.40,1311,4651
IN-TR,Tripura,Female,Rural,85+,Middle,21.48,17.61,26.21,999,4651
IN-TR,Tripura,Female,Rural,85+,Secondary,16.11,13.21,19.65,749,4651
IN-TR,Tripura,Female,Rural,85+,Higher,12.08,9.91,14.74,561,4651
IN-ML,Meghalaya,Both,All,60+,All,4.90,4.02,5.98,10290,210000
IN-ML,Meghalaya,Both,All,60+,None,6.86,5.63,8.37,2881,42000
IN-ML,Meghalaya,Both,All,60+,Primary,5.15,4.22,6.28,2163,42000
IN-ML,Meghalaya,Both,All,60+,Middle,3.92,3.21,4.78,1646,42000
IN-ML,Meghalaya,Both,All,60+,Secondary,2.94,2.41,3.59,1234,42000
IN-ML,Meghalaya,Both,All,60+,Higher,2.21,1.81,2.70,928,42000
IN-ML,Meghalaya,Both,All,60-64,All,2.21,1.81,2.70,835,37800
IN-ML,Meghalaya,Both,All,60-64,None,3.09,2.53,3.77,233,7559
IN-ML,Meghalaya,Both,All,60-64,Primary,2.32,1.90,2.83,175,7559
IN-ML,Meghalaya,Both,All,60-64,Middle,1.76,1.44,2.15,133,7559
IN-ML,Meghalaya,Both,All,60-64,Secondary,1.32,1.08,1.61,99,7559
IN-ML,Meghalaya,Both,All,60-64,Higher,1.00,0.82,1.22,75,7559
IN-ML,Meghalaya,Both,All,65-69,All,3.68,3.02,4.49,1391,37800
IN-ML,Meghalaya,Both,All,65-69,None,5.15,4.22,6.28,389,7559
IN-ML,Meghalaya,Both,All,65-69,Primary,3.86,3.17,4.71,291,7559
IN-ML,Meghalaya,Both,All,65-69,Middle,2.94,2.41,3.59,222,7559
IN-ML,Meghalaya,Both,All,65-69,Secondary,2.21,1.81,2.70,167,7559
IN-ML,Meghalaya,Both,All,65-69,Higher,1.65,1.35,2.01,124,7559
IN-ML,Meghalaya,Both,All,70-74,All,5.64,4.62,6.88,2131,37800
IN-ML,Meghalaya,Both,All,70-74,None,7.89,6.47,9.63,596,7559
IN-ML,Meghalaya,Both,All,70-74,Primary,5.92,4.85,7.22,447,7559
IN-ML,Meghalaya,Both,All,70-74,Middle,4.51,3.70,5.50,340,7559
IN-ML,Meghalaya,Both,All,70-74,Secondary,3.38,2.77,4.12,255,7559
IN-ML,Meghalaya,Both,All,70-74,Higher,2.54,2.08,3.10,191,7559
IN-ML,Meghalaya,Both,All,75-79,All,8.33,6.83,10.16,3148,37800
IN-ML,Meghalaya,Both,All,75-79,None,11.66,9.56,14.23,881,7559
IN-ML,Meghalaya,Both,All,75-79,Primary,8.75,7.18,10.68,661,7559
IN-ML,Meghalaya,Both,All,75-79,Middle,6.66,5.46,8.13,503,7559
IN-ML,Meghalaya,Both,All,75-79,Secondary,5.00,4.10,6.10,377,7559
IN-ML,Meghalaya,Both,All,75-79,Higher,3.75,3.08,4.58,283,7559
IN-ML,Meghalaya,Both,All,80-84,All,11.76,9.64,14.35,4445,37800
IN-ML,Meghalaya,Both,All,80-84,None,16.46,13.50,20.08,1244,7559
IN-ML,Meghalaya,Both,All,80-84,Primary,12.35,10.13,15.07,933,7559
IN-ML,Meghalaya,Both,All,80-84,Middle,9.41,7.72,11.48,711,7559
IN-ML,Meghalaya,Both,All,80-84,Secondary,7.06,5.79,8.61,533,7559
IN-ML,Meghalaya,Both,All,80-84,Higher,5.29,4.34,6.45,399,7559
IN-ML,Meghalaya,Both,All,85+,All,16.17,13.26,19.73,6112,37800
IN-ML,Meghalaya,Both,All,85+,None,22.64,18.56,27.62,1711,7559
IN-ML,Meghalaya,Both,All,85+,Primary,16.98,13.92,20.72,1283,7559
IN-ML,Meghalaya,Both,All,85+,Middle,12.94,10.61,15.79,978,7559
IN-ML,Meghalaya,Both,All,85+,Secondary,9.70,7.95,11.83,733,7559
IN-ML,Meghalaya,Both,All,85+,Higher,7.28,5.97,8.88,550,7559
IN-ML,Meghalaya,Both,Urban,60+,All,4.02,3.30,4.90,2701,67200
IN-ML,Meghalaya,Both,Urban,60+,None,5.63,4.62,6.87,756,13440
IN-ML,Meghalaya,Both,Urban,60+,Primary,4.22,3.46,5.15,567,13440
IN-ML,Meghalaya,Both,Urban,60+,Middle,3.21,2.63,3.92,431,13440
IN-ML,Meghalaya,Both,Urban,60+,Secondary,2.41,1.98,2.94,323,13440
IN-ML,Meghalaya,Both,Urban,60+,Higher,1.81,1.48,2.21,243,13440
IN-ML,Meghalaya,Both,Urban,60-64,All,1.81,1.48,2.21,218,12096
IN-ML,Meghalaya,Both,Urban,60-64,None,2.53,2.07,3.09,61,2419
IN-ML,Meghalaya,Both,Urban,60-64,Primary,1.90,1.56,2.32,45,2419
IN-ML,Meghalaya,Both,Urban,60-64,Middle,1.45,1.19,1.77,35,2419
IN-ML,Meghalaya,Both,Urban,60-64,Secondary,1.08,0.89,1.32,26,2419
IN-ML,Meghalaya,Both,Urban,60-64,Higher,1.00,0.82,1.22,24,2419
IN-ML,Meghalaya,Both,Urban,65-69,All,3.01,2.47,3.67,364,12096
IN-ML,Meghalaya,Both,Urban,65-69,None,4.22,3.46,5.15,102,2419
IN-ML,Meghalaya,Both,Urban,65-69,Primary,3.16,2.59,3.86,76,2419
IN-ML,Meghalaya,Both,Urban,65-69,Middle,2.41,1.98,2.94,58,2419
IN-ML,Meghalaya,Both,Urban,65-69,Secondary,1.81,1.48,2.21,43,2419
IN-ML,Meghalaya,Both,Urban,65-69,Higher,1.36,1.12,1.66,32,2419
IN-ML,Meghalaya,Both,Urban,70-74,All,4.62,3.79,5.64,558,12096
IN-ML,Meghalaya,Both,Urban,70-74,None,6.47,5.31,7.89,156,2419
IN-ML,Meghalaya,Both,Urban,70-74,Primary,4.85,3.98,5.92,117,2419
IN-ML,Meghalaya,Both,Urban,70-74,Middle,3.70,3.03,4.51,89,2419
IN-ML,Meghalaya,Both,Urban,70-74,Secondary,2.77,2.27,3.38,67,2419
IN-ML,Meghalaya,Both,Urban,70-74,Higher,2.08,1.71,2.54,50,2419
IN-ML,Meghalaya,Both,Urban,75-79,All,6.83,5.60,8.33,826,12096
IN-ML,Meghalaya,Both,Urban,75-79,None,9.56,7.84,11.66,231,2419
IN-ML,Meghalaya,Both,Urban,75-79,Primary,7.17,5.88,8.75,173,2419
IN-ML,Meghalaya,Both,Urban,75-79,Middle,5.46,4.48,6.66,132,2419
IN-ML,Meghalaya,Both,Urban,75-79,Secondary,4.10,3.36,5.00,99,2419
IN-ML,Meghalaya,Both,Urban,75-79,Higher,3.07,2.52,3.75,74,2419
IN-ML,Meghalaya,Both,Urban,80-84,All,9.64,7.90,11.76,1166,12096
IN-ML,Meghalaya,Both,Urban,80-84,None,13.50,11.07,16.47,326,2419
IN-ML,Meghalaya,Both,Urban,80-84,Primary,10.13,8.31,12.36,245,2419
IN-ML,Meghalaya,Both,Urban,80-84,Middle,7.71,6.32,9.41,186,2419
IN-ML,Meghalaya,Both,Urban,80-84,Secondary,5.79,4.75,7.06,140,2419
IN-ML,Meghalaya,Both,Urban,80-84,Higher,4.34,3.56,5.29,104,2419
IN-ML,Meghalaya,Both,Urban,85+,All,13.26,10.87,16.18,1603,12096
IN-ML,Meghalaya,Both,Urban,85+,None,18.56,15.22,22.64,448,2419
IN-ML,Meghalaya,Both,Urban,85+,Primary,13.92,11.41,16.98,336,2419
IN-ML,Meghalaya,Both,Urban,85+,Middle,10.61,8.70,12.94,256,2419
IN-ML,Meghalaya,Both,Urban,85+,Secondary,7.96,6.53,9.71,192,2419
IN-ML,Meghalaya,Both,Urban,85+,Higher,5.97,4.90,7.28,144,2419
IN-ML,Meghalaya,Both,Rural,60+,All,5.98,4.90,7.30,8539,142800
IN-ML,Meghalaya,Both,Rural,60+,None,8.37,6.86,10.21,2390,28560
IN-ML,Meghalaya,Both,Rural,60+,Primary,6.28,5.15,7.66,1793,28560
IN-ML,Meghalaya,Both,Rural,60+,Middle,4.78,3.92,5.83,1365,28560
IN-ML,Meghalaya,Both,Rural,60+,Secondary,3.59,2.94,4.38,1025,28560
IN-ML,Meghalaya,Both,Rural,60+,Higher,2.69,2.21,3.28,768,28560
IN-ML,Meghalaya,Both,Rural,60-64,All,2.69,2.21,3.28,691,25704
IN-ML,Meghalaya,Both,Rural,60-64,None,3.77,3.09,4.60,193,5140
IN-ML,Meghalaya,Both,Rural,60-64,Primary,2.82,2.31,3.44,144,5140
IN-ML,Meghalaya,Both,Rural,60-64,Middle,2.15,1.76,2.62,110,5140
IN-ML,Meghalaya,Both,Rural,60-64,Secondary,1.61,1.32,1.96,82,5140
IN-ML,Meghalaya,Both,Rural,60-64,Higher,1.21,0.99,1.48,62,5140
IN-ML,Meghalaya,Both,Rural,65-69,All,4.48,3.67,5.47,1151,25704
IN-ML,Meghalaya,Both,Rural,65-69,None,6.28,5.15,7.66,322,5140
IN-ML,Meghalaya,Both,Rural,65-69,Primary,4.71,3.86,5.75,242,5140
IN-ML,Meghalaya,Both,Rural,65-69,Middle,3.59,2.94,4.38,184,5140
IN-ML,Meghalaya,Both,Rural,65-69,Secondary,2.69,2.21,3.28,138,5140
IN-ML,Meghalaya,Both,Rural,65-69,Higher,2.02,1.66,2.46,103,5140
IN-ML,Meghalaya,Both,Rural,70-74,All,6.87,5.63,8.38,1765,25704
IN-ML,Meghalaya,Both,Rural,70-74,None,9.62,7.89,11.74,494,5140
IN-ML,Meghalaya,Both,Rural,70-74,Primary,7.22,5.92,8.81,371,5140
IN-ML,Meghalaya,Both,Rural,70-74,Middle,5.50,4.51,6.71,282,5140
IN-ML,Meghalaya,Both,Rural,70-74,Secondary,4.12,3.38,5.03,211,5140
IN-ML,Meghalaya,Both,Rural,70-74,Higher,3.09,2.53,3.77,158,5140
IN-ML,Meghalaya,Both,Rural,75-79,All,10.16,8.33,12.40,2611,25704
IN-ML,Meghalaya,Both,Rural,75-79,None,14.23,11.67,17.36,731,5140
IN-ML,Meghalaya,Both,Rural,75-79,Primary,10.67,8.75,13.02,548,5140
IN-ML,Meghalaya,Both,Rural,75-79,Middle,8.13,6.67,9.92,417,5140
IN-ML,Meghalaya,Both,Rural,75-79,Secondary,6.10,5.00,7.44,313,5140
IN-ML,Meghalaya,Both,Rural,75-79,Higher,4.57,3.75,5.58,234,5140
IN-ML,Meghalaya,Both,Rural,80-84,All,14.35,11.77,17.51,3688,25704
IN-ML,Meghalaya,Both,Rural,80-84,None,20.09,16.47,24.51,1032,5140
IN-ML,Meghalaya,Both,Rural,80-84,Primary,15.06,12.35,18.37,774,5140
IN-ML,Meghalaya,Both,Rural,80-84,Middle,11.48,9.41,14.01,590,5140
IN-ML,Meghalaya,Both,Rural,80-84,Secondary,8.61,7.06,10.50,442,5140
IN-ML,Meghalaya,Both,Rural,80-84,Higher,6.46,5.30,7.88,332,5140
IN-ML,Meghalaya,Both,Rural,85+,All,19.73,16.18,24.07,5071,25704
IN-ML,Meghalaya,Both,Rural,85+,None,27.62,22.65,33.70,1419,5140
IN-ML,Meghalaya,Both,Rural,85+,Primary,20.71,16.98,25.27,1064,5140
IN-ML,Meghalaya,Both,Rural,85+,Middle,15.78,12.94,19.25,811,5140
IN-ML,Meghalaya,Both,Rural,85+,Secondary,11.84,9.71,14.44,608,5140
IN-ML,Meghalaya,Both,Rural,85+,Higher,8.88,7.28,10.83,456,5140
IN-ML,Meghalaya,Male,All,60+,All,4.17,3.42,5.09,4378,105000
IN-ML,Meghalaya,Male,All,60+,None,5.83,4.78,7.11,1224,21000
IN-ML,Meghalaya,Male,All,60+,Primary,4.37,3.58,5.33,917,21000
IN-ML,Meghalaya,Male,All,60+,Middle,3.33,2.73,4.06,699,21000
IN-ML,Meghalaya,Male,All,60+,Secondary,2.50,2.05,3.05,525,21000
IN-ML,Meghalaya,Male,All,60+,Higher,1.87,1.53,2.28,392,21000
IN-ML,Meghalaya,Male,All,60-64,All,1.87,1.53,2.28,353,18900
IN-ML,Meghalaya,Male,All,60-64,None,2.62,2.15,3.20,99,3779
IN-ML,Meghalaya,Male,All,60-64,Primary,1.97,1.62,2.40,74,3779
IN-ML,Meghalaya,Male,All,60-64,Middle,1.50,1.23,1.83,56,3779
IN-ML,Meghalaya,Male,All,60-64,Secondary,1.12,0.92,1.37,42,3779
IN-ML,Meghalaya,Male,All,60-64,Higher,1.00,0.82,1.22,37,3779
IN-ML,Meghalaya,Male,All,65-69,All,3.12,2.56,3.81,589,18900
IN-ML,Meghalaya,Male,All,65-69,None,4.37,3.58,5.33,165,3779
IN-ML,Meghalaya,Male,All,65-69,Primary,3.28,2.69,4.00,123,3779
IN-ML,Meghalaya,Male,All,65-69,Middle,2.50,2.05,3.05,94,3779
IN-ML,Meghalaya,Male,All,65-69,Secondary,1.87,1.53,2.28,70,3779
IN-ML,Meghalaya,Male,All,65-69,Higher,1.41,1.16,1.72,53,3779
IN-ML,Meghalaya,Male,All,70-74,All,4.79,3.93,5.84,905,18900
IN-ML,Meghalaya,Male,All,70-74,None,6.71,5.50,8.19,253,3779
IN-ML,Meghalaya,Male,All,70-74,Primary,5.03,4.12,6.14,190,3779
IN-ML,Meghalaya,Male,All,70-74,Middle,3.83,3.14,4.67,144,3779
IN-ML,Meghalaya,Male,All,70-74,Secondary,2.87,2.35,3.50,108,3779
IN-ML,Meghalaya,Male,All,70-74,Higher,2.16,1.77,2.64,81,3779
IN-ML,Meghalaya,Male,All,75-79,All,7.08,5.81,8.64,1338,18900
IN-ML,Meghalaya,Male,All,75-79,None,9.91,8.13,12.09,374,3779
IN-ML,Meghalaya,Male,All,75-79,Primary,7.43,6.09,9.06,280,3779
IN-ML,Meghalaya,Male,All,75-79,Middle,5.66,4.64,6.91,213,3779
IN-ML,Meghalaya,Male,All,75-79,Secondary,4.25,3.49,5.19,160,3779
IN-ML,Meghalaya,Male,All,75-79,Higher,3.19,2.62,3.89,120,3779
IN-ML,Meghalaya,Male,All,80-84,All,10.00,8.20,12.20,1890,18900
IN-ML,Meghalaya,Male,All,80-84,None,13.99,11.47,17.07,528,3779
IN-ML,Meghalaya,Male,All,80-84,Primary,10.50,8.61,12.81,396,3779
IN-ML,Meghalaya,Male,All,80-84,Middle,8.00,6.56,9.76,302,3779
IN-ML,Meghalaya,Male,All,80-84,Secondary,6.00,4.92,7.32,226,3779
IN-ML,Meghalaya,Male,All,80-84,Higher,4.50,3.69,5.49,170,3779
IN-ML,Meghalaya,Male,All,85+,All,13.74,11.27,16.76,2596,18900
IN-ML,Meghalaya,Male,All,85+,None,19.24,15.78,23.47,727,3779
IN-ML,Meghalaya,Male,All,85+,Primary,14.43,11.83,17.60,545,3779
IN-ML,Meghalaya,Male,All,85+,Middle,11.00,9.02,13.42,415,3779
IN-ML,Meghalaya,Male,All,85+,Secondary,8.25,6.77,10.07,311,3779
IN-ML,Meghalaya,Male,All,85+,Higher,6.19,5.08,7.55,233,3779
IN-ML,Meghalaya,Male,Urban,60+,All,3.42,2.80,4.17,1149,33600
IN-ML,Meghalaya,Male,Urban,60+,None,4.78,3.92,5.83,321,6720
IN-ML,Meghalaya,Male,Urban,60+,Primary,3.59,2.94,4.38,241,6720
IN-ML,Meghalaya,Male,Urban,60+,Middle,2.73,2.24,3.33,183,6720
IN-ML,Meghalaya,Male,Urban,60+,Secondary,2.05,1.68,2.50,137,6720
IN-ML,Meghalaya,Male,Urban,60+,Higher,1.54,1.26,1.88,103,6720
IN-ML,Meghalaya,Male,Urban,60-64,All,1.54,1.26,1.88,93,6048
IN-ML,Meghalaya,Male,Urban,60-64,None,2.15,1.76,2.62,25,1209
IN-ML,Meghalaya,Male,Urban,60-64,Primary,1.61,1.32,1.96,19,1209
IN-ML,Meghalaya,Male,Urban,60-64,Middle,1.23,1.01,1.50,14,1209
IN-ML,Meghalaya,Male,Urban,60-64,Secondary,1.00,0.82,1.22,12,1209
IN-ML,Meghalaya,Male,Urban,60-64,Higher,1.00,0.82,1.22,12,1209
IN-ML,Meghalaya,Male,Urban,65-69,All,2.56,2.10,3.12,154,6048
IN-ML,Meghalaya,Male,Urban,65-69,None,3.59,2.94,4.38,43,1209
IN-ML,Meghalaya,Male,Urban,65-69,Primary,2.69,2.21,3.28,32,1209
IN-ML,Meghalaya,Male,Urban,65-69,Middle,2.05,1.68,2.50,24,1209
IN-ML,Meghalaya,Male,Urban,65-69,Secondary,1.54,1.26,1.88,18,1209
IN-ML,Meghalaya,Male,Urban,65-69,Higher,1.15,0.94,1.40,13,1209
IN-ML,Meghalaya,Male,Urban,70-74,All,3.93,3.22,4.79,237,6048
IN-ML,Meghalaya,Male,Urban,70-74,None,5.50,4.51,6.71,66,1209
IN-ML,Meghalaya,Male,Urban,70-74,Primary,4.12,3.38,5.03,49,1209
IN-ML,Meghalaya,Male,Urban,70-74,Middle,3.14,2.57,3.83,37,1209
IN-ML,Meghalaya,Male,Urban,70-74,Secondary,2.36,1.94,2.88,28,1209
IN-ML,Meghalaya,Male,Urban,70-74,Higher,1.77,1.45,2.16,21,1209
IN-ML,Meghalaya,Male,Urban,75-79,All,5.81,4.76,7.09,351,6048
IN-ML,Meghalaya,Male,Urban,75-79,None,8.13,6.67,9.92,98,1209
IN-ML,Meghalaya,Male,Urban,75-79,Primary,6.10,5.00,7.44,73,1209
IN-ML,Meghalaya,Male,Urban,75-79,Middle,4.64,3.80,5.66,56,1209
IN-ML,Meghalaya,Male,Urban,75-79,Secondary,3.48,2.85,4.25,42,1209
IN-ML,Meghalaya,Male,Urban,75-79,Higher,2.61,2.14,3.18,31,1209
IN-ML,Meghalaya,Male,Urban,80-84,All,8.20,6.72,10.00,495,6048
IN-ML,Meghalaya,Male,Urban,80-84,None,11.48,9.41,14.01,138,1209
IN-ML,Meghalaya,Male,Urban,80-84,Primary,8.61,7.06,10.50,104,1209
IN-ML,Meghalaya,Male,Urban,80-84,Middle,6.56,5.38,8.00,79,1209
IN-ML,Meghalaya,Male,Urban,80-84,Secondary,4.92,4.03,6.00,59,1209
IN-ML,Meghalaya,Male,Urban,80-84,Higher,3.69,3.03,4.50,44,1209
IN-ML,Meghalaya,Male,Urban,85+,All,11.27,9.24,13.75,681,6048
IN-ML,Meghalaya,Male,Urban,85+,None,15.78,12.94,19.25,190,1209
IN-ML,Meghalaya,Male,Urban,85+,Primary,11.83,9.70,14.43,143,1209
IN-ML,Meghalaya,Male,Urban,85+,Middle,9.02,7.40,11.00,109,1209
IN-ML,Meghalaya,Male,Urban,85+,Secondary,6.76,5.54,8.25,81,1209
IN-ML,Meghalaya,Male,Urban,85+,Higher,5.07,4.16,6.19,61,1209
IN-ML,Meghalaya,Male,Rural,60+,All,5.08,4.17,6.20,3627,71400
IN-ML,Meghalaya,Male,Rural,60+,None,7.11,5.83,8.67,1015,14280
IN-ML,Meghalaya,Male,Rural,60+,Primary,5.34,4.38,6.51,762,14280
IN-ML,Meghalaya,Male,Rural,60+,Middle,4.07,3.34,4.97,581,14280
IN-ML,Meghalaya,Male,Rural,60+,Secondary,3.05,2.50,3.72,435,14280
IN-ML,Meghalaya,Male,Rural,60+,Higher,2.29,1.88,2.79,327,14280
IN-ML,Meghalaya,Male,Rural,60-64,All,2.29,1.88,2.79,294,12852
IN-ML,Meghalaya,Male,Rural,60-64,None,3.20,2.62,3.90,82,2570
IN-ML,Meghalaya,Male,Rural,60-64,Primary,2.40,1.97,2.93,61,2570
IN-ML,Meghalaya,Male,Rural,60-64,Middle,1.83,1.50,2.23,47,2570
IN-ML,Meghalaya,Male,Rural,60-64,Secondary,1.37,1.12,1.67,35,2570
IN-ML,Meghalaya,Male,Rural,60-64,Higher,1.03,0.84,1.26,26,2570
IN-ML,Meghalaya,Male,Rural,65-69,All,3.81,3.12,4.65,489,12852
IN-ML,Meghalaya,Male,Rural,65-69,None,5.34,4.38,6.51,137,2570
IN-ML,Meghalaya,Male,Rural,65-69,Primary,4.00,3.28,4.88,102,2570
IN-ML,Meghalaya,Male,Rural,65-69,Middle,3.05,2.50,3.72,78,2570
IN-ML,Meghalaya,Male,Rural,65-69,Secondary,2.29,1.88,2.79,58,2570
IN-ML,Meghalaya,Male,Rural,65-69,Higher,1.71,1.40,2.09,43,2570
IN-ML,Meghalaya,Male,Rural,70-74,All,5.84,4.79,7.12,750,12852
IN-ML,Meghalaya,Male,Rural,70-74,None,8.18,6.71,9.98,210,2570
IN-ML,Meghalaya,Male,Rural,70-74,Primary,6.14,5.03,7.49,157,2570
IN-ML,Meghalaya,Male,Rural,70-74,Middle,4.67,3.83,5.70,120,2570
IN-ML,Meghalaya,Male,Rural,70-74,Secondary,3.51,2.88,4.28,90,2570
IN-ML,Meghalaya,Male,Rural,70-74,Higher,2.63,2.16,3.21,67,2570
IN-ML,Meghalaya,Male,Rural,75-79,All,8.64,7.08,10.54,1110,12852
IN-ML,Meghalaya,Male,Rural,75-79,None,12.09,9.91,14.75,310,2570
IN-ML,Meghalaya,Male,Rural,75-79,Primary,9.07,7.44,11.07,233,2570
IN-ML,Meghalaya,Male,Rural,75-79,Middle,6.91,5.67,8.43,177,2570
IN-ML,Meghalaya,Male,Rural,75-79,Secondary,5.18,4.25,6.32,133,2570
IN-ML,Meghalaya,Male,Rural,75-79,Higher,3.89,3.19,4.75,99,2570
IN-ML,Meghalaya,Male,Rural,80-84,All,12.20,10.00,14.88,1567,12852
IN-ML,Meghalaya,Male,Rural,80-84,None,17.07,14.00,20.83,438,2570
IN-ML,Meghalaya,Male,Rural,80-84,Primary,12.80,10.50,15.62,328,2570
IN-ML,Meghalaya,Male,Rural,80-84,Middle,9.76,8.00,11.91,250,2570
IN-ML,Meghalaya,Male,Rural,80-84,Secondary,7.32,6.00,8.93,188,2570
IN-ML,Meghalaya,Male,Rural,80-84,Higher,5.49,4.50,6.70,141,2570
IN-ML,Meghalaya,Male,Rural,85+,All,16.77,13.75,20.46,2155,12852
IN-ML,Meghalaya,Male,Rural,85+,None,23.48,19.25,28.65,603,2570
IN-ML,Meghalaya,Male,Rural,85+,Primary,17.61,14.44,21.48,452,2570
IN-ML,Meghalaya,Male,Rural,85+,Middle,13.41,11.00,16.36,344,2570
IN-ML,Meghalaya,Male,Rural,85+,Secondary,10.06,8.25,12.27,258,2570
IN-ML,Meghalaya,Male,Rural,85+,Higher,7.55,6.19,9.21,194,2570
IN-ML,Meghalaya,Female,All,60+,All,5.64,4.62,6.88,5922,105000
IN-ML,Meghalaya,Female,All,60+,None,7.89,6.47,9.63,1656,21000
IN-ML,Meghalaya,Female,All,60+,Primary,5.92,4.85,7.22,1243,21000
IN-ML,Meghalaya,Female,All,60+,Middle,4.51,3.70,5.50,947,21000
IN-ML,Meghalaya,Female,All,60+,Secondary,3.38,2.77,4.12,709,21000
IN-ML,Meghalaya,Female,All,60+,Higher,2.54,2.08,3.10,533,21000
IN-ML,Meghalaya,Female,All,60-64,All,2.54,2.08,3.10,480,18900
IN-ML,Meghalaya,Female,All,60-64,None,3.55,2.91,4.33,134,3779
IN-ML,Meghalaya,Female,All,60-64,Primary,2.66,2.18,3.25,100,3779
IN-ML,Meghalaya,Female,All,60-64,Middle,2.03,1.66,2.48,76,3779
IN-ML,Meghalaya,Female,All,60-64,Secondary,1.52,1.25,1.85,57,3779
IN-ML,Meghalaya,Female,All,60-64,Higher,1.14,0.93,1.39,43,3779
IN-ML,Meghalaya,Female,All,65-69,All,4.23,3.47,5.16,799,18900
IN-ML,Meghalaya,Female,All,65-69,None,5.92,4.85,7.22,223,3779
IN-ML,Meghalaya,Female,All,65-69,Primary,4.44,3.64,5.42,167,3779
IN-ML,Meghalaya,Female,All,65-69,Middle,3.38,2.77,4.12,127,3779
IN-ML,Meghalaya,Female,All,65-69,Secondary,2.54,2.08,3.10,95,3779
IN-ML,Meghalaya,Female,All,65-69,Higher,1.90,1.56,2.32,71,3779
IN-ML,Meghalaya,Female,All,70-74,All,6.48,5.31,7.91,1224,18900
IN-ML,Meghalaya,Female,All,70-74,None,9.07,7.44,11.07,342,3779
IN-ML,Meghalaya,Female,All,70-74,Primary,6.80,5.58,8.30,256,3779
IN-ML,Meghalaya,Female,All,70-74,Middle,5.18,4.25,6.32,195,3779
IN-ML,Meghalaya,Female,All,70-74,Secondary,3.89,3.19,4.75,147,3779
IN-ML,Meghalaya,Female,All,70-74,Higher,2.92,2.39,3.56,110,3779
IN-ML,Meghalaya,Female,All,75-79,All,9.58,7.86,11.69,1810,18900
IN-ML,Meghalaya,Female,All,75-79,None,13.41,11.00,16.36,506,3779
IN-ML,Meghalaya,Female,All,75-79,Primary,10.06,8.25,12.27,380,3779
IN-ML,Meghalaya,Female,All,75-79,Middle,7.66,6.28,9.35,289,3779
IN-ML,Meghalaya,Female,All,75-79,Secondary,5.75,4.72,7.02,217,3779
IN-ML,Meghalaya,Female,All,75-79,Higher,4.31,3.53,5.26,162,3779
IN-ML,Meghalaya,Female,All,80-84,All,13.52,11.09,16.49,2555,18900
IN-ML,Meghalaya,Female,All,80-84,None,18.93,15.52,23.09,715,3779
IN-ML,Meghalaya,Female,All,80-84,Primary,14.20,11.64,17.32,536,3779
IN-ML,Meghalaya,Female,All,80-84,Middle,10.82,8.87,13.20,408,3779
IN-ML,Meghalaya,Female,All,80-84,Secondary,8.11,6.65,9.89,306,3779
IN-ML,Meghalaya,Female,All,80-84,Higher,6.09,4.99,7.43,230,3779
IN-ML,Meghalaya,Female,All,85+,All,18.60,15.25,22.69,3515,18900
IN-ML,Meghalaya,Female,All,85+,None,26.03,21.34,31.76,983,3779
IN-ML,Meghalaya,Female,All,85+,Primary,19.53,16.01,23.83,738,3779
IN-ML,Meghalaya,Female,All,85+,Middle,14.88,12.20,18.15,562,3779
IN-ML,Meghalaya,Female,All,85+,Secondary,11.16,9.15,13.62,421,3779
IN-ML,Meghalaya,Female,All,85+,Higher,8.37,6.86,10.21,316,3779
IN-ML,Meghalaya,Female,Urban,60+,All,4.62,3.79,5.64,1552,33600
IN-ML,Meghalaya,Female,Urban,60+,None,6.47,5.31,7.89,434,6720
IN-ML,Meghalaya,Female,Urban,60+,Primary,4.85,3.98,5.92,325,6720
IN-ML,Meghalaya,Female,Urban,60+,Middle,3.70,3.03,4.51,248,6720
IN-ML,Meghalaya,Female,Urban,60+,Secondary,2.77,2.27,3.38,186,6720
IN-ML,Meghalaya,Female,Urban,60+,Higher,2.08,1.71,2.54,139,6720
IN-ML,Meghalaya,Female,Urban,60-64,All,2.08,1.71,2.54,125,6048
IN-ML,Meghalaya,Female,Urban,60-64,None,2.91,2.39,3.55,35,1209
IN-ML,Meghalaya,Female,Urban,60-64,Primary,2.18,1.79,2.66,26,1209
IN-ML,Meghalaya,Female,Urban,60-64,Middle,1.66,1.36,2.03,20,1209
IN-ML,Meghalaya,Female,Urban,60-64,Secondary,1.25,1.02,1.53,15,1209
IN-ML,Meghalaya,Female,Urban,60-64,Higher,1.00,0.82,1.22,12,1209
IN-ML,Meghalaya,Female,Urban,65-69,All,3.47,2.85,4.23,209,6048
IN-ML,Meghalaya,Female,Urban,65-69,None,4.85,3.98,5.92,58,1209
IN-ML,Meghalaya,Female,Urban,65-69,Primary,3.64,2.98,4.44,44,1209
IN-ML,Meghalaya,Female,Urban,65-69,Middle,2.77,2.27,3.38,33,1209
IN-ML,Meghalaya,Female,Urban,65-69,Secondary,2.08,1.71,2.54,25,1209
IN-ML,Meghalaya,Female,Urban,65-69,Higher,1.56,1.28,1.90,18,1209
IN-ML,Meghalaya,Female,Urban,70-74,All,5.31,4.35,6.48,321,6048
IN-ML,Meghalaya,Female,Urban,70-74,None,7.44,6.10,9.08,89,1209
IN-ML,Meghalaya,Female,Urban,70-74,Primary,5.58,4.58,6.81,67,1209
IN-ML,Meghalaya,Female,Urban,70-74,Middle,4.25,3.49,5.19,51,1209
IN-ML,Meghalaya,Female,Urban,70-74,Secondary,3.19,2.62,3.89,38,1209
IN-ML,Meghalaya,Female,Urban,70-74,Higher,2.39,1.96,2.92,28,1209
IN-ML,Meghalaya,Female,Urban,75-79,All,7.86,6.45,9.59,475,6048
IN-ML,Meghalaya,Female,Urban,75-79,None,11.00,9.02,13.42,132,1209
IN-ML,Meghalaya,Female,Urban,75-79,Primary,8.25,6.77,10.07,99,1209
IN-ML,Meghalaya,Female,Urban,75-79,Middle,6.28,5.15,7.66,75,1209
IN-ML,Meghalaya,Female,Urban,75-79,Secondary,4.71,3.86,5.75,56,1209
IN-ML,Meghalaya,Female,Urban,75-79,Higher,3.53,2.89,4.31,42,1209
IN-ML,Meghalaya,Female,Urban,80-84,All,11.09,9.09,13.53,670,6048
IN-ML,Meghalaya,Female,Urban,80-84,None,15.53,12.73,18.95,187,1209
IN-ML,Meghalaya,Female,Urban,80-84,Primary,11.64,9.54,14.20,140,1209
IN-ML,Meghalaya,Female,Urban,80-84,Middle,8.87,7.27,10.82,107,1209
IN-ML,Meghalaya,Female,Urban,80-84,Secondary,6.65,5.45,8.11,80,1209
IN-ML,Meghalaya,Female,Urban,80-84,Higher,4.99,4.09,6.09,60,1209
IN-ML,Meghalaya,Female,Urban,85+,All,15.25,12.51,18.61,922,6048
IN-ML,Meghalaya,Female,Urban,85+,None,21.35,17.51,26.05,258,1209
IN-ML,Meghalaya,Female,Urban,85+,Primary,16.01,13.13,19.53,193,1209
IN-ML,Meghalaya,Female,Urban,85+,Middle,12.20,10.00,14.88,147,1209
IN-ML,Meghalaya,Female,Urban,85+,Secondary,9.15,7.50,11.16,110,1209
IN-ML,Meghalaya,Female,Urban,85+,Higher,6.86,5.63,8.37,82,1209
IN-ML,Meghalaya,Female,Rural,60+,All,6.87,5.63,8.38,4905,71400
IN-ML,Meghalaya,Female,Rural,60+,None,9.62,7.89,11.74,1373,14280
IN-ML,Meghalaya,Female,Rural,60+,Primary,7.22,5.92,8.81,1031,14280
IN-ML,Meghalaya,Female,Rural,60+,Middle,5.50,4.51,6.71,785,14280
IN-ML,Meghalaya,Female,Rural,60+,Secondary,4.12,3.38,5.03,588,14280
IN-ML,Meghalaya,Female,Rural,60+,Higher,3.09,2.53,3.77,441,14280
IN-ML,Meghalaya,Female,Rural,60-64,All,3.09,2.53,3.77,397,12852
IN-ML,Meghalaya,Female,Rural,60-64,None,4.33,3.55,5.28,111,2570
IN-ML,Meghalaya,Female,Rural,60-64,Primary,3.25,2.67,3.97,83,2570
IN-ML,Meghalaya,Female,Rural,60-64,Middle,2.47,2.03,3.01,63,2570
IN-ML,Meghalaya,Female,Rural,60-64,Secondary,1.86,1.53,2.27,47,2570
IN-ML,Meghalaya,Female,Rural,60-64,Higher,1.39,1.14,1.70,35,2570
IN-ML,Meghalaya,Female,Rural,65-69,All,5.16,4.23,6.30,663,12852
IN-ML,Meghalaya,Female,Rural,65-69,None,7.22,5.92,8.81,185,2570
IN-ML,Meghalaya,Female,Rural,65-69,Primary,5.41,4.44,6.60,139,2570
IN-ML,Meghalaya,Female,Rural,65-69,Middle,4.12,3.38,5.03,105,2570
IN-ML,Meghalaya,Female,Rural,65-69,Secondary,3.09,2.53,3.77,79,2570
IN-ML,Meghalaya,Female,Rural,65-69,Higher,2.32,1.90,2.83,59,2570
IN-ML,Meghalaya,Female,Rural,70-74,All,7.91,6.49,9.65,1016,12852
IN-ML,Meghalaya,Female,Rural,70-74,None,11.07,9.08,13.51,284,2570
IN-ML,Meghalaya,Female,Rural,70-74,Primary,8.30,6.81,10.13,213,2570
IN-ML,Meghalaya,Female,Rural,70-74,Middle,6.32,5.18,7.71,162,2570
IN-ML,Meghalaya,Female,Rural,70-74,Secondary,4.74,3.89,5.78,121,2570
IN-ML,Meghalaya,Female,Rural,70-74,Higher,3.56,2.92,4.34,91,2570
IN-ML,Meghalaya,Female,Rural,75-79,All,11.69,9.59,14.26,1502,12852
IN-ML,Meghalaya,Female,Rural,75-79,None,16.36,13.42,19.96,420,2570
IN-ML,Meghalaya,Female,Rural,75-79,Primary,12.27,10.06,14.97,315,2570
IN-ML,Meghalaya,Female,Rural,75-79,Middle,9.35,7.67,11.41,240,2570
IN-ML,Meghalaya,Female,Rural,75-79,Secondary,7.01,5.75,8.55,180,2570
IN-ML,Meghalaya,Female,Rural,75-79,Higher,5.26,4.31,6.42,135,2570
IN-ML,Meghalaya,Female,Rural,80-84,All,16.50,13.53,20.13,2120,12852
IN-ML,Meghalaya,Female,Rural,80-84,None,23.10,18.94,28.18,593,2570
IN-ML,Meghalaya,Female,Rural,80-84,Primary,17.32,14.20,21.13,445,2570
IN-ML,Meghalaya,Female,Rural,80-84,Middle,13.20,10.82,16.10,339,2570
IN-ML,Meghalaya,Female,Rural,80-84,Secondary,9.90,8.12,12.08,254,2570
IN-ML,Meghalaya,Female,Rural,80-84,Higher,7.42,6.08,9.05,190,2570
IN-ML,Meghalaya,Female,Rural,85+,All,22.69,18.61,27.68,2916,12852
IN-ML,Meghalaya,Female,Rural,85+,None,31.76,26.04,38.75,816,2570
IN-ML,Meghalaya,Female,Rural,85+,Primary,23.82,19.53,29.06,612,2570
IN-ML,Meghalaya,Female,Rural,85+,Middle,18.15,14.88,22.14,466,2570
IN-ML,Meghalaya,Female,Rural,85+,Secondary,13.61,11.16,16.60,349,2570
IN-ML,Meghalaya,Female,Rural,85+,Higher,10.21,8.37,12.46,262,2570
IN-MN,Manipur,Both,All,60+,All,5.20,4.26,6.34,13520,260000
IN-MN,Manipur,Both,All,60+,None,7.28,5.97,8.88,3785,52000
IN-MN,Manipur,Both,All,60+,Primary,5.46,4.48,6.66,2839,52000
IN-MN,Manipur,Both,All,60+,Middle,4.16,3.41,5.08,2163,52000
IN-MN,Manipur,Both,All,60+,Secondary,3.12,2.56,3.81,1622,52000
IN-MN,Manipur,Both,All,60+,Higher,2.34,1.92,2.85,1216,52000
IN-MN,Manipur,Both,All,60-64,All,2.34,1.92,2.85,1095,46800
IN-MN,Manipur,Both,All,60-64,None,3.28,2.69,4.00,307,9360
IN-MN,Manipur,Both,All,60-64,Primary,2.46,2.02,3.00,230,9360
IN-MN,Manipur,Both,All,60-64,Middle,1.87,1.53,2.28,175,9360
IN-MN,Manipur,Both,All,60-64,Secondary,1.40,1.15,1.71,131,9360
IN-MN,Manipur,Both,All,60-64,Higher,1.05,0.86,1.28,98,9360
IN-MN,Manipur,Both,All,65-69,All,3.90,3.20,4.76,1825,46800
IN-MN,Manipur,Both,All,65-69,None,5.46,4.48,6.66,511,9360
IN-MN,Manipur,Both,All,65-69,Primary,4.10,3.36,5.00,383,9360
IN-MN,Manipur,Both,All,65-69,Middle,3.12,2.56,3.81,292,9360
IN-MN,Manipur,Both,All,65-69,Secondary,2.34,1.92,2.85,219,9360
IN-MN,Manipur,Both,All,65-69,Higher,1.76,1.44,2.15,164,9360
IN-MN,Manipur,Both,All,70-74,All,5.98,4.90,7.30,2798,46800
IN-MN,Manipur,Both,All,70-74,None,8.37,6.86,10.21,783,9360
IN-MN,Manipur,Both,All,70-74,Primary,6.28,5.15,7.66,587,9360
IN-MN,Manipur,Both,All,70-74,Middle,4.78,3.92,5.83,447,9360
IN-MN,Manipur,Both,All,70-74,Secondary,3.59,2.94,4.38,336,9360
IN-MN,Manipur,Both,All,70-74,Higher,2.69,2.21,3.28,251,9360
IN-MN,Manipur,Both,All,75-79,All,8.84,7.25,10.78,4137,46800
IN-MN,Manipur,Both,All,75-79,None,12.38,10.15,15.10,1158,9360
IN-MN,Manipur,Both,All,75-79,Primary,9.28,7.61,11.32,868,9360
IN-MN,Manipur,Both,All,75-79,Middle,7.07,5.80,8.63,661,9360
IN-MN,Manipur,Both,All,75-79,Secondary,5.30,4.35,6.47,496,9360
IN-MN,Manipur,Both,All,75-79,Higher,3.98,3.26,4.86,372,9360
IN-MN,Manipur,Both,All,80-84,All,12.48,10.23,15.23,5840,46800
IN-MN,Manipur,Both,All,80-84,None,17.47,14.33,21.31,1635,9360
IN-MN,Manipur,Both,All,80-84,Primary,13.10,10.74,15.98,1226,9360
IN-MN,Manipur,Both,All,80-84,Middle,9.98,8.18,12.18,934,9360
IN-MN,Manipur,Both,All,80-84,Secondary,7.49,6.14,9.14,701,9360
IN-MN,Manipur,Both,All,80-84,Higher,5.62,4.61,6.86,526,9360
IN-MN,Manipur,Both,All,85+,All,17.16,14.07,20.94,8030,46800
IN-MN,Manipur,Both,All,85+,None,24.02,19.70,29.30,2248,9360
IN-MN,Manipur,Both,All,85+,Primary,18.02,14.78,21.98,1686,9360
IN-MN,Manipur,Both,All,85+,Middle,13.73,11.26,16.75,1285,9360
IN-MN,Manipur,Both,All,85+,Secondary,10.30,8.45,12.57,964,9360
IN-MN,Manipur,Both,All,85+,Higher,7.72,6.33,9.42,722,9360
IN-MN,Manipur,Both,Urban,60+,All,4.26,3.49,5.20,3544,83200
IN-MN,Manipur,Both,Urban,60+,None,5.97,4.90,7.28,993,16640
IN-MN,Manipur,Both,Urban,60+,Primary,4.48,3.67,5.47,745,16640
IN-MN,Manipur,Both,Urban,60+,Middle,3.41,2.80,4.16,567,16640
IN-MN,Manipur,Both,Urban,60+,Secondary,2.56,2.10,3.12,425,16640
IN-MN,Manipur,Both,Urban,60+,Higher,1.92,1.57,2.34,319,16640
IN-MN,Manipur,Both,Urban,60-64,All,1.92,1.57,2.34,287,14976
IN-MN,Manipur,Both,Urban,60-64,None,2.69,2.21,3.28,80,2995
IN-MN,Manipur,Both,Urban,60-64,Primary,2.01,1.65,2.45,60,2995
IN-MN,Manipur,Both,Urban,60-64,Middle,1.54,1.26,1.88,46,2995
IN-MN,Manipur,Both,Urban,60-64,Secondary,1.15,0.94,1.40,34,2995
IN-MN,Manipur,Both,Urban,60-64,Higher,1.00,0.82,1.22,29,2995
IN-MN,Manipur,Both,Urban,65-69,All,3.20,2.62,3.90,479,14976
IN-MN,Manipur,Both,Urban,65-69,None,4.48,3.67,5.47,134,2995
IN-MN,Manipur,Both,Urban,65-69,Primary,3.36,2.76,4.10,100,2995
IN-MN,Manipur,Both,Urban,65-69,Middle,2.56,2.10,3.12,76,2995
IN-MN,Manipur,Both,Urban,65-69,Secondary,1.92,1.57,2.34,57,2995
IN-MN,Manipur,Both,Urban,65-69,Higher,1.44,1.18,1.76,43,2995
IN-MN,Manipur,Both,Urban,70-74,All,4.90,4.02,5.98,733,14976
IN-MN,Manipur,Both,Urban,70-74,None,6.87,5.63,8.38,205,2995
IN-MN,Manipur,Both,Urban,70-74,Primary,5.15,4.22,6.28,154,2995
IN-MN,Manipur,Both,Urban,70-74,Middle,3.92,3.21,4.78,117,2995
IN-MN,Manipur,Both,Urban,70-74,Secondary,2.94,2.41,3.59,88,2995
IN-MN,Manipur,Both,Urban,70-74,Higher,2.21,1.81,2.70,66,2995
IN-MN,Manipur,Both,Urban,75-79,All,7.25,5.94,8.85,1085,14976
IN-MN,Manipur,Both,Urban,75-79,None,10.15,8.32,12.38,303,2995
IN-MN,Manipur,Both,Urban,75-79,Primary,7.61,6.24,9.28,227,2995
IN-MN,Manipur,Both,Urban,75-79,Middle,5.80,4.76,7.08,173,2995
IN-MN,Manipur,Both,Urban,75-79,Secondary,4.35,3.57,5.31,130,2995
IN-MN,Manipur,Both,Urban,75-79,Higher,3.26,2.67,3.98,97,2995
IN-MN,Manipur,Both,Urban,80-84,All,10.23,8.39,12.48,1532,14976
IN-MN,Manipur,Both,Urban,80-84,None,14.33,11.75,17.48,429,2995
IN-MN,Manipur,Both,Urban,80-84,Primary,10.75,8.82,13.12,321,2995
IN-MN,Manipur,Both,Urban,80-84,Middle,8.19,6.72,9.99,245,2995
IN-MN,Manipur,Both,Urban,80-84,Secondary,6.14,5.03,7.49,183,2995
IN-MN,Manipur,Both,Urban,80-84,Higher,4.61,3.78,5.62,138,2995
IN-MN,Manipur,Both,Urban,85+,All,14.07,11.54,17.17,2107,14976
IN-MN,Manipur,Both,Urban,85+,None,19.70,16.15,24.03,590,2995
IN-MN,Manipur,Both,Urban,85+,Primary,14.77,12.11,18.02,442,2995
IN-MN,Manipur,Both,Urban,85+,Middle,11.26,9.23,13.74,337,2995
IN-MN,Manipur,Both,Urban,85+,Secondary,8.44,6.92,10.30,252,2995
IN-MN,Manipur,Both,Urban,85+,Higher,6.33,5.19,7.72,189,2995
IN-MN,Manipur,Both,Rural,60+,All,6.34,5.20,7.73,11209,176800
IN-MN,Manipur,Both,Rural,60+,None,8.88,7.28,10.83,3139,35360
IN-MN,Manipur,Both,Rural,60+,Primary,6.66,5.46,8.13,2354,35360
IN-MN,Manipur,Both,Rural,60+,Middle,5.08,4.17,6.20,1796,35360
IN-MN,Manipur,Both,Rural,60+,Secondary,3.81,3.12,4.65,1347,35360
IN-MN,Manipur,Both,Rural,60+,Higher,2.85,2.34,3.48,1007,35360
IN-MN,Manipur,Both,Rural,60-64,All,2.85,2.34,3.48,906,31824
IN-MN,Manipur,Both,Rural,60-64,None,4.00,3.28,4.88,254,6364
IN-MN,Manipur,Both,Rural,60-64,Primary,3.00,2.46,3.66,190,6364
IN-MN,Manipur,Both,Rural,60-64,Middle,2.28,1.87,2.78,145,6364
IN-MN,Manipur,Both,Rural,60-64,Secondary,1.71,1.40,2.09,108,6364
IN-MN,Manipur,Both,Rural,60-64,Higher,1.28,1.05,1.56,81,6364
IN-MN,Manipur,Both,Rural,65-69,All,4.76,3.90,5.81,1514,31824
IN-MN,Manipur,Both,Rural,65-69,None,6.66,5.46,8.13,423,6364
IN-MN,Manipur,Both,Rural,65-69,Primary,5.00,4.10,6.10,318,6364
IN-MN,Manipur,Both,Rural,65-69,Middle,3.81,3.12,4.65,242,6364
IN-MN,Manipur,Both,Rural,65-69,Secondary,2.85,2.34,3.48,181,6364
IN-MN,Manipur,Both,Rural,65-69,Higher,2.14,1.75,2.61,136,6364
IN-MN,Manipur,Both,Rural,70-74,All,7.30,5.99,8.91,2323,31824
IN-MN,Manipur,Both,Rural,70-74,None,10.21,8.37,12.46,649,6364
IN-MN,Manipur,Both,Rural,70-74,Primary,7.66,6.28,9.35,487,6364
IN-MN,Manipur,Both,Rural,70-74,Middle,5.84,4.79,7.12,371,6364
IN-MN,Manipur,Both,Rural,70-74,Secondary,4.38,3.59,5.34,278,6364
IN-MN,Manipur,Both,Rural,70-74,Higher,3.28,2.69,4.00,208,6364
IN-MN,Manipur,Both,Rural,75-79,All,10.78,8.84,13.15,3430,31824
IN-MN,Manipur,Both,Rural,75-79,None,15.10,12.38,18.42,960,6364
IN-MN,Manipur,Both,Rural,75-79,Primary,11.32,9.28,13.81,720,6364
IN-MN,Manipur,Both,Rural,75-79,Middle,8.63,7.08,10.53,549,6364
IN-MN,Manipur,Both,Rural,75-79,Secondary,6.47,5.31,7.89,411,6364
IN-MN,Manipur,Both,Rural,75-79,Higher,4.85,3.98,5.92,308,6364
IN-MN,Manipur,Both,Rural,80-84,All,15.23,12.49,18.58,4846,31824
IN-MN,Manipur,Both,Rural,80-84,None,21.32,17.48,26.01,1356,6364
IN-MN,Manipur,Both,Rural,80-84,Primary,15.99,13.11,19.51,1017,6364
IN-MN,Manipur,Both,Rural,80-84,Middle,12.18,9.99,14.86,775,6364
IN-MN,Manipur,Both,Rural,80-84,Secondary,9.14,7.49,11.15,581,6364
IN-MN,Manipur,Both,Rural,80-84,Higher,6.85,5.62,8.36,435,6364
IN-MN,Manipur,Both,Rural,85+,All,20.94,17.17,25.55,6663,31824
IN-MN,Manipur,Both,Rural,85+,None,29.31,24.03,35.76,1865,6364
IN-MN,Manipur,Both,Rural,85+,Primary,21.98,18.02,26.82,1398,6364
IN-MN,Manipur,Both,Rural,85+,Middle,16.75,13.74,20.43,1065,6364
IN-MN,Manipur,Both,Rural,85+,Secondary,12.56,10.30,15.32,799,6364
IN-MN,Manipur,Both,Rural,85+,Higher,9.42,7.72,11.49,599,6364
IN-MN,Manipur,Male,All,60+,All,4.42,3.62,5.39,5745,130000
IN-MN,Manipur,Male,All,60+,None,6.19,5.08,7.55,1609,26000
IN-MN,Manipur,Male,All,60+,Primary,4.64,3.80,5.66,1206,26000
IN-MN,Manipur,Male,All,60+,Middle,3.54,2.90,4.32,920,26000
IN-MN,Manipur,Male,All,60+,Secondary,2.65,2.17,3.23,689,26000
IN-MN,Manipur,Male,All,60+,Higher,1.99,1.63,2.43,517,26000
IN-MN,Manipur,Male,All,60-64,All,1.99,1.63,2.43,465,23400
IN-MN,Manipur,Male,All,60-64,None,2.78,2.28,3.39,130,4680
IN-MN,Manipur,Male,All,60-64,Primary,2.09,1.71,2.55,97,4680
IN-MN,Manipur,Male,All,60-64,Middle,1.59,1.30,1.94,74,4680
IN-MN,Manipur,Male,All,60-64,Secondary,1.19,0.98,1.45,55,4680
IN-MN,Manipur,Male,All,60-64,Higher,1.00,0.82,1.22,46,4680
IN-MN,Manipur,Male,All,65-69,All,3.32,2.72,4.05,776,23400
IN-MN,Manipur,Male,All,65-69,None,4.64,3.80,5.66,217,4680
IN-MN,Manipur,Male,All,65-69,Primary,3.48,2.85,4.25,162,4680
IN-MN,Manipur,Male,All,65-69,Middle,2.65,2.17,3.23,124,4680
IN-MN,Manipur,Male,All,65-69,Secondary,1.99,1.63,2.43,93,4680
IN-MN,Manipur,Male,All,65-69,Higher,1.49,1.22,1.82,69,4680
IN-MN,Manipur,Male,All,70-74,All,5.08,4.17,6.20,1188,23400
IN-MN,Manipur,Male,All,70-74,None,7.12,5.84,8.69,333,4680
IN-MN,Manipur,Male,All,70-74,Primary,5.34,4.38,6.51,249,4680
IN-MN,Manipur,Male,All,70-74,Middle,4.07,3.34,4.97,190,4680
IN-MN,Manipur,Male,All,70-74,Secondary,3.05,2.50,3.72,142,4680
IN-MN,Manipur,Male,All,70-74,Higher,2.29,1.88,2.79,107,4680
IN-MN,Manipur,Male,All,75-79,All,7.51,6.16,9.16,1757,23400
IN-MN,Manipur,Male,All,75-79,None,10.52,8.63,12.83,492,4680
IN-MN,Manipur,Male,All,75-79,Primary,7.89,6.47,9.63,369,4680
IN-MN,Manipur,Male,All,75-79,Middle,6.01,4.93,7.33,281,4680
IN-MN,Manipur,Male,All,75-79,Secondary,4.51,3.70,5.50,211,4680
IN-MN,Manipur,Male,All,75-79,Higher,3.38,2.77,4.12,158,4680
IN-MN,Manipur,Male,All,80-84,All,10.61,8.70,12.94,2482,23400
IN-MN,Manipur,Male,All,80-84,None,14.85,12.18,18.12,694,4680
IN-MN,Manipur,Male,All,80-84,Primary,11.14,9.13,13.59,521,4680
IN-MN,Manipur,Male,All,80-84,Middle,8.49,6.96,10.36,397,4680
IN-MN,Manipur,Male,All,80-84,Secondary,6.36,5.22,7.76,297,4680
IN-MN,Manipur,Male,All,80-84,Higher,4.77,3.91,5.82,223,4680
IN-MN,Manipur,Male,All,85+,All,14.59,11.96,17.80,3414,23400
IN-MN,Manipur,Male,All,85+,None,20.42,16.74,24.91,955,4680
IN-MN,Manipur,Male,All,85+,Primary,15.32,12.56,18.69,716,4680
IN-MN,Manipur,Male,All,85+,Middle,11.67,9.57,14.24,546,4680
IN-MN,Manipur,Male,All,85+,Secondary,8.75,7.18,10.68,409,4680
IN-MN,Manipur,Male,All,85+,Higher,6.56,5.38,8.00,307,4680
IN-MN,Manipur,Male,Urban,60+,All,3.62,2.97,4.42,1505,41600
IN-MN,Manipur,Male,Urban,60+,None,5.07,4.16,6.19,421,8320
IN-MN,Manipur,Male,Urban,60+,Primary,3.81,3.12,4.65,316,8320
IN-MN,Manipur,Male,Urban,60+,Middle,2.90,2.38,3.54,241,8320
IN-MN,Manipur,Male,Urban,60+,Secondary,2.17,1.78,2.65,180,8320
IN-MN,Manipur,Male,Urban,60+,Higher,1.63,1.34,1.99,135,8320
IN-MN,Manipur,Male,Urban,60-64,All,1.63,1.34,1.99,122,7488
IN-MN,Manipur,Male,Urban,60-64,None,2.28,1.87,2.78,34,1497
IN-MN,Manipur,Male,Urban,60-64,Primary,1.71,1.40,2.09,25,1497
IN-MN,Manipur,Male,Urban,60-64,Middle,1.30,1.07,1.59,19,1497
IN-MN,Manipur,Male,Urban,60-64,Secondary,1.00,0.82,1.22,14,1497
IN-MN,Manipur,Male,Urban,60-64,Higher,1.00,0.82,1.22,14,1497
IN-MN,Manipur,Male,Urban,65-69,All,2.72,2.23,3.32,203,7488
IN-MN,Manipur,Male,Urban,65-69,None,3.81,3.12,4.65,57,1497
IN-MN,Manipur,Male,Urban,65-69,Primary,2.85,2.34,3.48,42,1497
IN-MN,Manipur,Male,Urban,65-69,Middle,2.17,1.78,2.65,32,1497
IN-MN,Manipur,Male,Urban,65-69,Secondary,1.63,1.34,1.99,24,1497
IN-MN,Manipur,Male,Urban,65-69,Higher,1.22,1.00,1.49,18,1497
IN-MN,Manipur,Male,Urban,70-74,All,4.17,3.42,5.09,312,7488
IN-MN,Manipur,Male,Urban,70-74,None,5.84,4.79,7.12,87,1497
IN-MN,Manipur,Male,Urban,70-74,Primary,4.38,3.59,5.34,65,1497
IN-MN,Manipur,Male,Urban,70-74,Middle,3.33,2.73,4.06,49,1497
IN-MN,Manipur,Male,Urban,70-74,Secondary,2.50,2.05,3.05,37,1497
IN-MN,Manipur,Male,Urban,70-74,Higher,1.88,1.54,2.29,28,1497
IN-MN,Manipur,Male,Urban,75-79,All,6.16,5.05,7.52,461,7488
IN-MN,Manipur,Male,Urban,75-79,None,8.63,7.08,10.53,129,1497
IN-MN,Manipur,Male,Urban,75-79,Primary,6.47,5.31,7.89,96,1497
IN-MN,Manipur,Male,Urban,75-79,Middle,4.93,4.04,6.01,73,1497
IN-MN,Manipur,Male,Urban,75-79,Secondary,3.70,3.03,4.51,55,1497
IN-MN,Manipur,Male,Urban,75-79,Higher,2.77,2.27,3.38,41,1497
IN-MN,Manipur,Male,Urban,80-84,All,8.70,7.13,10.61,651,7488
IN-MN,Manipur,Male,Urban,80-84,None,12.18,9.99,14.86,182,1497
IN-MN,Manipur,Male,Urban,80-84,Primary,9.13,7.49,11.14,136,1497
IN-MN,Manipur,Male,Urban,80-84,Middle,6.96,5.71,8.49,104,1497
IN-MN,Manipur,Male,Urban,80-84,Secondary,5.22,4.28,6.37,78,1497
IN-MN,Manipur,Male,Urban,80-84,Higher,3.91,3.21,4.77,58,1497
IN-MN,Manipur,Male,Urban,85+,All,11.96,9.81,14.59,895,7488
IN-MN,Manipur,Male,Urban,85+,None,16.74,13.73,20.42,250,1497
IN-MN,Manipur,Male,Urban,85+,Primary,12.56,10.30,15.32,188,1497
IN-MN,Manipur,Male,Urban,85+,Middle,9.57,7.85,11.68,143,1497
IN-MN,Manipur,Male,Urban,85+,Secondary,7.18,5.89,8.76,107,1497
IN-MN,Manipur,Male,Urban,85+,Higher,5.38,4.41,6.56,80,1497
IN-MN,Manipur,Male,Rural,60+,All,5.39,4.42,6.58,4764,88400
IN-MN,Manipur,Male,Rural,60+,None,7.55,6.19,9.21,1334,17680
IN-MN,Manipur,Male,Rural,60+,Primary,5.66,4.64,6.91,1000,17680
IN-MN,Manipur,Male,Rural,60+,Middle,4.31,3.53,5.26,762,17680
IN-MN,Manipur,Male,Rural,60+,Secondary,3.24,2.66,3.95,572,17680
IN-MN,Manipur,Male,Rural,60+,Higher,2.43,1.99,2.96,429,17680
IN-MN,Manipur,Male,Rural,60-64,All,2.43,1.99,2.96,386,15912
IN-MN,Manipur,Male,Rural,60-64,None,3.40,2.79,4.15,108,3182
IN-MN,Manipur,Male,Rural,60-64,Primary,2.55,2.09,3.11,81,3182
IN-MN,Manipur,Male,Rural,60-64,Middle,1.94,1.59,2.37,61,3182
IN-MN,Manipur,Male,Rural,60-64,Secondary,1.46,1.20,1.78,46,3182
IN-MN,Manipur,Male,Rural,60-64,Higher,1.09,0.89,1.33,34,3182
IN-MN,Manipur,Male,Rural,65-69,All,4.04,3.31,4.93,642,15912
IN-MN,Manipur,Male,Rural,65-69,None,5.66,4.64,6.91,180,3182
IN-MN,Manipur,Male,Rural,65-69,Primary,4.25,3.49,5.19,135,3182
IN-MN,Manipur,Male,Rural,65-69,Middle,3.24,2.66,3.95,103,3182
IN-MN,Manipur,Male,Rural,65-69,Secondary,2.43,1.99,2.96,77,3182
IN-MN,Manipur,Male,Rural,65-69,Higher,1.82,1.49,2.22,57,3182
IN-MN,Manipur,Male,Rural,70-74,All,6.20,5.08,7.56,986,15912
IN-MN,Manipur,Male,Rural,70-74,None,8.68,7.12,10.59,276,3182
IN-MN,Manipur,Male,Rural,70-74,Primary,6.51,5.34,7.94,207,3182
IN-MN,Manipur,Male,Rural,70-74,Middle,4.96,4.07,6.05,157,3182
IN-MN,Manipur,Male,Rural,70-74,Secondary,3.72,3.05,4.54,118,3182
IN-MN,Manipur,Male,Rural,70-74,Higher,2.79,2.29,3.40,88,3182
IN-MN,Manipur,Male,Rural,75-79,All,9.17,7.52,11.19,1459,15912
IN-MN,Manipur,Male,Rural,75-79,None,12.83,10.52,15.65,408,3182
IN-MN,Manipur,Male,Rural,75-79,Primary,9.63,7.90,11.75,306,3182
IN-MN,Manipur,Male,Rural,75-79,Middle,7.33,6.01,8.94,233,3182
IN-MN,Manipur,Male,Rural,75-79,Secondary,5.50,4.51,6.71,175,3182
IN-MN,Manipur,Male,Rural,75-79,Higher,4.13,3.39,5.04,131,3182
IN-MN,Manipur,Male,Rural,80-84,All,12.94,10.61,15.79,2059,15912
IN-MN,Manipur,Male,Rural,80-84,None,18.12,14.86,22.11,576,3182
IN-MN,Manipur,Male,Rural,80-84,Primary,13.59,11.14,16.58,432,3182
IN-MN,Manipur,Male,Rural,80-84,Middle,10.35,8.49,12.63,329,3182
IN-MN,Manipur,Male,Rural,80-84,Secondary,7.77,6.37,9.48,247,3182
IN-MN,Manipur,Male,Rural,80-84,Higher,5.82,4.77,7.10,185,3182
IN-MN,Manipur,Male,Rural,85+,All,17.79,14.59,21.70,2830,15912
IN-MN,Manipur,Male,Rural,85+,None,24.91,20.43,30.39,792,3182
IN-MN,Manipur,Male,Rural,85+,Primary,18.68,15.32,22.79,594,3182
IN-MN,Manipur,Male,Rural,85+,Middle,14.24,11.68,17.37,453,3182
IN-MN,Manipur,Male,Rural,85+,Secondary,10.68,8.76,13.03,339,3182
IN-MN,Manipur,Male,Rural,85+,Higher,8.01,6.57,9.77,254,3182
IN-MN,Manipur,Female,All,60+,All,5.98,4.90,7.30,7774,130000
IN-MN,Manipur,Female,All,60+,None,8.37,6.86,10.21,2176,26000
IN-MN,Manipur,Female,All,60+,Primary,6.28,5.15,7.66,1632,26000
IN-MN,Manipur,Female,All,60+,Middle,4.78,3.92,5.83,1242,26000
IN-MN,Manipur,Female,All,60+,Secondary,3.59,2.94,4.38,933,26000
IN-MN,Manipur,Female,All,60+,Higher,2.69,2.21,3.28,699,26000
IN-MN,Manipur,Female,All,60-64,All,2.69,2.21,3.28,629,23400
IN-MN,Manipur,Female,All,60-64,None,3.77,3.09,4.60,176,4680
IN-MN,Manipur,Female,All,60-64,Primary,2.83,2.32,3.45,132,4680
IN-MN,Manipur,Female,All,60-64,Middle,2.15,1.76,2.62,100,4680
IN-MN,Manipur,Female,All,60-64,Secondary,1.61,1.32,1.96,75,4680
IN-MN,Manipur,Female,All,60-64,Higher,1.21,0.99,1.48,56,4680
IN-MN,Manipur,Female,All,65-69,All,4.48,3.67,5.47,1048,23400
IN-MN,Manipur,Female,All,65-69,None,6.28,5.15,7.66,293,4680
IN-MN,Manipur,Female,All,65-69,Primary,4.71,3.86,5.75,220,4680
IN-MN,Manipur,Female,All,65-69,Middle,3.59,2.94,4.38,168,4680
IN-MN,Manipur,Female,All,65-69,Secondary,2.69,2.21,3.28,125,4680
IN-MN,Manipur,Female,All,65-69,Higher,2.02,1.66,2.46,94,4680
IN-MN,Manipur,Female,All,70-74,All,6.88,5.64,8.39,1609,23400
IN-MN,Manipur,Female,All,70-74,None,9.63,7.90,11.75,450,4680
IN-MN,Manipur,Female,All,70-74,Primary,7.22,5.92,8.81,337,4680
IN-MN,Manipur,Female,All,70-74,Middle,5.50,4.51,6.71,257,4680
IN-MN,Manipur,Female,All,70-74,Secondary,4.13,3.39,5.04,193,4680
IN-MN,Manipur,Female,All,70-74,Higher,3.09,2.53,3.77,144,4680
IN-MN,Manipur,Female,All,75-79,All,10.17,8.34,12.41,2379,23400
IN-MN,Manipur,Female,All,75-79,None,14.23,11.67,17.36,665,4680
IN-MN,Manipur,Female,All,75-79,Primary,10.67,8.75,13.02,499,4680
IN-MN,Manipur,Female,All,75-79,Middle,8.13,6.67,9.92,380,4680
IN-MN,Manipur,Female,All,75-79,Secondary,6.10,5.00,7.44,285,4680
IN-MN,Manipur,Female,All,75-79,Higher,4.57,3.75,5.58,213,4680
IN-MN,Manipur,Female,All,80-84,All,14.35,11.77,17.51,3357,23400
IN-MN,Manipur,Female,All,80-84,None,20.09,16.47,24.51,940,4680
IN-MN,Manipur,Female,All,80-84,Primary,15.07,12.36,18.39,705,4680
IN-MN,Manipur,Female,All,80-84,Middle,11.48,9.41,14.01,537,4680
IN-MN,Manipur,Female,All,80-84,Secondary,8.61,7.06,10.50,402,4680
IN-MN,Manipur,Female,All,80-84,Higher,6.46,5.30,7.88,302,4680
IN-MN,Manipur,Female,All,85+,All,19.73,16.18,24.07,4616,23400
IN-MN,Manipur,Female,All,85+,None,27.63,22.66,33.71,1293,4680
IN-MN,Manipur,Female,All,85+,Primary,20.72,16.99,25.28,969,4680
IN-MN,Manipur,Female,All,85+,Middle,15.79,12.95,19.26,738,4680
IN-MN,Manipur,Female,All,85+,Secondary,11.84,9.71,14.44,554,4680
IN-MN,Manipur,Female,All,85+,Higher,8.88,7.28,10.83,415,4680
IN-MN,Manipur,Female,Urban,60+,All,4.90,4.02,5.98,2038,41600
IN-MN,Manipur,Female,Urban,60+,None,6.87,5.63,8.38,571,8320
IN-MN,Manipur,Female,Urban,60+,Primary,5.15,4.22,6.28,428,8320
IN-MN,Manipur,Female,Urban,60+,Middle,3.92,3.21,4.78,326,8320
IN-MN,Manipur,Female,Urban,60+,Secondary,2.94,2.41,3.59,244,8320
IN-MN,Manipur,Female,Urban,60+,Higher,2.21,1.81,2.70,183,8320
IN-MN,Manipur,Female,Urban,60-64,All,2.21,1.81,2.70,165,7488
IN-MN,Manipur,Female,Urban,60-64,None,3.09,2.53,3.77,46,1497
IN-MN,Manipur,Female,Urban,60-64,Primary,2.32,1.90,2.83,34,1497
IN-MN,Manipur,Female,Urban,60-64,Middle,1.77,1.45,2.16,26,1497
IN-MN,Manipur,Female,Urban,60-64,Secondary,1.32,1.08,1.61,19,1497
IN-MN,Manipur,Female,Urban,60-64,Higher,1.00,0.82,1.22,14,1497
IN-MN,Manipur,Female,Urban,65-69,All,3.68,3.02,4.49,275,7488
IN-MN,Manipur,Female,Urban,65-69,None,5.15,4.22,6.28,77,1497
IN-MN,Manipur,Female,Urban,65-69,Primary,3.86,3.17,4.71,57,1497
IN-MN,Manipur,Female,Urban,65-69,Middle,2.94,2.41,3.59,44,1497
IN-MN,Manipur,Female,Urban,65-69,Secondary,2.21,1.81,2.70,33,1497
IN-MN,Manipur,Female,Urban,65-69,Higher,1.65,1.35,2.01,24,1497
IN-MN,Manipur,Female,Urban,70-74,All,5.64,4.62,6.88,422,7488
IN-MN,Manipur,Female,Urban,70-74,None,7.89,6.47,9.63,118,1497
IN-MN,Manipur,Female,Urban,70-74,Primary,5.92,4.85,7.22,88,1497
IN-MN,Manipur,Female,Urban,70-74,Middle,4.51,3.70,5.50,67,1497
IN-MN,Manipur,Female,Urban,70-74,Secondary,3.38,2.77,4.12,50,1497
IN-MN,Manipur,Female,Urban,70-74,Higher,2.54,2.08,3.10,38,1497
IN-MN,Manipur,Female,Urban,75-79,All,8.34,6.84,10.17,624,7488
IN-MN,Manipur,Female,Urban,75-79,None,11.67,9.57,14.24,174,1497
IN-MN,Manipur,Female,Urban,75-79,Primary,8.75,7.18,10.68,130,1497
IN-MN,Manipur,Female,Urban,75-79,Middle,6.67,5.47,8.14,99,1497
IN-MN,Manipur,Female,Urban,75-79,Secondary,5.00,4.10,6.10,74,1497
IN-MN,Manipur,Female,Urban,75-79,Higher,3.75,3.08,4.58,56,1497
IN-MN,Manipur,Female,Urban,80-84,All,11.77,9.65,14.36,881,7488
IN-MN,Manipur,Female,Urban,80-84,None,16.48,13.51,20.11,246,1497
IN-MN,Manipur,Female,Urban,80-84,Primary,12.36,10.14,15.08,185,1497
IN-MN,Manipur,Female,Urban,80-84,Middle,9.41,7.72,11.48,140,1497
IN-MN,Manipur,Female,Urban,80-84,Secondary,7.06,5.79,8.61,105,1497
IN-MN,Manipur,Female,Urban,80-84,Higher,5.30,4.35,6.47,79,1497
IN-MN,Manipur,Female,Urban,85+,All,16.18,13.27,19.74,1211,7488
IN-MN,Manipur,Female,Urban,85+,None,22.65,18.57,27.63,339,1497
IN-MN,Manipur,Female,Urban,85+,Primary,16.99,13.93,20.73,254,1497
IN-MN,Manipur,Female,Urban,85+,Middle,12.95,10.62,15.80,193,1497
IN-MN,Manipur,Female,Urban,85+,Secondary,9.71,7.96,11.85,145,1497
IN-MN,Manipur,Female,Urban,85+,Higher,7.28,5.97,8.88,108,1497
IN-MN,Manipur,Female,Rural,60+,All,7.30,5.99,8.91,6453,88400
IN-MN,Manipur,Female,Rural,60+,None,10.21,8.37,12.46,1805,17680
IN-MN,Manipur,Female,Rural,60+,Primary,7.66,6.28,9.35,1354,17680
IN-MN,Manipur,Female,Rural,60+,Middle,5.84,4.79,7.12,1032,17680
IN-MN,Manipur,Female,Rural,60+,Secondary,4.38,3.59,5.34,774,17680
IN-MN,Manipur,Female,Rural,60+,Higher,3.28,2.69,4.00,579,17680
IN-MN,Manipur,Female,Rural,60-64,All,3.28,2.69,4.00,521,15912
IN-MN,Manipur,Female,Rural,60-64,None,4.60,3.77,5.61,146,3182
IN-MN,Manipur,Female,Rural,60-64,Primary,3.45,2.83,4.21,109,3182
IN-MN,Manipur,Female,Rural,60-64,Middle,2.63,2.16,3.21,83,3182
IN-MN,Manipur,Female,Rural,60-64,Secondary,1.97,1.62,2.40,62,3182
IN-MN,Manipur,Female,Rural,60-64,Higher,1.48,1.21,1.81,47,3182
IN-MN,Manipur,Female,Rural,65-69,All,5.47,4.49,6.67,870,15912
IN-MN,Manipur,Female,Rural,65-69,None,7.66,6.28,9.35,243,3182
IN-MN,Manipur,Female,Rural,65-69,Primary,5.75,4.72,7.02,182,3182
IN-MN,Manipur,Female,Rural,65-69,Middle,4.38,3.59,5.34,139,3182
IN-MN,Manipur,Female,Rural,65-69,Secondary,3.28,2.69,4.00,104,3182
IN-MN,Manipur,Female,Rural,65-69,Higher,2.46,2.02,3.00,78,3182
IN-MN,Manipur,Female,Rural,70-74,All,8.39,6.88,10.24,1335,15912
IN-MN,Manipur,Female,Rural,70-74,None,11.75,9.64,14.34,373,3182
IN-MN,Manipur,Female,Rural,70-74,Primary,8.81,7.22,10.75,280,3182
IN-MN,Manipur,Female,Rural,70-74,Middle,6.71,5.50,8.19,213,3182
IN-MN,Manipur,Female,Rural,70-74,Secondary,5.03,4.12,6.14,160,3182
IN-MN,Manipur,Female,Rural,70-74,Higher,3.78,3.10,4.61,120,3182
IN-MN,Manipur,Female,Rural,75-79,All,12.40,10.17,15.13,1973,15912
IN-MN,Manipur,Female,Rural,75-79,None,17.36,14.24,21.18,552,3182
IN-MN,Manipur,Female,Rural,75-79,Primary,13.02,10.68,15.88,414,3182
IN-MN,Manipur,Female,Rural,75-79,Middle,9.92,8.13,12.10,315,3182
IN-MN,Manipur,Female,Rural,75-79,Secondary,7.44,6.10,9.08,236,3182
IN-MN,Manipur,Female,Rural,75-79,Higher,5.58,4.58,6.81,177,3182
IN-MN,Manipur,Female,Rural,80-84,All,17.51,14.36,21.36,2786,15912
IN-MN,Manipur,Female,Rural,80-84,None,24.51,20.10,29.90,779,3182
IN-MN,Manipur,Female,Rural,80-84,Primary,18.38,15.07,22.42,584,3182
IN-MN,Manipur,Female,Rural,80-84,Middle,14.01,11.49,17.09,445,3182
IN-MN,Manipur,Female,Rural,80-84,Secondary,10.51,8.62,12.82,334,3182
IN-MN,Manipur,Female,Rural,80-84,Higher,7.88,6.46,9.61,250,3182
IN-MN,Manipur,Female,Rural,85+,All,24.08,19.75,29.38,3831,15912
IN-MN,Manipur,Female,Rural,85+,None,33.71,27.64,41.13,1072,3182
IN-MN,Manipur,Female,Rural,85+,Primary,25.28,20.73,30.84,804,3182
IN-MN,Manipur,Female,Rural,85+,Middle,19.26,15.79,23.50,612,3182
IN-MN,Manipur,Female,Rural,85+,Secondary,14.45,11.85,17.63,459,3182
IN-MN,Manipur,Female,Rural,85+,Higher,10.83,8.88,13.21,344,3182
IN-NL,Nagaland,Both,All,60+,All,4.60,3.77,5.61,6900,150000
IN-NL,Nagaland,Both,All,60+,None,6.44,5.28,7.86,1932,30000
IN-NL,Nagaland,Both,All,60+,Primary,4.83,3.96,5.89,1449,30000
IN-NL,Nagaland,Both,All,60+,Middle,3.68,3.02,4.49,1104,30000
IN-NL,Nagaland,Both,All,60+,Secondary,2.76,2.26,3.37,828,30000
IN-NL,Nagaland,Both,All,60+,Higher,2.07,1.70,2.53,621,30000
IN-NL,Nagaland,Both,All,60-64,All,2.07,1.70,2.53,558,27000
IN-NL,Nagaland,Both,All,60-64,None,2.90,2.38,3.54,156,5400
IN-NL,Nagaland,Both,All,60-64,Primary,2.17,1.78,2.65,117,5400
IN-NL,Nagaland,Both,All,60-64,Middle,1.66,1.36,2.03,89,5400
IN-NL,Nagaland,Both,All,60-64,Secondary,1.24,1.02,1.51,66,5400
IN-NL,Nagaland,Both,All,60-64,Higher,1.00,0.82,1.22,54,5400
IN-NL,Nagaland,Both,All,65-69,All,3.45,2.83,4.21,931,27000
IN-NL,Nagaland,Both,All,65-69,None,4.83,3.96,5.89,260,5400
IN-NL,Nagaland,Both,All,65-69,Primary,3.62,2.97,4.42,195,5400
IN-NL,Nagaland,Both,All,65-69,Middle,2.76,2.26,3.37,149,5400
IN-NL,Nagaland,Both,All,65-69,Secondary,2.07,1.70,2.53,111,5400
IN-NL,Nagaland,Both,All,65-69,Higher,1.55,1.27,1.89,83,5400
IN-NL,Nagaland,Both,All,70-74,All,5.29,4.34,6.45,1428,27000
IN-NL,Nagaland,Both,All,70-74,None,7.41,6.08,9.04,400,5400
IN-NL,Nagaland,Both,All,70-74,Primary,5.55,4.55,6.77,299,5400
IN-NL,Nagaland,Both,All,70-74,Middle,4.23,3.47,5.16,228,5400
IN-NL,Nagaland,Both,All,70-74,Secondary,3.17,2.60,3.87,171,5400
IN-NL,Nagaland,Both,All,70-74,Higher,2.38,1.95,2.90,128,5400
IN-NL,Nagaland,Both,All,75-79,All,7.82,6.41,9.54,2111,27000
IN-NL,Nagaland,Both,All,75-79,None,10.95,8.98,13.36,591,5400
IN-NL,Nagaland,Both,All,75-79,Primary,8.21,6.73,10.02,443,5400
IN-NL,Nagaland,Both,All,75-79,Middle,6.26,5.13,7.64,338,5400
IN-NL,Nagaland,Both,All,75-79,Secondary,4.69,3.85,5.72,253,5400
IN-NL,Nagaland,Both,All,75-79,Higher,3.52,2.89,4.29,190,5400
IN-NL,Nagaland,Both,All,80-84,All,11.04,9.05,13.47,2980,27000
IN-NL,Nagaland,Both,All,80-84,None,15.46,12.68,18.86,834,5400
IN-NL,Nagaland,Both,All,80-84,Primary,11.59,9.50,14.14,625,5400
IN-NL,Nagaland,Both,All,80-84,Middle,8.83,7.24,10.77,476,5400
IN-NL,Nagaland,Both,All,80-84,Secondary,6.62,5.43,8.08,357,5400
IN-NL,Nagaland,Both,All,80-84,Higher,4.97,4.08,6.06,268,5400
IN-NL,Nagaland,Both,All,85+,All,15.18,12.45,18.52,4098,27000
IN-NL,Nagaland,Both,All,85+,None,21.25,17.43,25.93,1147,5400
IN-NL,Nagaland,Both,All,85+,Primary,15.94,13.07,19.45,860,5400
IN-NL,Nagaland,Both,All,85+,Middle,12.14,9.95,14.81,655,5400
IN-NL,Nagaland,Both,All,85+,Secondary,9.11,7.47,11.11,491,5400
IN-NL,Nagaland,Both,All,85+,Higher,6.83,5.60,8.33,368,5400
IN-NL,Nagaland,Both,Urban,60+,All,3.77,3.09,4.60,1809,48000
IN-NL,Nagaland,Both,Urban,60+,None,5.28,4.33,6.44,506,9600
IN-NL,Nagaland,Both,Urban,60+,Primary,3.96,3.25,4.83,380,9600
IN-NL,Nagaland,Both,Urban,60+,Middle,3.02,2.48,3.68,289,9600
IN-NL,Nagaland,Both,Urban,60+,Secondary,2.26,1.85,2.76,216,9600
IN-NL,Nagaland,Both,Urban,60+,Higher,1.70,1.39,2.07,163,9600
IN-NL,Nagaland,Both,Urban,60-64,All,1.70,1.39,2.07,146,8640
IN-NL,Nagaland,Both,Urban,60-64,None,2.38,1.95,2.90,41,1728
IN-NL,Nagaland,Both,Urban,60-64,Primary,1.78,1.46,2.17,30,1728
IN-NL,Nagaland,Both,Urban,60-64,Middle,1.36,1.12,1.66,23,1728
IN-NL,Nagaland,Both,Urban,60-64,Secondary,1.02,0.84,1.24,17,1728
IN-NL,Nagaland,Both,Urban,60-64,Higher,1.00,0.82,1.22,17,1728
IN-NL,Nagaland,Both,Urban,65-69,All,2.83,2.32,3.45,244,8640
IN-NL,Nagaland,Both,Urban,65-69,None,3.96,3.25,4.83,68,1728
IN-NL,Nagaland,Both,Urban,65-69,Primary,2.97,2.44,3.62,51,1728
IN-NL,Nagaland,Both,Urban,65-69,Middle,2.26,1.85,2.76,39,1728
IN-NL,Nagaland,Both,Urban,65-69,Secondary,1.70,1.39,2.07,29,1728
IN-NL,Nagaland,Both,Urban,65-69,Higher,1.27,1.04,1.55,21,1728
IN-NL,Nagaland,Both,Urban,70-74,All,4.34,3.56,5.29,374,8640
IN-NL,Nagaland,Both,Urban,70-74,None,6.07,4.98,7.41,104,1728
IN-NL,Nagaland,Both,Urban,70-74,Primary,4.55,3.73,5.55,78,1728
IN-NL,Nagaland,Both,Urban,70-74,Middle,3.47,2.85,4.23,59,1728
IN-NL,Nagaland,Both,Urban,70-74,Secondary,2.60,2.13,3.17,44,1728
IN-NL,Nagaland,Both,Urban,70-74,Higher,1.95,1.60,2.38,33,1728
IN-NL,Nagaland,Both,Urban,75-79,All,6.41,5.26,7.82,553,8640
IN-NL,Nagaland,Both,Urban,75-79,None,8.98,7.36,10.96,155,1728
IN-NL,Nagaland,Both,Urban,75-79,Primary,6.73,5.52,8.21,116,1728
IN-NL,Nagaland,Both,Urban,75-79,Middle,5.13,4.21,6.26,88,1728
IN-NL,Nagaland,Both,Urban,75-79,Secondary,3.85,3.16,4.70,66,1728
IN-NL,Nagaland,Both,Urban,75-79,Higher,2.89,2.37,3.53,49,1728
IN-NL,Nagaland,Both,Urban,80-84,All,9.05,7.42,11.04,781,8640
IN-NL,Nagaland,Both,Urban,80-84,None,12.67,10.39,15.46,218,1728
IN-NL,Nagaland,Both,Urban,80-84,Primary,9.51,7.80,11.60,164,1728
IN-NL,Nagaland,Both,Urban,80-84,Middle,7.24,5.94,8.83,125,1728
IN-NL,Nagaland,Both,Urban,80-84,Secondary,5.43,4.45,6.62,93,1728
IN-NL,Nagaland,Both,Urban,80-84,Higher,4.07,3.34,4.97,70,1728
IN-NL,Nagaland,Both,Urban,85+,All,12.45,10.21,15.19,1075,8640
IN-NL,Nagaland,Both,Urban,85+,None,17.43,14.29,21.26,301,1728
IN-NL,Nagaland,Both,Urban,85+,Primary,13.07,10.72,15.95,225,1728
IN-NL,Nagaland,Both,Urban,85+,Middle,9.96,8.17,12.15,172,1728
IN-NL,Nagaland,Both,Urban,85+,Secondary,7.47,6.13,9.11,129,1728
IN-NL,Nagaland,Both,Urban,85+,Higher,5.60,4.59,6.83,96,1728
IN-NL,Nagaland,Both,Rural,60+,All,5.61,4.60,6.84,5722,102000
IN-NL,Nagaland,Both,Rural,60+,None,7.86,6.45,9.59,1603,20400
IN-NL,Nagaland,Both,Rural,60+,Primary,5.89,4.83,7.19,1201,20400
IN-NL,Nagaland,Both,Rural,60+,Middle,4.49,3.68,5.48,915,20400
IN-NL,Nagaland,Both,Rural,60+,Secondary,3.37,2.76,4.11,687,20400
IN-NL,Nagaland,Both,Rural,60+,Higher,2.53,2.07,3.09,516,20400
IN-NL,Nagaland,Both,Rural,60-64,All,2.53,2.07,3.09,464,18360
IN-NL,Nagaland,Both,Rural,60-64,None,3.54,2.90,4.32,129,3672
IN-NL,Nagaland,Both,Rural,60-64,Primary,2.65,2.17,3.23,97,3672
IN-NL,Nagaland,Both,Rural,60-64,Middle,2.02,1.66,2.46,74,3672
IN-NL,Nagaland,Both,Rural,60-64,Secondary,1.52,1.25,1.85,55,3672
IN-NL,Nagaland,Both,Rural,60-64,Higher,1.14,0.93,1.39,41,3672
IN-NL,Nagaland,Both,Rural,65-69,All,4.21,3.45,5.14,772,18360
IN-NL,Nagaland,Both,Rural,65-69,None,5.89,4.83,7.19,216,3672
IN-NL,Nagaland,Both,Rural,65-69,Primary,4.42,3.62,5.39,162,3672
IN-NL,Nagaland,Both,Rural,65-69,Middle,3.37,2.76,4.11,123,3672
IN-NL,Nagaland,Both,Rural,65-69,Secondary,2.53,2.07,3.09,92,3672
IN-NL,Nagaland,Both,Rural,65-69,Higher,1.89,1.55,2.31,69,3672
IN-NL,Nagaland,Both,Rural,70-74,All,6.45,5.29,7.87,1184,18360
IN-NL,Nagaland,Both,Rural,70-74,None,9.04,7.41,11.03,331,3672
IN-NL,Nagaland,Both,Rural,70-74,Primary,6.78,5.56,8.27,248,3672
IN-NL,Nagaland,Both,Rural,70-74,Middle,5.16,4.23,6.30,189,3672
IN-NL,Nagaland,Both,Rural,70-74,Secondary,3.87,3.17,4.72,142,3672
IN-NL,Nagaland,Both,Rural,70-74,Higher,2.90,2.38,3.54,106,3672
IN-NL,Nagaland,Both,Rural,75-79,All,9.54,7.82,11.64,1751,18360
IN-NL,Nagaland,Both,Rural,75-79,None,13.36,10.96,16.30,490,3672
IN-NL,Nagaland,Both,Rural,75-79,Primary,10.02,8.22,12.22,367,3672
IN-NL,Nagaland,Both,Rural,75-79,Middle,7.63,6.26,9.31,280,3672
IN-NL,Nagaland,Both,Rural,75-79,Secondary,5.72,4.69,6.98,210,3672
IN-NL,Nagaland,Both,Rural,75-79,Higher,4.29,3.52,5.23,157,3672
IN-NL,Nagaland,Both,Rural,80-84,All,13.47,11.05,16.43,2473,18360
IN-NL,Nagaland,Both,Rural,80-84,None,18.86,15.47,23.01,692,3672
IN-NL,Nagaland,Both,Rural,80-84,Primary,14.14,11.59,17.25,519,3672
IN-NL,Nagaland,Both,Rural,80-84,Middle,10.78,8.84,13.15,395,3672
IN-NL,Nagaland,Both,Rural,80-84,Secondary,8.08,6.63,9.86,296,3672
IN-NL,Nagaland,Both,Rural,80-84,Higher,6.06,4.97,7.39,222,3672
IN-NL,Nagaland,Both,Rural,85+,All,18.52,15.19,22.59,3400,18360
IN-NL,Nagaland,Both,Rural,85+,None,25.93,21.26,31.63,952,3672
IN-NL,Nagaland,Both,Rural,85+,Primary,19.45,15.95,23.73,714,3672
IN-NL,Nagaland,Both,Rural,85+,Middle,14.82,12.15,18.08,544,3672
IN-NL,Nagaland,Both,Rural,85+,Secondary,11.11,9.11,13.55,407,3672
IN-NL,Nagaland,Both,Rural,85+,Higher,8.33,6.83,10.16,305,3672
IN-NL,Nagaland,Male,All,60+,All,3.91,3.21,4.77,2932,75000
IN-NL,Nagaland,Male,All,60+,None,5.47,4.49,6.67,820,15000
IN-NL,Nagaland,Male,All,60+,Primary,4.11,3.37,5.01,616,15000
IN-NL,Nagaland,Male,All,60+,Middle,3.13,2.57,3.82,469,15000
IN-NL,Nagaland,Male,All,60+,Secondary,2.35,1.93,2.87,352,15000
IN-NL,Nagaland,Male,All,60+,Higher,1.76,1.44,2.15,264,15000
IN-NL,Nagaland,Male,All,60-64,All,1.76,1.44,2.15,237,13500
IN-NL,Nagaland,Male,All,60-64,None,2.46,2.02,3.00,66,2700
IN-NL,Nagaland,Male,All,60-64,Primary,1.85,1.52,2.26,49,2700
IN-NL,Nagaland,Male,All,60-64,Middle,1.41,1.16,1.72,38,2700
IN-NL,Nagaland,Male,All,60-64,Secondary,1.06,0.87,1.29,28,2700
IN-NL,Nagaland,Male,All,60-64,Higher,1.00,0.82,1.22,27,2700
IN-NL,Nagaland,Male,All,65-69,All,2.93,2.40,3.57,395,13500
IN-NL,Nagaland,Male,All,65-69,None,4.11,3.37,5.01,110,2700
IN-NL,Nagaland,Male,All,65-69,Primary,3.08,2.53,3.76,83,2700
IN-NL,Nagaland,Male,All,65-69,Middle,2.35,1.93,2.87,63,2700
IN-NL,Nagaland,Male,All,65-69,Secondary,1.76,1.44,2.15,47,2700
IN-NL,Nagaland,Male,All,65-69,Higher,1.32,1.08,1.61,35,2700
IN-NL,Nagaland,Male,All,70-74,All,4.50,3.69,5.49,607,13500
IN-NL,Nagaland,Male,All,70-74,None,6.30,5.17,7.69,170,2700
IN-NL,Nagaland,Male,All,70-74,Primary,4.72,3.87,5.76,127,2700
IN-NL,Nagaland,Male,All,70-74,Middle,3.60,2.95,4.39,97,2700
IN-NL,Nagaland,Male,All,70-74,Secondary,2.70,2.21,3.29,72,2700
IN-NL,Nagaland,Male,All,70-74,Higher,2.02,1.66,2.46,54,2700
IN-NL,Nagaland,Male,All,75-79,All,6.65,5.45,8.11,897,13500
IN-NL,Nagaland,Male,All,75-79,None,9.31,7.63,11.36,251,2700
IN-NL,Nagaland,Male,All,75-79,Primary,6.98,5.72,8.52,188,2700
IN-NL,Nagaland,Male,All,75-79,Middle,5.32,4.36,6.49,143,2700
IN-NL,Nagaland,Male,All,75-79,Secondary,3.99,3.27,4.87,107,2700
IN-NL,Nagaland,Male,All,75-79,Higher,2.99,2.45,3.65,80,2700
IN-NL,Nagaland,Male,All,80-84,All,9.38,7.69,11.44,1266,13500
IN-NL,Nagaland,Male,All,80-84,None,13.14,10.77,16.03,354,2700
IN-NL,Nagaland,Male,All,80-84,Primary,9.85,8.08,12.02,265,2700
IN-NL,Nagaland,Male,All,80-84,Middle,7.51,6.16,9.16,202,2700
IN-NL,Nagaland,Male,All,80-84,Secondary,5.63,4.62,6.87,152,2700
IN-NL,Nagaland,Male,All,80-84,Higher,4.22,3.46,5.15,113,2700
IN-NL,Nagaland,Male,All,85+,All,12.90,10.58,15.74,1741,13500
IN-NL,Nagaland,Male,All,85+,None,18.06,14.81,22.03,487,2700
IN-NL,Nagaland,Male,All,85+,Primary,13.55,11.11,16.53,365,2700
IN-NL,Nagaland,Male,All,85+,Middle,10.32,8.46,12.59,278,2700
IN-NL,Nagaland,Male,All,85+,Secondary,7.74,6.35,9.44,208,2700
IN-NL,Nagaland,Male,All,85+,Higher,5.81,4.76,7.09,156,2700
IN-NL,Nagaland,Male,Urban,60+,All,3.21,2.63,3.92,770,24000
IN-NL,Nagaland,Male,Urban,60+,None,4.49,3.68,5.48,215,4800
IN-NL,Nagaland,Male,Urban,60+,Primary,3.37,2.76,4.11,161,4800
IN-NL,Nagaland,Male,Urban,60+,Middle,2.56,2.10,3.12,122,4800
IN-NL,Nagaland,Male,Urban,60+,Secondary,1.92,1.57,2.34,92,4800
IN-NL,Nagaland,Male,Urban,60+,Higher,1.44,1.18,1.76,69,4800
IN-NL,Nagaland,Male,Urban,60-64,All,1.44,1.18,1.76,62,4320
IN-NL,Nagaland,Male,Urban,60-64,None,2.02,1.66,2.46,17,864
IN-NL,Nagaland,Male,Urban,60-64,Primary,1.51,1.24,1.84,13,864
IN-NL,Nagaland,Male,Urban,60-64,Middle,1.15,0.94,1.40,9,864
IN-NL,Nagaland,Male,Urban,60-64,Secondary,1.00,0.82,1.22,8,864
IN-NL,Nagaland,Male,Urban,60-64,Higher,1.00,0.82,1.22,8,864
IN-NL,Nagaland,Male,Urban,65-69,All,2.40,1.97,2.93,103,4320
IN-NL,Nagaland,Male,Urban,65-69,None,3.37,2.76,4.11,29,864
IN-NL,Nagaland,Male,Urban,65-69,Primary,2.52,2.07,3.07,21,864
IN-NL,Nagaland,Male,Urban,65-69,Middle,1.92,1.57,2.34,16,864
IN-NL,Nagaland,Male,Urban,65-69,Secondary,1.44,1.18,1.76,12,864
IN-NL,Nagaland,Male,Urban,65-69,Higher,1.08,0.89,1.32,9,864
IN-NL,Nagaland,Male,Urban,70-74,All,3.69,3.03,4.50,159,4320
IN-NL,Nagaland,Male,Urban,70-74,None,5.16,4.23,6.30,44,864
IN-NL,Nagaland,Male,Urban,70-74,Primary,3.87,3.17,4.72,33,864
IN-NL,Nagaland,Male,Urban,70-74,Middle,2.95,2.42,3.60,25,864
IN-NL,Nagaland,Male,Urban,70-74,Secondary,2.21,1.81,2.70,19,864
IN-NL,Nagaland,Male,Urban,70-74,Higher,1.66,1.36,2.03,14,864
IN-NL,Nagaland,Male,Urban,75-79,All,5.45,4.47,6.65,235,4320
IN-NL,Nagaland,Male,Urban,75-79,None,7.63,6.26,9.31,65,864
IN-NL,Nagaland,Male,Urban,75-79,Primary,5.72,4.69,6.98,49,864
IN-NL,Nagaland,Male,Urban,75-79,Middle,4.36,3.58,5.32,37,864
IN-NL,Nagaland,Male,Urban,75-79,Secondary,3.27,2.68,3.99,28,864
IN-NL,Nagaland,Male,Urban,75-79,Higher,2.45,2.01,2.99,21,864
IN-NL,Nagaland,Male,Urban,80-84,All,7.69,6.31,9.38,332,4320
IN-NL,Nagaland,Male,Urban,80-84,None,10.77,8.83,13.14,93,864
IN-NL,Nagaland,Male,Urban,80-84,Primary,8.08,6.63,9.86,69,864
IN-NL,Nagaland,Male,Urban,80-84,Middle,6.16,5.05,7.52,53,864
IN-NL,Nagaland,Male,Urban,80-84,Secondary,4.62,3.79,5.64,39,864
IN-NL,Nagaland,Male,Urban,80-84,Higher,3.46,2.84,4.22,29,864
IN-NL,Nagaland,Male,Urban,85+,All,10.58,8.68,12.91,457,4320
IN-NL,Nagaland,Male,Urban,85+,None,14.81,12.14,18.07,127,864
IN-NL,Nagaland,Male,Urban,85+,Primary,11.11,9.11,13.55,95,864
IN-NL,Nagaland,Male,Urban,85+,Middle,8.46,6.94,10.32,73,864
IN-NL,Nagaland,Male,Urban,85+,Secondary,6.35,5.21,7.75,54,864
IN-NL,Nagaland,Male,Urban,85+,Higher,4.76,3.90,5.81,41,864
IN-NL,Nagaland,Male,Rural,60+,All,4.77,3.91,5.82,2432,51000
IN-NL,Nagaland,Male,Rural,60+,None,6.68,5.48,8.15,681,10200
IN-NL,Nagaland,Male,Rural,60+,Primary,5.01,4.11,6.11,511,10200
IN-NL,Nagaland,Male,Rural,60+,Middle,3.82,3.13,4.66,389,10200
IN-NL,Nagaland,Male,Rural,60+,Secondary,2.86,2.35,3.49,291,10200
IN-NL,Nagaland,Male,Rural,60+,Higher,2.15,1.76,2.62,219,10200
IN-NL,Nagaland,Male,Rural,60-64,All,2.15,1.76,2.62,197,9180
IN-NL,Nagaland,Male,Rural,60-64,None,3.01,2.47,3.67,55,1836
IN-NL,Nagaland,Male,Rural,60-64,Primary,2.25,1.85,2.75,41,1836
IN-NL,Nagaland,Male,Rural,60-64,Middle,1.72,1.41,2.10,31,1836
IN-NL,Nagaland,Male,Rural,60-64,Secondary,1.29,1.06,1.57,23,1836
IN-NL,Nagaland,Male,Rural,60-64,Higher,1.00,0.82,1.22,18,1836
IN-NL,Nagaland,Male,Rural,65-69,All,3.58,2.94,4.37,328,9180
IN-NL,Nagaland,Male,Rural,65-69,None,5.01,4.11,6.11,91,1836
IN-NL,Nagaland,Male,Rural,65-69,Primary,3.76,3.08,4.59,69,1836
IN-NL,Nagaland,Male,Rural,65-69,Middle,2.86,2.35,3.49,52,1836
IN-NL,Nagaland,Male,Rural,65-69,Secondary,2.15,1.76,2.62,39,1836
IN-NL,Nagaland,Male,Rural,65-69,Higher,1.61,1.32,1.96,29,1836
IN-NL,Nagaland,Male,Rural,70-74,All,5.49,4.50,6.70,503,9180
IN-NL,Nagaland,Male,Rural,70-74,None,7.68,6.30,9.37,141,1836
IN-NL,Nagaland,Male,Rural,70-74,Primary,5.76,4.72,7.03,105,1836
IN-NL,Nagaland,Male,Rural,70-74,Middle,4.39,3.60,5.36,80,1836
IN-NL,Nagaland,Male,Rural,70-74,Secondary,3.29,2.70,4.01,60,1836
IN-NL,Nagaland,Male,Rural,70-74,Higher,2.47,2.03,3.01,45,1836
IN-NL,Nagaland,Male,Rural,75-79,All,8.11,6.65,9.89,744,9180
IN-NL,Nagaland,Male,Rural,75-79,None,11.35,9.31,13.85,208,1836
IN-NL,Nagaland,Male,Rural,75-79,Primary,8.51,6.98,10.38,156,1836
IN-NL,Nagaland,Male,Rural,75-79,Middle,6.49,5.32,7.92,119,1836
IN-NL,Nagaland,Male,Rural,75-79,Secondary,4.87,3.99,5.94,89,1836
IN-NL,Nagaland,Male,Rural,75-79,Higher,3.65,2.99,4.45,67,1836
IN-NL,Nagaland,Male,Rural,80-84,All,11.45,9.39,13.97,1051,9180
IN-NL,Nagaland,Male,Rural,80-84,None,16.03,13.14,19.56,294,1836
IN-NL,Nagaland,Male,Rural,80-84,Primary,12.02,9.86,14.66,220,1836
IN-NL,Nagaland,Male,Rural,80-84,Middle,9.16,7.51,11.18,168,1836
IN-NL,Nagaland,Male,Rural,80-84,Secondary,6.87,5.63,8.38,126,1836
IN-NL,Nagaland,Male,Rural,80-84,Higher,5.15,4.22,6.28,94,1836
IN-NL,Nagaland,Male,Rural,85+,All,15.74,12.91,19.20,1444,9180
IN-NL,Nagaland,Male,Rural,85+,None,22.04,18.07,26.89,404,1836
IN-NL,Nagaland,Male,Rural,85+,Primary,16.53,13.55,20.17,303,1836
IN-NL,Nagaland,Male,Rural,85+,Middle,12.59,10.32,15.36,231,1836
IN-NL,Nagaland,Male,Rural,85+,Secondary,9.44,7.74,11.52,173,1836
IN-NL,Nagaland,Male,Rural,85+,Higher,7.08,5.81,8.64,129,1836
IN-NL,Nagaland,Female,All,60+,All,5.29,4.34,6.45,3967,75000
IN-NL,Nagaland,Female,All,60+,None,7.41,6.08,9.04,1111,15000
IN-NL,Nagaland,Female,All,60+,Primary,5.55,4.55,6.77,832,15000
IN-NL,Nagaland,Female,All,60+,Middle,4.23,3.47,5.16,634,15000
IN-NL,Nagaland,Female,All,60+,Secondary,3.17,2.60,3.87,475,15000
IN-NL,Nagaland,Female,All,60+,Higher,2.38,1.95,2.90,357,15000
IN-NL,Nagaland,Female,All,60-64,All,2.38,1.95,2.90,321,13500
IN-NL,Nagaland,Female,All,60-64,None,3.33,2.73,4.06,89,2700
IN-NL,Nagaland,Female,All,60-64,Primary,2.50,2.05,3.05,67,2700
IN-NL,Nagaland,Female,All,60-64,Middle,1.90,1.56,2.32,51,2700
IN-NL,Nagaland,Female,All,60-64,Secondary,1.43,1.17,1.74,38,2700
IN-NL,Nagaland,Female,All,60-64,Higher,1.07,0.88,1.31,28,2700
IN-NL,Nagaland,Female,All,65-69,All,3.97,3.26,4.84,535,13500
IN-NL,Nagaland,Female,All,65-69,None,5.55,4.55,6.77,149,2700
IN-NL,Nagaland,Female,All,65-69,Primary,4.17,3.42,5.09,112,2700
IN-NL,Nagaland,Female,All,65-69,Middle,3.17,2.60,3.87,85,2700
IN-NL,Nagaland,Female,All,65-69,Secondary,2.38,1.95,2.90,64,2700
IN-NL,Nagaland,Female,All,65-69,Higher,1.79,1.47,2.18,48,2700
IN-NL,Nagaland,Female,All,70-74,All,6.08,4.99,7.42,820,13500
IN-NL,Nagaland,Female,All,70-74,None,8.52,6.99,10.39,230,2700
IN-NL,Nagaland,Female,All,70-74,Primary,6.39,5.24,7.80,172,2700
IN-NL,Nagaland,Female,All,70-74,Middle,4.87,3.99,5.94,131,2700
IN-NL,Nagaland,Female,All,70-74,Secondary,3.65,2.99,4.45,98,2700
IN-NL,Nagaland,Female,All,70-74,Higher,2.74,2.25,3.34,73,2700
IN-NL,Nagaland,Female,All,75-79,All,8.99,7.37,10.97,1213,13500
IN-NL,Nagaland,Female,All,75-79,None,12.59,10.32,15.36,339,2700
IN-NL,Nagaland,Female,All,75-79,Primary,9.44,7.74,11.52,254,2700
IN-NL,Nagaland,Female,All,75-79,Middle,7.19,5.90,8.77,194,2700
IN-NL,Nagaland,Female,All,75-79,Secondary,5.40,4.43,6.59,145,2700
IN-NL,Nagaland,Female,All,75-79,Higher,4.05,3.32,4.94,109,2700
IN-NL,Nagaland,Female,All,80-84,All,12.70,10.41,15.49,1714,13500
IN-NL,Nagaland,Female,All,80-84,None,17.77,14.57,21.68,479,2700
IN-NL,Nagaland,Female,All,80-84,Primary,13.33,10.93,16.26,359,2700
IN-NL,Nagaland,Female,All,80-84,Middle,10.16,8.33,12.40,274,2700
IN-NL,Nagaland,Female,All,80-84,Secondary,7.62,6.25,9.30,205,2700
IN-NL,Nagaland,Female,All,80-84,Higher,5.71,4.68,6.97,154,2700
IN-NL,Nagaland,Female,All,85+,All,17.46,14.32,21.30,2357,13500
IN-NL,Nagaland,Female,All,85+,None,24.44,20.04,29.82,659,2700
IN-NL,Nagaland,Female,All,85+,Primary,18.33,15.03,22.36,494,2700
IN-NL,Nagaland,Female,All,85+,Middle,13.97,11.46,17.04,377,2700
IN-NL,Nagaland,Female,All,85+,Secondary,10.47,8.59,12.77,282,2700
IN-NL,Nagaland,Female,All,85+,Higher,7.86,6.45,9.59,212,2700
IN-NL,Nagaland,Female,Urban,60+,All,4.34,3.56,5.29,1041,24000
IN-NL,Nagaland,Female,Urban,60+,None,6.07,4.98,7.41,291,4800
IN-NL,Nagaland,Female,Urban,60+,Primary,4.55,3.73,5.55,218,4800
IN-NL,Nagaland,Female,Urban,60+,Middle,3.47,2.85,4.23,166,4800
IN-NL,Nagaland,Female,Urban,60+,Secondary,2.60,2.13,3.17,124,4800
IN-NL,Nagaland,Female,Urban,60+,Higher,1.95,1.60,2.38,93,4800
IN-NL,Nagaland,Female,Urban,60-64,All,1.95,1.60,2.38,84,4320
IN-NL,Nagaland,Female,Urban,60-64,None,2.73,2.24,3.33,23,864
IN-NL,Nagaland,Female,Urban,60-64,Primary,2.05,1.68,2.50,17,864
IN-NL,Nagaland,Female,Urban,60-64,Middle,1.56,1.28,1.90,13,864
IN-NL,Nagaland,Female,Urban,60-64,Secondary,1.17,0.96,1.43,10,864
IN-NL,Nagaland,Female,Urban,60-64,Higher,1.00,0.82,1.22,8,864
IN-NL,Nagaland,Female,Urban,65-69,All,3.25,2.67,3.97,140,4320
IN-NL,Nagaland,Female,Urban,65-69,None,4.55,3.73,5.55,39,864
IN-NL,Nagaland,Female,Urban,65-69,Primary,3.42,2.80,4.17,29,864
IN-NL,Nagaland,Female,Urban,65-69,Middle,2.60,2.13,3.17,22,864
IN-NL,Nagaland,Female,Urban,65-69,Secondary,1.95,1.60,2.38,16,864
IN-NL,Nagaland,Female,Urban,65-69,Higher,1.46,1.20,1.78,12,864
IN-NL,Nagaland,Female,Urban,70-74,All,4.99,4.09,6.09,215,4320
IN-NL,Nagaland,Female,Urban,70-74,None,6.98,5.72,8.52,60,864
IN-NL,Nagaland,Female,Urban,70-74,Primary,5.24,4.30,6.39,45,864
IN-NL,Nagaland,Female,Urban,70-74,Middle,3.99,3.27,4.87,34,864
IN-NL,Nagaland,Female,Urban,70-74,Secondary,2.99,2.45,3.65,25,864
IN-NL,Nagaland,Female,Urban,70-74,Higher,2.24,1.84,2.73,19,864
IN-NL,Nagaland,Female,Urban,75-79,All,7.37,6.04,8.99,318,4320
IN-NL,Nagaland,Female,Urban,75-79,None,10.32,8.46,12.59,89,864
IN-NL,Nagaland,Female,Urban,75-79,Primary,7.74,6.35,9.44,66,864
IN-NL,Nagaland,Female,Urban,75-79,Middle,5.90,4.84,7.20,50,864
IN-NL,Nagaland,Female,Urban,75-79,Secondary,4.42,3.62,5.39,38,864
IN-NL,Nagaland,Female,Urban,75-79,Higher,3.32,2.72,4.05,28,864
IN-NL,Nagaland,Female,Urban,80-84,All,10.41,8.54,12.70,449,4320
IN-NL,Nagaland,Female,Urban,80-84,None,14.58,11.96,17.79,125,864
IN-NL,Nagaland,Female,Urban,80-84,Primary,10.93,8.96,13.33,94,864
IN-NL,Nagaland,Female,Urban,80-84,Middle,8.33,6.83,10.16,71,864
IN-NL,Nagaland,Female,Urban,80-84,Secondary,6.25,5.13,7.63,54,864
IN-NL,Nagaland,Female,Urban,80-84,Higher,4.68,3.84,5.71,40,864
IN-NL,Nagaland,Female,Urban,85+,All,14.31,11.73,17.46,618,4320
IN-NL,Nagaland,Female,Urban,85+,None,20.04,16.43,24.45,173,864
IN-NL,Nagaland,Female,Urban,85+,Primary,15.03,12.32,18.34,129,864
IN-NL,Nagaland,Female,Urban,85+,Middle,11.45,9.39,13.97,98,864
IN-NL,Nagaland,Female,Urban,85+,Secondary,8.59,7.04,10.48,74,864
IN-NL,Nagaland,Female,Urban,85+,Higher,6.44,5.28,7.86,55,864
IN-NL,Nagaland,Female,Rural,60+,All,6.45,5.29,7.87,3289,51000
IN-NL,Nagaland,Female,Rural,60+,None,9.04,7.41,11.03,922,10200
IN-NL,Nagaland,Female,Rural,60+,Primary,6.78,5.56,8.27,691,10200
IN-NL,Nagaland,Female,Rural,60+,Middle,5.16,4.23,6.30,526,10200
IN-NL,Nagaland,Female,Rural,60+,Secondary,3.87,3.17,4.72,394,10200
IN-NL,Nagaland,Female,Rural,60+,Higher,2.90,2.38,3.54,295,10200
IN-NL,Nagaland,Female,Rural,60-64,All,2.90,2.38,3.54,266,9180
IN-NL,Nagaland,Female,Rural,60-64,None,4.07,3.34,4.97,74,1836
IN-NL,Nagaland,Female,Rural,60-64,Primary,3.05,2.50,3.72,55,1836
IN-NL,Nagaland,Female,Rural,60-64,Middle,2.32,1.90,2.83,42,1836
IN-NL,Nagaland,Female,Rural,60-64,Secondary,1.74,1.43,2.12,31,1836
IN-NL,Nagaland,Female,Rural,60-64,Higher,1.31,1.07,1.60,24,1836
IN-NL,Nagaland,Female,Rural,65-69,All,4.84,3.97,5.90,444,9180
IN-NL,Nagaland,Female,Rural,65-69,None,6.78,5.56,8.27,124,1836
IN-NL,Nagaland,Female,Rural,65-69,Primary,5.08,4.17,6.20,93,1836
IN-NL,Nagaland,Female,Rural,65-69,Middle,3.87,3.17,4.72,71,1836
IN-NL,Nagaland,Female,Rural,65-69,Secondary,2.90,2.38,3.54,53,1836
IN-NL,Nagaland,Female,Rural,65-69,Higher,2.18,1.79,2.66,40,1836
IN-NL,Nagaland,Female,Rural,70-74,All,7.42,6.08,9.05,681,9180
IN-NL,Nagaland,Female,Rural,70-74,None,10.39,8.52,12.68,190,1836
IN-NL,Nagaland,Female,Rural,70-74,Primary,7.79,6.39,9.50,143,1836
IN-NL,Nagaland,Female,Rural,70-74,Middle,5.94,4.87,7.25,109,1836
IN-NL,Nagaland,Female,Rural,70-74,Secondary,4.45,3.65,5.43,81,1836
IN-NL,Nagaland,Female,Rural,70-74,Higher,3.34,2.74,4.07,61,1836
IN-NL,Nagaland,Female,Rural,75-79,All,10.97,9.00,13.38,1007,9180
IN-NL,Nagaland,Female,Rural,75-79,None,15.36,12.60,18.74,282,1836
IN-NL,Nagaland,Female,Rural,75-79,Primary,11.52,9.45,14.05,211,1836
IN-NL,Nagaland,Female,Rural,75-79,Middle,8.78,7.20,10.71,161,1836
IN-NL,Nagaland,Female,Rural,75-79,Secondary,6.58,5.40,8.03,120,1836
IN-NL,Nagaland,Female,Rural,75-79,Higher,4.94,4.05,6.03,90,1836
IN-NL,Nagaland,Female,Rural,80-84,All,15.49,12.70,18.90,1421,9180
IN-NL,Nagaland,Female,Rural,80-84,None,21.68,17.78,26.45,398,1836
IN-NL,Nagaland,Female,Rural,80-84,Primary,16.26,13.33,19.84,298,1836
IN-NL,Nagaland,Female,Rural,80-84,Middle,12.39,10.16,15.12,227,1836
IN-NL,Nagaland,Female,Rural,80-84,Secondary,9.29,7.62,11.33,170,1836
IN-NL,Nagaland,Female,Rural,80-84,Higher,6.97,5.72,8.50,127,1836
IN-NL,Nagaland,Female,Rural,85+,All,21.30,17.47,25.99,1955,9180
IN-NL,Nagaland,Female,Rural,85+,None,29.82,24.45,36.38,547,1836
IN-NL,Nagaland,Female,Rural,85+,Primary,22.36,18.34,27.28,410,1836
IN-NL,Nagaland,Female,Rural,85+,Middle,17.04,13.97,20.79,312,1836
IN-NL,Nagaland,Female,Rural,85+,Secondary,12.78,10.48,15.59,234,1836
IN-NL,Nagaland,Female,Rural,85+,Higher,9.58,7.86,11.69,175,1836
IN-MZ,Mizoram,Both,All,60+,All,4.70,3.85,5.73,4465,95000
IN-MZ,Mizoram,Both,All,60+,None,6.58,5.40,8.03,1250,19000
IN-MZ,Mizoram,Both,All,60+,Primary,4.94,4.05,6.03,938,19000
IN-MZ,Mizoram,Both,All,60+,Middle,3.76,3.08,4.59,714,19000
IN-MZ,Mizoram,Both,All,60+,Secondary,2.82,2.31,3.44,535,19000
IN-MZ,Mizoram,Both,All,60+,Higher,2.12,1.74,2.59,402,19000
IN-MZ,Mizoram,Both,All,60-64,All,2.12,1.74,2.59,362,17100
IN-MZ,Mizoram,Both,All,60-64,None,2.96,2.43,3.61,101,3419
IN-MZ,Mizoram,Both,All,60-64,Primary,2.22,1.82,2.71,75,3419
IN-MZ,Mizoram,Both,All,60-64,Middle,1.69,1.39,2.06,57,3419
IN-MZ,Mizoram,Both,All,60-64,Secondary,1.27,1.04,1.55,43,3419
IN-MZ,Mizoram,Both,All,60-64,Higher,1.00,0.82,1.22,34,3419
IN-MZ,Mizoram,Both,All,65-69,All,3.53,2.89,4.31,603,17100
IN-MZ,Mizoram,Both,All,65-69,None,4.93,4.04,6.01,168,3419
IN-MZ,Mizoram,Both,All,65-69,Primary,3.70,3.03,4.51,126,3419
IN-MZ,Mizoram,Both,All,65-69,Middle,2.82,2.31,3.44,96,3419
IN-MZ,Mizoram,Both,All,65-69,Secondary,2.11,1.73,2.57,72,3419
IN-MZ,Mizoram,Both,All,65-69,Higher,1.59,1.30,1.94,54,3419
IN-MZ,Mizoram,Both,All,70-74,All,5.40,4.43,6.59,923,17100
IN-MZ,Mizoram,Both,All,70-74,None,7.57,6.21,9.24,258,3419
IN-MZ,Mizoram,Both,All,70-74,Primary,5.68,4.66,6.93,194,3419
IN-MZ,Mizoram,Both,All,70-74,Middle,4.32,3.54,5.27,147,3419
IN-MZ,Mizoram,Both,All,70-74,Secondary,3.24,2.66,3.95,110,3419
IN-MZ,Mizoram,Both,All,70-74,Higher,2.43,1.99,2.96,83,3419
IN-MZ,Mizoram,Both,All,75-79,All,7.99,6.55,9.75,1366,17100
IN-MZ,Mizoram,Both,All,75-79,None,11.19,9.18,13.65,382,3419
IN-MZ,Mizoram,Both,All,75-79,Primary,8.39,6.88,10.24,286,3419
IN-MZ,Mizoram,Both,All,75-79,Middle,6.39,5.24,7.80,218,3419
IN-MZ,Mizoram,Both,All,75-79,Secondary,4.79,3.93,5.84,163,3419
IN-MZ,Mizoram,Both,All,75-79,Higher,3.60,2.95,4.39,123,3419
IN-MZ,Mizoram,Both,All,80-84,All,11.28,9.25,13.76,1928,17100
IN-MZ,Mizoram,Both,All,80-84,None,15.79,12.95,19.26,539,3419
IN-MZ,Mizoram,Both,All,80-84,Primary,11.84,9.71,14.44,404,3419
IN-MZ,Mizoram,Both,All,80-84,Middle,9.02,7.40,11.00,308,3419
IN-MZ,Mizoram,Both,All,80-84,Secondary,6.77,5.55,8.26,231,3419
IN-MZ,Mizoram,Both,All,80-84,Higher,5.08,4.17,6.20,173,3419
IN-MZ,Mizoram,Both,All,85+,All,15.51,12.72,18.92,2652,17100
IN-MZ,Mizoram,Both,All,85+,None,21.71,17.80,26.49,742,3419
IN-MZ,Mizoram,Both,All,85+,Primary,16.29,13.36,19.87,556,3419
IN-MZ,Mizoram,Both,All,85+,Middle,12.41,10.18,15.14,424,3419
IN-MZ,Mizoram,Both,All,85+,Secondary,9.31,7.63,11.36,318,3419
IN-MZ,Mizoram,Both,All,85+,Higher,6.98,5.72,8.52,238,3419
IN-MZ,Mizoram,Both,Urban,60+,All,3.85,3.16,4.70,1170,30400
IN-MZ,Mizoram,Both,Urban,60+,None,5.40,4.43,6.59,328,6080
IN-MZ,Mizoram,Both,Urban,60+,Primary,4.05,3.32,4.94,246,6080
IN-MZ,Mizoram,Both,Urban,60+,Middle,3.08,2.53,3.76,187,6080
IN-MZ,Mizoram,Both,Urban,60+,Secondary,2.31,1.89,2.82,140,6080
IN-MZ,Mizoram,Both,Urban,60+,Higher,1.73,1.42,2.11,105,6080
IN-MZ,Mizoram,Both,Urban,60-64,All,1.73,1.42,2.11,94,5472
IN-MZ,Mizoram,Both,Urban,60-64,None,2.43,1.99,2.96,26,1094
IN-MZ,Mizoram,Both,Urban,60-64,Primary,1.82,1.49,2.22,19,1094
IN-MZ,Mizoram,Both,Urban,60-64,Middle,1.39,1.14,1.70,15,1094
IN-MZ,Mizoram,Both,Urban,60-64,Secondary,1.04,0.85,1.27,11,1094
IN-MZ,Mizoram,Both,Urban,60-64,Higher,1.00,0.82,1.22,10,1094
IN-MZ,Mizoram,Both,Urban,65-69,All,2.89,2.37,3.53,158,5472
IN-MZ,Mizoram,Both,Urban,65-69,None,4.05,3.32,4.94,44,1094
IN-MZ,Mizoram,Both,Urban,65-69,Primary,3.04,2.49,3.71,33,1094
IN-MZ,Mizoram,Both,Urban,65-69,Middle,2.31,1.89,2.82,25,1094
IN-MZ,Mizoram,Both,Urban,65-69,Secondary,1.73,1.42,2.11,18,1094
IN-MZ,Mizoram,Both,Urban,65-69,Higher,1.30,1.07,1.59,14,1094
IN-MZ,Mizoram,Both,Urban,70-74,All,4.43,3.63,5.40,242,5472
IN-MZ,Mizoram,Both,Urban,70-74,None,6.20,5.08,7.56,67,1094
IN-MZ,Mizoram,Both,Urban,70-74,Primary,4.65,3.81,5.67,50,1094
IN-MZ,Mizoram,Both,Urban,70-74,Middle,3.55,2.91,4.33,38,1094
IN-MZ,Mizoram,Both,Urban,70-74,Secondary,2.66,2.18,3.25,29,1094
IN-MZ,Mizoram,Both,Urban,70-74,Higher,1.99,1.63,2.43,21,1094
IN-MZ,Mizoram,Both,Urban,75-79,All,6.55,5.37,7.99,358,5472
IN-MZ,Mizoram,Both,Urban,75-79,None,9.17,7.52,11.19,100,1094
IN-MZ,Mizoram,Both,Urban,75-79,Primary,6.88,5.64,8.39,75,1094
IN-MZ,Mizoram,Both,Urban,75-79,Middle,5.24,4.30,6.39,57,1094
IN-MZ,Mizoram,Both,Urban,75-79,Secondary,3.93,3.22,4.79,42,1094
IN-MZ,Mizoram,Both,Urban,75-79,Higher,2.95,2.42,3.60,32,1094
IN-MZ,Mizoram,Both,Urban,80-84,All,9.25,7.59,11.29,506,5472
IN-MZ,Mizoram,Both,Urban,80-84,None,12.95,10.62,15.80,141,1094
IN-MZ,Mizoram,Both,Urban,80-84,Primary,9.71,7.96,11.85,106,1094
IN-MZ,Mizoram,Both,Urban,80-84,Middle,7.40,6.07,9.03,80,1094
IN-MZ,Mizoram,Both,Urban,80-84,Secondary,5.55,4.55,6.77,60,1094
IN-MZ,Mizoram,Both,Urban,80-84,Higher,4.16,3.41,5.08,45,1094
IN-MZ,Mizoram,Both,Urban,85+,All,12.72,10.43,15.52,696,5472
IN-MZ,Mizoram,Both,Urban,85+,None,17.81,14.60,21.73,194,1094
IN-MZ,Mizoram,Both,Urban,85+,Primary,13.35,10.95,16.29,146,1094
IN-MZ,Mizoram,Both,Urban,85+,Middle,10.17,8.34,12.41,111,1094
IN-MZ,Mizoram,Both,Urban,85+,Secondary,7.63,6.26,9.31,83,1094
IN-MZ,Mizoram,Both,Urban,85+,Higher,5.72,4.69,6.98,62,1094
IN-MZ,Mizoram,Both,Rural,60+,All,5.73,4.70,6.99,3701,64600
IN-MZ,Mizoram,Both,Rural,60+,None,8.03,6.58,9.80,1037,12920
IN-MZ,Mizoram,Both,Rural,60+,Primary,6.02,4.94,7.34,777,12920
IN-MZ,Mizoram,Both,Rural,60+,Middle,4.59,3.76,5.60,593,12920
IN-MZ,Mizoram,Both,Rural,60+,Secondary,3.44,2.82,4.20,444,12920
IN-MZ,Mizoram,Both,Rural,60+,Higher,2.58,2.12,3.15,333,12920
IN-MZ,Mizoram,Both,Rural,60-64,All,2.58,2.12,3.15,300,11628
IN-MZ,Mizoram,Both,Rural,60-64,None,3.61,2.96,4.40,83,2325
IN-MZ,Mizoram,Both,Rural,60-64,Primary,2.71,2.22,3.31,63,2325
IN-MZ,Mizoram,Both,Rural,60-64,Middle,2.06,1.69,2.51,47,2325
IN-MZ,Mizoram,Both,Rural,60-64,Secondary,1.55,1.27,1.89,36,2325
IN-MZ,Mizoram,Both,Rural,60-64,Higher,1.16,0.95,1.42,26,2325
IN-MZ,Mizoram,Both,Rural,65-69,All,4.30,3.53,5.25,500,11628
IN-MZ,Mizoram,Both,Rural,65-69,None,6.02,4.94,7.34,139,2325
IN-MZ,Mizoram,Both,Rural,65-69,Primary,4.52,3.71,5.51,105,2325
IN-MZ,Mizoram,Both,Rural,65-69,Middle,3.44,2.82,4.20,79,2325
IN-MZ,Mizoram,Both,Rural,65-69,Secondary,2.58,2.12,3.15,59,2325
IN-MZ,Mizoram,Both,Rural,65-69,Higher,1.94,1.59,2.37,45,2325
IN-MZ,Mizoram,Both,Rural,70-74,All,6.59,5.40,8.04,766,11628
IN-MZ,Mizoram,Both,Rural,70-74,None,9.23,7.57,11.26,214,2325
IN-MZ,Mizoram,Both,Rural,70-74,Primary,6.92,5.67,8.44,160,2325
IN-MZ,Mizoram,Both,Rural,70-74,Middle,5.28,4.33,6.44,122,2325
IN-MZ,Mizoram,Both,Rural,70-74,Secondary,3.96,3.25,4.83,92,2325
IN-MZ,Mizoram,Both,Rural,70-74,Higher,2.97,2.44,3.62,69,2325
IN-MZ,Mizoram,Both,Rural,75-79,All,9.75,7.99,11.90,1133,11628
IN-MZ,Mizoram,Both,Rural,75-79,None,13.65,11.19,16.65,317,2325
IN-MZ,Mizoram,Both,Rural,75-79,Primary,10.24,8.40,12.49,238,2325
IN-MZ,Mizoram,Both,Rural,75-79,Middle,7.80,6.40,9.52,181,2325
IN-MZ,Mizoram,Both,Rural,75-79,Secondary,5.85,4.80,7.14,136,2325
IN-MZ,Mizoram,Both,Rural,75-79,Higher,4.39,3.60,5.36,102,2325
IN-MZ,Mizoram,Both,Rural,80-84,All,13.76,11.28,16.79,1600,11628
IN-MZ,Mizoram,Both,Rural,80-84,None,19.27,15.80,23.51,448,2325
IN-MZ,Mizoram,Both,Rural,80-84,Primary,14.45,11.85,17.63,335,2325
IN-MZ,Mizoram,Both,Rural,80-84,Middle,11.01,9.03,13.43,255,2325
IN-MZ,Mizoram,Both,Rural,80-84,Secondary,8.26,6.77,10.08,192,2325
IN-MZ,Mizoram,Both,Rural,80-84,Higher,6.19,5.08,7.55,143,2325
IN-MZ,Mizoram,Both,Rural,85+,All,18.92,15.51,23.08,2200,11628
IN-MZ,Mizoram,Both,Rural,85+,None,26.49,21.72,32.32,615,2325
IN-MZ,Mizoram,Both,Rural,85+,Primary,19.87,16.29,24.24,461,2325
IN-MZ,Mizoram,Both,Rural,85+,Middle,15.14,12.41,18.47,352,2325
IN-MZ,Mizoram,Both,Rural,85+,Secondary,11.35,9.31,13.85,263,2325
IN-MZ,Mizoram,Both,Rural,85+,Higher,8.51,6.98,10.38,197,2325
IN-MZ,Mizoram,Male,All,60+,All,4.00,3.28,4.88,1900,47500
IN-MZ,Mizoram,Male,All,60+,None,5.59,4.58,6.82,531,9500
IN-MZ,Mizoram,Male,All,60+,Primary,4.19,3.44,5.11,398,9500
IN-MZ,Mizoram,Male,All,60+,Middle,3.20,2.62,3.90,304,9500
IN-MZ,Mizoram,Male,All,60+,Secondary,2.40,1.97,2.93,228,9500
IN-MZ,Mizoram,Male,All,60+,Higher,1.80,1.48,2.20,171,9500
IN-MZ,Mizoram,Male,All,60-64,All,1.80,1.48,2.20,153,8550
IN-MZ,Mizoram,Male,All,60-64,None,2.52,2.07,3.07,43,1709
IN-MZ,Mizoram,Male,All,60-64,Primary,1.89,1.55,2.31,32,1709
IN-MZ,Mizoram,Male,All,60-64,Middle,1.44,1.18,1.76,24,1709
IN-MZ,Mizoram,Male,All,60-64,Secondary,1.08,0.89,1.32,18,1709
IN-MZ,Mizoram,Male,All,60-64,Higher,1.00,0.82,1.22,17,1709
IN-MZ,Mizoram,Male,All,65-69,All,3.00,2.46,3.66,256,8550
IN-MZ,Mizoram,Male,All,65-69,None,4.19,3.44,5.11,71,1709
IN-MZ,Mizoram,Male,All,65-69,Primary,3.15,2.58,3.84,53,1709
IN-MZ,Mizoram,Male,All,65-69,Middle,2.40,1.97,2.93,41,1709
IN-MZ,Mizoram,Male,All,65-69,Secondary,1.80,1.48,2.20,30,1709
IN-MZ,Mizoram,Male,All,65-69,Higher,1.35,1.11,1.65,23,1709
IN-MZ,Mizoram,Male,All,70-74,All,4.59,3.76,5.60,392,8550
IN-MZ,Mizoram,Male,All,70-74,None,6.43,5.27,7.84,109,1709
IN-MZ,Mizoram,Male,All,70-74,Primary,4.82,3.95,5.88,82,1709
IN-MZ,Mizoram,Male,All,70-74,Middle,3.68,3.02,4.49,62,1709
IN-MZ,Mizoram,Male,All,70-74,Secondary,2.76,2.26,3.37,47,1709
IN-MZ,Mizoram,Male,All,70-74,Higher,2.07,1.70,2.53,35,1709
IN-MZ,Mizoram,Male,All,75-79,All,6.79,5.57,8.28,580,8550
IN-MZ,Mizoram,Male,All,75-79,None,9.51,7.80,11.60,162,1709
IN-MZ,Mizoram,Male,All,75-79,Primary,7.13,5.85,8.70,121,1709
IN-MZ,Mizoram,Male,All,75-79,Middle,5.43,4.45,6.62,92,1709
IN-MZ,Mizoram,Male,All,75-79,Secondary,4.07,3.34,4.97,69,1709
IN-MZ,Mizoram,Male,All,75-79,Higher,3.06,2.51,3.73,52,1709
IN-MZ,Mizoram,Male,All,80-84,All,9.59,7.86,11.70,819,8550
IN-MZ,Mizoram,Male,All,80-84,None,13.42,11.00,16.37,229,1709
IN-MZ,Mizoram,Male,All,80-84,Primary,10.07,8.26,12.29,172,1709
IN-MZ,Mizoram,Male,All,80-84,Middle,7.67,6.29,9.36,131,1709
IN-MZ,Mizoram,Male,All,80-84,Secondary,5.75,4.72,7.02,98,1709
IN-MZ,Mizoram,Male,All,80-84,Higher,4.31,3.53,5.26,73,1709
IN-MZ,Mizoram,Male,All,85+,All,13.18,10.81,16.08,1126,8550
IN-MZ,Mizoram,Male,All,85+,None,18.46,15.14,22.52,315,1709
IN-MZ,Mizoram,Male,All,85+,Primary,13.84,11.35,16.88,236,1709
IN-MZ,Mizoram,Male,All,85+,Middle,10.55,8.65,12.87,180,1709
IN-MZ,Mizoram,Male,All,85+,Secondary,7.91,6.49,9.65,135,1709
IN-MZ,Mizoram,Male,All,85+,Higher,5.93,4.86,7.23,101,1709
IN-MZ,Mizoram,Male,Urban,60+,All,3.28,2.69,4.00,498,15200
IN-MZ,Mizoram,Male,Urban,60+,None,4.59,3.76,5.60,139,3040
IN-MZ,Mizoram,Male,Urban,60+,Primary,3.44,2.82,4.20,104,3040
IN-MZ,Mizoram,Male,Urban,60+,Middle,2.62,2.15,3.20,79,3040
IN-MZ,Mizoram,Male,Urban,60+,Secondary,1.97,1.62,2.40,59,3040
IN-MZ,Mizoram,Male,Urban,60+,Higher,1.47,1.21,1.79,44,3040
IN-MZ,Mizoram,Male,Urban,60-64,All,1.47,1.21,1.79,40,2736
IN-MZ,Mizoram,Male,Urban,60-64,None,2.06,1.69,2.51,11,547
IN-MZ,Mizoram,Male,Urban,60-64,Primary,1.55,1.27,1.89,8,547
IN-MZ,Mizoram,Male,Urban,60-64,Middle,1.18,0.97,1.44,6,547
IN-MZ,Mizoram,Male,Urban,60-64,Secondary,1.00,0.82,1.22,5,547
IN-MZ,Mizoram,Male,Urban,60-64,Higher,1.00,0.82,1.22,5,547
IN-MZ,Mizoram,Male,Urban,65-69,All,2.46,2.02,3.00,67,2736
IN-MZ,Mizoram,Male,Urban,65-69,None,3.44,2.82,4.20,18,547
IN-MZ,Mizoram,Male,Urban,65-69,Primary,2.58,2.12,3.15,14,547
IN-MZ,Mizoram,Male,Urban,65-69,Middle,1.97,1.62,2.40,10,547
IN-MZ,Mizoram,Male,Urban,65-69,Secondary,1.47,1.21,1.79,8,547
IN-MZ,Mizoram,Male,Urban,65-69,Higher,1.11,0.91,1.35,6,547
IN-MZ,Mizoram,Male,Urban,70-74,All,3.77,3.09,4.60,103,2736
IN-MZ,Mizoram,Male,Urban,70-74,None,5.27,4.32,6.43,28,547
IN-MZ,Mizoram,Male,Urban,70-74,Primary,3.96,3.25,4.83,21,547
IN-MZ,Mizoram,Male,Urban,70-74,Middle,3.01,2.47,3.67,16,547
IN-MZ,Mizoram,Male,Urban,70-74,Secondary,2.26,1.85,2.76,12,547
IN-MZ,Mizoram,Male,Urban,70-74,Higher,1.70,1.39,2.07,9,547
IN-MZ,Mizoram,Male,Urban,75-79,All,5.57,4.57,6.80,152,2736
IN-MZ,Mizoram,Male,Urban,75-79,None,7.80,6.40,9.52,42,547
IN-MZ,Mizoram,Male,Urban,75-79,Primary,5.85,4.80,7.14,31,547
IN-MZ,Mizoram,Male,Urban,75-79,Middle,4.46,3.66,5.44,24,547
IN-MZ,Mizoram,Male,Urban,75-79,Secondary,3.34,2.74,4.07,18,547
IN-MZ,Mizoram,Male,Urban,75-79,Higher,2.51,2.06,3.06,13,547
IN-MZ,Mizoram,Male,Urban,80-84,All,7.86,6.45,9.59,215,2736
IN-MZ,Mizoram,Male,Urban,80-84,None,11.01,9.03,13.43,60,547
IN-MZ,Mizoram,Male,Urban,80-84,Primary,8.26,6.77,10.08,45,547
IN-MZ,Mizoram,Male,Urban,80-84,Middle,6.29,5.16,7.67,34,547
IN-MZ,Mizoram,Male,Urban,80-84,Secondary,4.72,3.87,5.76,25,547
IN-MZ,Mizoram,Male,Urban,80-84,Higher,3.54,2.90,4.32,19,547
IN-MZ,Mizoram,Male,Urban,85+,All,10.81,8.86,13.19,295,2736
IN-MZ,Mizoram,Male,Urban,85+,None,15.13,12.41,18.46,82,547
IN-MZ,Mizoram,Male,Urban,85+,Primary,11.35,9.31,13.85,62,547
IN-MZ,Mizoram,Male,Urban,85+,Middle,8.65,7.09,10.55,47,547
IN-MZ,Mizoram,Male,Urban,85+,Secondary,6.49,5.32,7.92,35,547
IN-MZ,Mizoram,Male,Urban,85+,Higher,4.86,3.99,5.93,26,547
IN-MZ,Mizoram,Male,Rural,60+,All,4.87,3.99,5.94,1573,32300
IN-MZ,Mizoram,Male,Rural,60+,None,6.82,5.59,8.32,440,6460
IN-MZ,Mizoram,Male,Rural,60+,Primary,5.12,4.20,6.25,330,6460
IN-MZ,Mizoram,Male,Rural,60+,Middle,3.90,3.20,4.76,251,6460
IN-MZ,Mizoram,Male,Rural,60+,Secondary,2.92,2.39,3.56,188,6460
IN-MZ,Mizoram,Male,Rural,60+,Higher,2.19,1.80,2.67,141,6460
IN-MZ,Mizoram,Male,Rural,60-64,All,2.19,1.80,2.67,127,5814
IN-MZ,Mizoram,Male,Rural,60-64,None,3.07,2.52,3.75,35,1162
IN-MZ,Mizoram,Male,Rural,60-64,Primary,2.30,1.89,2.81,26,1162
IN-MZ,Mizoram,Male,Rural,60-64,Middle,1.75,1.43,2.13,20,1162
IN-MZ,Mizoram,Male,Rural,60-64,Secondary,1.32,1.08,1.61,15,1162
IN-MZ,Mizoram,Male,Rural,60-64,Higher,1.00,0.82,1.22,11,1162
IN-MZ,Mizoram,Male,Rural,65-69,All,3.66,3.00,4.47,212,5814
IN-MZ,Mizoram,Male,Rural,65-69,None,5.12,4.20,6.25,59,1162
IN-MZ,Mizoram,Male,Rural,65-69,Primary,3.84,3.15,4.68,44,1162
IN-MZ,Mizoram,Male,Rural,65-69,Middle,2.92,2.39,3.56,33,1162
IN-MZ,Mizoram,Male,Rural,65-69,Secondary,2.19,1.80,2.67,25,1162
IN-MZ,Mizoram,Male,Rural,65-69,Higher,1.64,1.34,2.00,19,1162
IN-MZ,Mizoram,Male,Rural,70-74,All,5.60,4.59,6.83,325,5814
IN-MZ,Mizoram,Male,Rural,70-74,None,7.85,6.44,9.58,91,1162
IN-MZ,Mizoram,Male,Rural,70-74,Primary,5.89,4.83,7.19,68,1162
IN-MZ,Mizoram,Male,Rural,70-74,Middle,4.48,3.67,5.47,52,1162
IN-MZ,Mizoram,Male,Rural,70-74,Secondary,3.36,2.76,4.10,39,1162
IN-MZ,Mizoram,Male,Rural,70-74,Higher,2.52,2.07,3.07,29,1162
IN-MZ,Mizoram,Male,Rural,75-79,All,8.29,6.80,10.11,481,5814
IN-MZ,Mizoram,Male,Rural,75-79,None,11.60,9.51,14.15,134,1162
IN-MZ,Mizoram,Male,Rural,75-79,Primary,8.70,7.13,10.61,101,1162
IN-MZ,Mizoram,Male,Rural,75-79,Middle,6.63,5.44,8.09,77,1162
IN-MZ,Mizoram,Male,Rural,75-79,Secondary,4.97,4.08,6.06,57,1162
IN-MZ,Mizoram,Male,Rural,75-79,Higher,3.73,3.06,4.55,43,1162
IN-MZ,Mizoram,Male,Rural,80-84,All,11.70,9.59,14.27,680,5814
IN-MZ,Mizoram,Male,Rural,80-84,None,16.38,13.43,19.98,190,1162
IN-MZ,Mizoram,Male,Rural,80-84,Primary,12.28,10.07,14.98,142,1162
IN-MZ,Mizoram,Male,Rural,80-84,Middle,9.36,7.68,11.42,108,1162
IN-MZ,Mizoram,Male,Rural,80-84,Secondary,7.02,5.76,8.56,81,1162
IN-MZ,Mizoram,Male,Rural,80-84,Higher,5.26,4.31,6.42,61,1162
IN-MZ,Mizoram,Male,Rural,85+,All,16.08,13.19,19.62,934,5814
IN-MZ,Mizoram,Male,Rural,85+,None,22.52,18.47,27.47,261,1162
IN-MZ,Mizoram,Male,Rural,85+,Primary,16.89,13.85,20.61,196,1162
IN-MZ,Mizoram,Male,Rural,85+,Middle,12.87,10.55,15.70,149,1162
IN-MZ,Mizoram,Male,Rural,85+,Secondary,9.65,7.91,11.77,112,1162
IN-MZ,Mizoram,Male,Rural,85+,Higher,7.24,5.94,8.83,84,1162
IN-MZ,Mizoram,Female,All,60+,All,5.40,4.43,6.59,2565,47500
IN-MZ,Mizoram,Female,All,60+,None,7.57,6.21,9.24,719,9500
IN-MZ,Mizoram,Female,All,60+,Primary,5.68,4.66,6.93,539,9500
IN-MZ,Mizoram,Female,All,60+,Middle,4.32,3.54,5.27,410,9500
IN-MZ,Mizoram,Female,All,60+,Secondary,3.24,2.66,3.95,307,9500
IN-MZ,Mizoram,Female,All,60+,Higher,2.43,1.99,2.96,230,9500
IN-MZ,Mizoram,Female,All,60-64,All,2.43,1.99,2.96,207,8550
IN-MZ,Mizoram,Female,All,60-64,None,3.41,2.80,4.16,58,1709
IN-MZ,Mizoram,Female,All,60-64,Primary,2.55,2.09,3.11,43,1709
IN-MZ,Mizoram,Female,All,60-64,Middle,1.95,1.60,2.38,33,1709
IN-MZ,Mizoram,Female,All,60-64,Secondary,1.46,1.20,1.78,24,1709
IN-MZ,Mizoram,Female,All,60-64,Higher,1.09,0.89,1.33,18,1709
IN-MZ,Mizoram,Female,All,65-69,All,4.05,3.32,4.94,346,8550
IN-MZ,Mizoram,Female,All,65-69,None,5.68,4.66,6.93,97,1709
IN-MZ,Mizoram,Female,All,65-69,Primary,4.26,3.49,5.20,72,1709
IN-MZ,Mizoram,Female,All,65-69,Middle,3.24,2.66,3.95,55,1709
IN-MZ,Mizoram,Female,All,65-69,Secondary,2.43,1.99,2.96,41,1709
IN-MZ,Mizoram,Female,All,65-69,Higher,1.82,1.49,2.22,31,1709
IN-MZ,Mizoram,Female,All,70-74,All,6.22,5.10,7.59,531,8550
IN-MZ,Mizoram,Female,All,70-74,None,8.70,7.13,10.61,148,1709
IN-MZ,Mizoram,Female,All,70-74,Primary,6.53,5.35,7.97,111,1709
IN-MZ,Mizoram,Female,All,70-74,Middle,4.97,4.08,6.06,84,1709
IN-MZ,Mizoram,Female,All,70-74,Secondary,3.73,3.06,4.55,63,1709
IN-MZ,Mizoram,Female,All,70-74,Higher,2.80,2.30,3.42,47,1709
IN-MZ,Mizoram,Female,All,75-79,All,9.19,7.54,11.21,785,8550
IN-MZ,Mizoram,Female,All,75-79,None,12.86,10.55,15.69,219,1709
IN-MZ,Mizoram,Female,All,75-79,Primary,9.65,7.91,11.77,164,1709
IN-MZ,Mizoram,Female,All,75-79,Middle,7.35,6.03,8.97,125,1709
IN-MZ,Mizoram,Female,All,75-79,Secondary,5.51,4.52,6.72,94,1709
IN-MZ,Mizoram,Female,All,75-79,Higher,4.13,3.39,5.04,70,1709
IN-MZ,Mizoram,Female,All,80-84,All,12.97,10.64,15.82,1108,8550
IN-MZ,Mizoram,Female,All,80-84,None,18.16,14.89,22.16,310,1709
IN-MZ,Mizoram,Female,All,80-84,Primary,13.62,11.17,16.62,232,1709
IN-MZ,Mizoram,Female,All,80-84,Middle,10.38,8.51,12.66,177,1709
IN-MZ,Mizoram,Female,All,80-84,Secondary,7.78,6.38,9.49,132,1709
IN-MZ,Mizoram,Female,All,80-84,Higher,5.84,4.79,7.12,99,1709
IN-MZ,Mizoram,Female,All,85+,All,17.84,14.63,21.76,1525,8550
IN-MZ,Mizoram,Female,All,85+,None,24.97,20.48,30.46,426,1709
IN-MZ,Mizoram,Female,All,85+,Primary,18.73,15.36,22.85,320,1709
IN-MZ,Mizoram,Female,All,85+,Middle,14.27,11.70,17.41,243,1709
IN-MZ,Mizoram,Female,All,85+,Secondary,10.70,8.77,13.05,182,1709
IN-MZ,Mizoram,Female,All,85+,Higher,8.03,6.58,9.80,137,1709
IN-MZ,Mizoram,Female,Urban,60+,All,4.43,3.63,5.40,673,15200
IN-MZ,Mizoram,Female,Urban,60+,None,6.20,5.08,7.56,188,3040
IN-MZ,Mizoram,Female,Urban,60+,Primary,4.65,3.81,5.67,141,3040
IN-MZ,Mizoram,Female,Urban,60+,Middle,3.55,2.91,4.33,107,3040
IN-MZ,Mizoram,Female,Urban,60+,Secondary,2.66,2.18,3.25,80,3040
IN-MZ,Mizoram,Female,Urban,60+,Higher,1.99,1.63,2.43,60,3040
IN-MZ,Mizoram,Female,Urban,60-64,All,1.99,1.63,2.43,54,2736
IN-MZ,Mizoram,Female,Urban,60-64,None,2.79,2.29,3.40,15,547
IN-MZ,Mizoram,Female,Urban,60-64,Primary,2.09,1.71,2.55,11,547
IN-MZ,Mizoram,Female,Urban,60-64,Middle,1.60,1.31,1.95,8,547
IN-MZ,Mizoram,Female,Urban,60-64,Secondary,1.20,0.98,1.46,6,547
IN-MZ,Mizoram,Female,Urban,60-64,Higher,1.00,0.82,1.22,5,547
IN-MZ,Mizoram,Female,Urban,65-69,All,3.32,2.72,4.05,90,2736
IN-MZ,Mizoram,Female,Urban,65-69,None,4.65,3.81,5.67,25,547
IN-MZ,Mizoram,Female,Urban,65-69,Primary,3.49,2.86,4.26,19,547
IN-MZ,Mizoram,Female,Urban,65-69,Middle,2.66,2.18,3.25,14,547
IN-MZ,Mizoram,Female,Urban,65-69,Secondary,1.99,1.63,2.43,10,547
IN-MZ,Mizoram,Female,Urban,65-69,Higher,1.50,1.23,1.83,8,547
IN-MZ,Mizoram,Female,Urban,70-74,All,5.10,4.18,6.22,139,2736
IN-MZ,Mizoram,Female,Urban,70-74,None,7.14,5.85,8.71,39,547
IN-MZ,Mizoram,Female,Urban,70-74,Primary,5.35,4.39,6.53,29,547
IN-MZ,Mizoram,Female,Urban,70-74,Middle,4.08,3.35,4.98,22,547
IN-MZ,Mizoram,Female,Urban,70-74,Secondary,3.06,2.51,3.73,16,547
IN-MZ,Mizoram,Female,Urban,70-74,Higher,2.29,1.88,2.79,12,547
IN-MZ,Mizoram,Female,Urban,75-79,All,7.53,6.17,9.19,206,2736
IN-MZ,Mizoram,Female,Urban,75-79,None,10.55,8.65,12.87,57,547
IN-MZ,Mizoram,Female,Urban,75-79,Primary,7.91,6.49,9.65,43,547
IN-MZ,Mizoram,Female,Urban,75-79,Middle,6.03,4.94,7.36,32,547
IN-MZ,Mizoram,Female,Urban,75-79,Secondary,4.52,3.71,5.51,24,547
IN-MZ,Mizoram,Female,Urban,75-79,Higher,3.39,2.78,4.14,18,547
IN-MZ,Mizoram,Female,Urban,80-84,All,10.64,8.72,12.98,291,2736
IN-MZ,Mizoram,Female,Urban,80-84,None,14.89,12.21,18.17,81,547
IN-MZ,Mizoram,Female,Urban,80-84,Primary,11.17,9.16,13.63,61,547
IN-MZ,Mizoram,Female,Urban,80-84,Middle,8.51,6.98,10.38,46,547
IN-MZ,Mizoram,Female,Urban,80-84,Secondary,6.38,5.23,7.78,34,547
IN-MZ,Mizoram,Female,Urban,80-84,Higher,4.79,3.93,5.84,26,547
IN-MZ,Mizoram,Female,Urban,85+,All,14.63,12.00,17.85,400,2736
IN-MZ,Mizoram,Female,Urban,85+,None,20.48,16.79,24.99,112,547
IN-MZ,Mizoram,Female,Urban,85+,Primary,15.36,12.60,18.74,84,547
IN-MZ,Mizoram,Female,Urban,85+,Middle,11.70,9.59,14.27,63,547
IN-MZ,Mizoram,Female,Urban,85+,Secondary,8.78,7.20,10.71,48,547
IN-MZ,Mizoram,Female,Urban,85+,Higher,6.58,5.40,8.03,35,547
IN-MZ,Mizoram,Female,Rural,60+,All,6.59,5.40,8.04,2128,32300
IN-MZ,Mizoram,Female,Rural,60+,None,9.23,7.57,11.26,596,6460
IN-MZ,Mizoram,Female,Rural,60+,Primary,6.92,5.67,8.44,447,6460
IN-MZ,Mizoram,Female,Rural,60+,Middle,5.28,4.33,6.44,341,6460
IN-MZ,Mizoram,Female,Rural,60+,Secondary,3.96,3.25,4.83,255,6460
IN-MZ,Mizoram,Female,Rural,60+,Higher,2.97,2.44,3.62,191,6460
IN-MZ,Mizoram,Female,Rural,60-64,All,2.97,2.44,3.62,172,5814
IN-MZ,Mizoram,Female,Rural,60-64,None,4.15,3.40,5.06,48,1162
IN-MZ,Mizoram,Female,Rural,60-64,Primary,3.12,2.56,3.81,36,1162
IN-MZ,Mizoram,Female,Rural,60-64,Middle,2.37,1.94,2.89,27,1162
IN-MZ,Mizoram,Female,Rural,60-64,Secondary,1.78,1.46,2.17,20,1162
IN-MZ,Mizoram,Female,Rural,60-64,Higher,1.34,1.10,1.63,15,1162
IN-MZ,Mizoram,Female,Rural,65-69,All,4.95,4.06,6.04,287,5814
IN-MZ,Mizoram,Female,Rural,65-69,None,6.92,5.67,8.44,80,1162
IN-MZ,Mizoram,Female,Rural,65-69,Primary,5.19,4.26,6.33,60,1162
IN-MZ,Mizoram,Female,Rural,65-69,Middle,3.96,3.25,4.83,46,1162
IN-MZ,Mizoram,Female,Rural,65-69,Secondary,2.97,2.44,3.62,34,1162
IN-MZ,Mizoram,Female,Rural,65-69,Higher,2.23,1.83,2.72,25,1162
IN-MZ,Mizoram,Female,Rural,70-74,All,7.58,6.22,9.25,440,5814
IN-MZ,Mizoram,Female,Rural,70-74,None,10.62,8.71,12.96,123,1162
IN-MZ,Mizoram,Female,Rural,70-74,Primary,7.96,6.53,9.71,92,1162
IN-MZ,Mizoram,Female,Rural,70-74,Middle,6.07,4.98,7.41,70,1162
IN-MZ,Mizoram,Female,Rural,70-74,Secondary,4.55,3.73,5.55,52,1162
IN-MZ,Mizoram,Female,Rural,70-74,Higher,3.41,2.80,4.16,39,1162
IN-MZ,Mizoram,Female,Rural,75-79,All,11.21,9.19,13.68,651,5814
IN-MZ,Mizoram,Female,Rural,75-79,None,15.69,12.87,19.14,182,1162
IN-MZ,Mizoram,Female,Rural,75-79,Primary,11.77,9.65,14.36,136,1162
IN-MZ,Mizoram,Female,Rural,75-79,Middle,8.97,7.36,10.94,104,1162
IN-MZ,Mizoram,Female,Rural,75-79,Secondary,6.73,5.52,8.21,78,1162
IN-MZ,Mizoram,Female,Rural,75-79,Higher,5.04,4.13,6.15,58,1162
IN-MZ,Mizoram,Female,Rural,80-84,All,15.83,12.98,19.31,920,5814
IN-MZ,Mizoram,Female,Rural,80-84,None,22.16,18.17,27.04,257,1162
IN-MZ,Mizoram,Female,Rural,80-84,Primary,16.62,13.63,20.28,193,1162
IN-MZ,Mizoram,Female,Rural,80-84,Middle,12.66,10.38,15.45,147,1162
IN-MZ,Mizoram,Female,Rural,80-84,Secondary,9.50,7.79,11.59,110,1162
IN-MZ,Mizoram,Female,Rural,80-84,Higher,7.12,5.84,8.69,82,1162
IN-MZ,Mizoram,Female,Rural,85+,All,21.76,17.84,26.55,1265,5814
IN-MZ,Mizoram,Female,Rural,85+,None,30.46,24.98,37.16,353,1162
IN-MZ,Mizoram,Female,Rural,85+,Primary,22.85,18.74,27.88,265,1162
IN-MZ,Mizoram,Female,Rural,85+,Middle,17.41,14.28,21.24,202,1162
IN-MZ,Mizoram,Female,Rural,85+,Secondary,13.06,10.71,15.93,151,1162
IN-MZ,Mizoram,Female,Rural,85+,Higher,9.79,8.03,11.94,113,1162
IN-SK,Sikkim,Both,All,60+,All,5.30,4.35,6.47,3074,58000
IN-SK,Sikkim,Both,All,60+,None,7.42,6.08,9.05,860,11600
IN-SK,Sikkim,Both,All,60+,Primary,5.57,4.57,6.80,646,11600
IN-SK,Sikkim,Both,All,60+,Middle,4.24,3.48,5.17,491,11600
IN-SK,Sikkim,Both,All,60+,Secondary,3.18,2.61,3.88,368,11600
IN-SK,Sikkim,Both,All,60+,Higher,2.38,1.95,2.90,276,11600
IN-SK,Sikkim,Both,All,60-64,All,2.38,1.95,2.90,248,10440
IN-SK,Sikkim,Both,All,60-64,None,3.34,2.74,4.07,69,2088
IN-SK,Sikkim,Both,All,60-64,Primary,2.50,2.05,3.05,52,2088
IN-SK,Sikkim,Both,All,60-64,Middle,1.91,1.57,2.33,39,2088
IN-SK,Sikkim,Both,All,60-64,Secondary,1.43,1.17,1.74,29,2088
IN-SK,Sikkim,Both,All,60-64,Higher,1.07,0.88,1.31,22,2088
IN-SK,Sikkim,Both,All,65-69,All,3.97,3.26,4.84,414,10440
IN-SK,Sikkim,Both,All,65-69,None,5.56,4.56,6.78,116,2088
IN-SK,Sikkim,Both,All,65-69,Primary,4.17,3.42,5.09,87,2088
IN-SK,Sikkim,Both,All,65-69,Middle,3.18,2.61,3.88,66,2088
IN-SK,Sikkim,Both,All,65-69,Secondary,2.38,1.95,2.90,49,2088
IN-SK,Sikkim,Both,All,65-69,Higher,1.79,1.47,2.18,37,2088
IN-SK,Sikkim,Both,All,70-74,All,6.10,5.00,7.44,636,10440
IN-SK,Sikkim,Both,All,70-74,None,8.53,6.99,10.41,178,2088
IN-SK,Sikkim,Both,All,70-74,Primary,6.40,5.25,7.81,133,2088
IN-SK,Sikkim,Both,All,70-74,Middle,4.88,4.00,5.95,101,2088
IN-SK,Sikkim,Both,All,70-74,Secondary,3.66,3.00,4.47,76,2088
IN-SK,Sikkim,Both,All,70-74,Higher,2.74,2.25,3.34,57,2088
IN-SK,Sikkim,Both,All,75-79,All,9.01,7.39,10.99,940,10440
IN-SK,Sikkim,Both,All,75-79,None,12.61,10.34,15.38,263,2088
IN-SK,Sikkim,Both,All,75-79,Primary,9.46,7.76,11.54,197,2088
IN-SK,Sikkim,Both,All,75-79,Middle,7.21,5.91,8.80,150,2088
IN-SK,Sikkim,Both,All,75-79,Secondary,5.41,4.44,6.60,112,2088
IN-SK,Sikkim,Both,All,75-79,Higher,4.05,3.32,4.94,84,2088
IN-SK,Sikkim,Both,All,80-84,All,12.72,10.43,15.52,1327,10440
IN-SK,Sikkim,Both,All,80-84,None,17.81,14.60,21.73,371,2088
IN-SK,Sikkim,Both,All,80-84,Primary,13.36,10.96,16.30,278,2088
IN-SK,Sikkim,Both,All,80-84,Middle,10.18,8.35,12.42,212,2088
IN-SK,Sikkim,Both,All,80-84,Secondary,7.63,6.26,9.31,159,2088
IN-SK,Sikkim,Both,All,80-84,Higher,5.72,4.69,6.98,119,2088
IN-SK,Sikkim,Both,All,85+,All,17.49,14.34,21.34,1825,10440
IN-SK,Sikkim,Both,All,85+,None,24.49,20.08,29.88,511,2088
IN-SK,Sikkim,Both,All,85+,Primary,18.36,15.06,22.40,383,2088
IN-SK,Sikkim,Both,All,85+,Middle,13.99,11.47,17.07,292,2088
IN-SK,Sikkim,Both,All,85+,Secondary,10.49,8.60,12.80,219,2088
IN-SK,Sikkim,Both,All,85+,Higher,7.87,6.45,9.60,164,2088
IN-SK,Sikkim,Both,Urban,60+,All,4.35,3.57,5.31,807,18560
IN-SK,Sikkim,Both,Urban,60+,None,6.08,4.99,7.42,225,3712
IN-SK,Sikkim,Both,Urban,60+,Primary,4.56,3.74,5.56,169,3712
IN-SK,Sikkim,Both,Urban,60+,Middle,3.48,2.85,4.25,129,3712
IN-SK,Sikkim,Both,Urban,60+,Secondary,2.61,2.14,3.18,96,3712
IN-SK,Sikkim,Both,Urban,60+,Higher,1.96,1.61,2.39,72,3712
IN-SK,Sikkim,Both,Urban,60-64,All,1.96,1.61,2.39,65,3340
IN-SK,Sikkim,Both,Urban,60-64,None,2.74,2.25,3.34,18,668
IN-SK,Sikkim,Both,Urban,60-64,Primary,2.05,1.68,2.50,13,668
IN-SK,Sikkim,Both,Urban,60-64,Middle,1.56,1.28,1.90,10,668
IN-SK,Sikkim,Both,Urban,60-64,Secondary,1.17,0.96,1.43,7,668
IN-SK,Sikkim,Both,Urban,60-64,Higher,1.00,0.82,1.22,6,668
IN-SK,Sikkim,Both,Urban,65-69,All,3.26,2.67,3.98,108,3340
IN-SK,Sikkim,Both,Urban,65-69,None,4.56,3.74,5.56,30,668
IN-SK,Sikkim,Both,Urban,65-69,Primary,3.42,2.80,4.17,22,668
IN-SK,Sikkim,Both,Urban,65-69,Middle,2.61,2.14,3.18,17,668
IN-SK,Sikkim,Both,Urban,65-69,Secondary,1.96,1.61,2.39,13,668
IN-SK,Sikkim,Both,Urban,65-69,Higher,1.47,1.21,1.79,9,668
IN-SK,Sikkim,Both,Urban,70-74,All,5.00,4.10,6.10,167,3340
IN-SK,Sikkim,Both,Urban,70-74,None,7.00,5.74,8.54,46,668
IN-SK,Sikkim,Both,Urban,70-74,Primary,5.25,4.31,6.41,35,668
IN-SK,Sikkim,Both,Urban,70-74,Middle,4.00,3.28,4.88,26,668
IN-SK,Sikkim,Both,Urban,70-74,Secondary,3.00,2.46,3.66,20,668
IN-SK,Sikkim,Both,Urban,70-74,Higher,2.25,1.85,2.75,15,668
IN-SK,Sikkim,Both,Urban,75-79,All,7.39,6.06,9.02,246,3340
IN-SK,Sikkim,Both,Urban,75-79,None,10.34,8.48,12.61,69,668
IN-SK,Sikkim,Both,Urban,75-79,Primary,7.76,6.36,9.47,51,668
IN-SK,Sikkim,Both,Urban,75-79,Middle,5.91,4.85,7.21,39,668
IN-SK,Sikkim,Both,Urban,75-79,Secondary,4.43,3.63,5.40,29,668
IN-SK,Sikkim,Both,Urban,75-79,Higher,3.32,2.72,4.05,22,668
IN-SK,Sikkim,Both,Urban,80-84,All,10.43,8.55,12.72,348,3340
IN-SK,Sikkim,Both,Urban,80-84,None,14.60,11.97,17.81,97,668
IN-SK,Sikkim,Both,Urban,80-84,Primary,10.95,8.98,13.36,73,668
IN-SK,Sikkim,Both,Urban,80-84,Middle,8.34,6.84,10.17,55,668
IN-SK,Sikkim,Both,Urban,80-84,Secondary,6.26,5.13,7.64,41,668
IN-SK,Sikkim,Both,Urban,80-84,Higher,4.69,3.85,5.72,31,668
IN-SK,Sikkim,Both,Urban,85+,All,14.34,11.76,17.49,478,3340
IN-SK,Sikkim,Both,Urban,85+,None,20.08,16.47,24.50,134,668
IN-SK,Sikkim,Both,Urban,85+,Primary,15.06,12.35,18.37,100,668
IN-SK,Sikkim,Both,Urban,85+,Middle,11.47,9.41,13.99,76,668
IN-SK,Sikkim,Both,Urban,85+,Secondary,8.61,7.06,10.50,57,668
IN-SK,Sikkim,Both,Urban,85+,Higher,6.45,5.29,7.87,43,668
IN-SK,Sikkim,Both,Rural,60+,All,6.47,5.31,7.89,2551,39440
IN-SK,Sikkim,Both,Rural,60+,None,9.05,7.42,11.04,713,7888
IN-SK,Sikkim,Both,Rural,60+,Primary,6.79,5.57,8.28,535,7888
IN-SK,Sikkim,Both,Rural,60+,Middle,5.17,4.24,6.31,407,7888
IN-SK,Sikkim,Both,Rural,60+,Secondary,3.88,3.18,4.73,306,7888
IN-SK,Sikkim,Both,Rural,60+,Higher,2.91,2.39,3.55,229,7888
IN-SK,Sikkim,Both,Rural,60-64,All,2.91,2.39,3.55,206,7099
IN-SK,Sikkim,Both,Rural,60-64,None,4.07,3.34,4.97,57,1419
IN-SK,Sikkim,Both,Rural,60-64,Primary,3.06,2.51,3.73,43,1419
IN-SK,Sikkim,Both,Rural,60-64,Middle,2.33,1.91,2.84,33,1419
IN-SK,Sikkim,Both,Rural,60-64,Secondary,1.75,1.43,2.13,24,1419
IN-SK,Sikkim,Both,Rural,60-64,Higher,1.31,1.07,1.60,18,1419
IN-SK,Sikkim,Both,Rural,65-69,All,4.85,3.98,5.92,344,7099
IN-SK,Sikkim,Both,Rural,65-69,None,6.79,5.57,8.28,96,1419
IN-SK,Sikkim,Both,Rural,65-69,Primary,5.09,4.17,6.21,72,1419
IN-SK,Sikkim,Both,Rural,65-69,Middle,3.88,3.18,4.73,55,1419
IN-SK,Sikkim,Both,Rural,65-69,Secondary,2.91,2.39,3.55,41,1419
IN-SK,Sikkim,Both,Rural,65-69,Higher,2.18,1.79,2.66,30,1419
IN-SK,Sikkim,Both,Rural,70-74,All,7.44,6.10,9.08,528,7099
IN-SK,Sikkim,Both,Rural,70-74,None,10.41,8.54,12.70,147,1419
IN-SK,Sikkim,Both,Rural,70-74,Primary,7.81,6.40,9.53,110,1419
IN-SK,Sikkim,Both,Rural,70-74,Middle,5.95,4.88,7.26,84,1419
IN-SK,Sikkim,Both,Rural,70-74,Secondary,4.46,3.66,5.44,63,1419
IN-SK,Sikkim,Both,Rural,70-74,Higher,3.35,2.75,4.09,47,1419
IN-SK,Sikkim,Both,Rural,75-79,All,10.99,9.01,13.41,780,7099
IN-SK,Sikkim,Both,Rural,75-79,None,15.39,12.62,18.78,218,1419
IN-SK,Sikkim,Both,Rural,75-79,Primary,11.54,9.46,14.08,163,1419
IN-SK,Sikkim,Both,Rural,75-79,Middle,8.79,7.21,10.72,124,1419
IN-SK,Sikkim,Both,Rural,75-79,Secondary,6.60,5.41,8.05,93,1419
IN-SK,Sikkim,Both,Rural,75-79,Higher,4.95,4.06,6.04,70,1419
IN-SK,Sikkim,Both,Rural,80-84,All,15.52,12.73,18.93,1101,7099
IN-SK,Sikkim,Both,Rural,80-84,None,21.73,17.82,26.51,308,1419
IN-SK,Sikkim,Both,Rural,80-84,Primary,16.29,13.36,19.87,231,1419
IN-SK,Sikkim,Both,Rural,80-84,Middle,12.41,10.18,15.14,176,1419
IN-SK,Sikkim,Both,Rural,80-84,Secondary,9.31,7.63,11.36,132,1419
IN-SK,Sikkim,Both,Rural,80-84,Higher,6.98,5.72,8.52,99,1419
IN-SK,Sikkim,Both,Rural,85+,All,21.34,17.50,26.03,1514,7099
IN-SK,Sikkim,Both,Rural,85+,None,29.87,24.49,36.44,423,1419
IN-SK,Sikkim,Both,Rural,85+,Primary,22.40,18.37,27.33,317,1419
IN-SK,Sikkim,Both,Rural,85+,Middle,17.07,14.00,20.83,242,1419
IN-SK,Sikkim,Both,Rural,85+,Secondary,12.80,10.50,15.62,181,1419
IN-SK,Sikkim,Both,Rural,85+,Higher,9.60,7.87,11.71,136,1419
IN-SK,Sikkim,Male,All,60+,All,4.51,3.70,5.50,1307,29000
IN-SK,Sikkim,Male,All,60+,None,6.31,5.17,7.70,365,5800
IN-SK,Sikkim,Male,All,60+,Primary,4.73,3.88,5.77,274,5800
IN-SK,Sikkim,Male,All,60+,Middle,3.60,2.95,4.39,208,5800
IN-SK,Sikkim,Male,All,60+,Secondary,2.70,2.21,3.29,156,5800
IN-SK,Sikkim,Male,All,60+,Higher,2.03,1.66,2.48,117,5800
IN-SK,Sikkim,Male,All,60-64,All,2.03,1.66,2.48,105,5220
IN-SK,Sikkim,Male,All,60-64,None,2.84,2.33,3.46,29,1044
IN-SK,Sikkim,Male,All,60-64,Primary,2.13,1.75,2.60,22,1044
IN-SK,Sikkim,Male,All,60-64,Middle,1.62,1.33,1.98,16,1044
IN-SK,Sikkim,Male,All,60-64,Secondary,1.22,1.00,1.49,12,1044
IN-SK,Sikkim,Male,All,60-64,Higher,1.00,0.82,1.22,10,1044
IN-SK,Sikkim,Male,All,65-69,All,3.38,2.77,4.12,176,5220
IN-SK,Sikkim,Male,All,65-69,None,4.73,3.88,5.77,49,1044
IN-SK,Sikkim,Male,All,65-69,Primary,3.55,2.91,4.33,37,1044
IN-SK,Sikkim,Male,All,65-69,Middle,2.70,2.21,3.29,28,1044
IN-SK,Sikkim,Male,All,65-69,Secondary,2.03,1.66,2.48,21,1044
IN-SK,Sikkim,Male,All,65-69,Higher,1.52,1.25,1.85,15,1044
IN-SK,Sikkim,Male,All,70-74,All,5.18,4.25,6.32,270,5220
IN-SK,Sikkim,Male,All,70-74,None,7.25,5.94,8.85,75,1044
IN-SK,Sikkim,Male,All,70-74,Primary,5.44,4.46,6.64,56,1044
IN-SK,Sikkim,Male,All,70-74,Middle,4.14,3.39,5.05,43,1044
IN-SK,Sikkim,Male,All,70-74,Secondary,3.11,2.55,3.79,32,1044
IN-SK,Sikkim,Male,All,70-74,Higher,2.33,1.91,2.84,24,1044
IN-SK,Sikkim,Male,All,75-79,All,7.66,6.28,9.35,399,5220
IN-SK,Sikkim,Male,All,75-79,None,10.72,8.79,13.08,111,1044
IN-SK,Sikkim,Male,All,75-79,Primary,8.04,6.59,9.81,83,1044
IN-SK,Sikkim,Male,All,75-79,Middle,6.13,5.03,7.48,63,1044
IN-SK,Sikkim,Male,All,75-79,Secondary,4.60,3.77,5.61,48,1044
IN-SK,Sikkim,Male,All,75-79,Higher,3.45,2.83,4.21,36,1044
IN-SK,Sikkim,Male,All,80-84,All,10.81,8.86,13.19,564,5220
IN-SK,Sikkim,Male,All,80-84,None,15.14,12.41,18.47,158,1044
IN-SK,Sikkim,Male,All,80-84,Primary,11.35,9.31,13.85,118,1044
IN-SK,Sikkim,Male,All,80-84,Middle,8.65,7.09,10.55,90,1044
IN-SK,Sikkim,Male,All,80-84,Secondary,6.49,5.32,7.92,67,1044
IN-SK,Sikkim,Male,All,80-84,Higher,4.87,3.99,5.94,50,1044
IN-SK,Sikkim,Male,All,85+,All,14.87,12.19,18.14,776,5220
IN-SK,Sikkim,Male,All,85+,None,20.81,17.06,25.39,217,1044
IN-SK,Sikkim,Male,All,85+,Primary,15.61,12.80,19.04,162,1044
IN-SK,Sikkim,Male,All,85+,Middle,11.89,9.75,14.51,124,1044
IN-SK,Sikkim,Male,All,85+,Secondary,8.92,7.31,10.88,93,1044
IN-SK,Sikkim,Male,All,85+,Higher,6.69,5.49,8.16,69,1044
IN-SK,Sikkim,Male,Urban,60+,All,3.69,3.03,4.50,342,9280
IN-SK,Sikkim,Male,Urban,60+,None,5.17,4.24,6.31,95,1856
IN-SK,Sikkim,Male,Urban,60+,Primary,3.88,3.18,4.73,72,1856
IN-SK,Sikkim,Male,Urban,60+,Middle,2.96,2.43,3.61,54,1856
IN-SK,Sikkim,Male,Urban,60+,Secondary,2.22,1.82,2.71,41,1856
IN-SK,Sikkim,Male,Urban,60+,Higher,1.66,1.36,2.03,30,1856
IN-SK,Sikkim,Male,Urban,60-64,All,1.66,1.36,2.03,27,1670
IN-SK,Sikkim,Male,Urban,60-64,None,2.33,1.91,2.84,7,334
IN-SK,Sikkim,Male,Urban,60-64,Primary,1.75,1.43,2.13,5,334
IN-SK,Sikkim,Male,Urban,60-64,Middle,1.33,1.09,1.62,4,334
IN-SK,Sikkim,Male,Urban,60-64,Secondary,1.00,0.82,1.22,3,334
IN-SK,Sikkim,Male,Urban,60-64,Higher,1.00,0.82,1.22,3,334
IN-SK,Sikkim,Male,Urban,65-69,All,2.77,2.27,3.38,46,1670
IN-SK,Sikkim,Male,Urban,65-69,None,3.88,3.18,4.73,12,334
IN-SK,Sikkim,Male,Urban,65-69,Primary,2.91,2.39,3.55,9,334
IN-SK,Sikkim,Male,Urban,65-69,Middle,2.22,1.82,2.71,7,334
IN-SK,Sikkim,Male,Urban,65-69,Secondary,1.66,1.36,2.03,5,334
IN-SK,Sikkim,Male,Urban,65-69,Higher,1.25,1.02,1.53,4,334
IN-SK,Sikkim,Male,Urban,70-74,All,4.25,3.49,5.19,70,1670
IN-SK,Sikkim,Male,Urban,70-74,None,5.95,4.88,7.26,19,334
IN-SK,Sikkim,Male,Urban,70-74,Primary,4.46,3.66,5.44,14,334
IN-SK,Sikkim,Male,Urban,70-74,Middle,3.40,2.79,4.15,11,334
IN-SK,Sikkim,Male,Urban,70-74,Secondary,2.55,2.09,3.11,8,334
IN-SK,Sikkim,Male,Urban,70-74,Higher,1.91,1.57,2.33,6,334
IN-SK,Sikkim,Male,Urban,75-79,All,6.28,5.15,7.66,104,1670
IN-SK,Sikkim,Male,Urban,75-79,None,8.79,7.21,10.72,29,334
IN-SK,Sikkim,Male,Urban,75-79,Primary,6.59,5.40,8.04,22,334
IN-SK,Sikkim,Male,Urban,75-79,Middle,5.02,4.12,6.12,16,334
IN-SK,Sikkim,Male,Urban,75-79,Secondary,3.77,3.09,4.60,12,334
IN-SK,Sikkim,Male,Urban,75-79,Higher,2.83,2.32,3.45,9,334
IN-SK,Sikkim,Male,Urban,80-84,All,8.87,7.27,10.82,148,1670
IN-SK,Sikkim,Male,Urban,80-84,None,12.41,10.18,15.14,41,334
IN-SK,Sikkim,Male,Urban,80-84,Primary,9.31,7.63,11.36,31,334
IN-SK,Sikkim,Male,Urban,80-84,Middle,7.09,5.81,8.65,23,334
IN-SK,Sikkim,Male,Urban,80-84,Secondary,5.32,4.36,6.49,17,334
IN-SK,Sikkim,Male,Urban,80-84,Higher,3.99,3.27,4.87,13,334
IN-SK,Sikkim,Male,Urban,85+,All,12.19,10.00,14.87,203,1670
IN-SK,Sikkim,Male,Urban,85+,None,17.07,14.00,20.83,57,334
IN-SK,Sikkim,Male,Urban,85+,Primary,12.80,10.50,15.62,42,334
IN-SK,Sikkim,Male,Urban,85+,Middle,9.75,7.99,11.90,32,334
IN-SK,Sikkim,Male,Urban,85+,Secondary,7.31,5.99,8.92,24,334
IN-SK,Sikkim,Male,Urban,85+,Higher,5.49,4.50,6.70,18,334
IN-SK,Sikkim,Male,Rural,60+,All,5.50,4.51,6.71,1084,19720
IN-SK,Sikkim,Male,Rural,60+,None,7.69,6.31,9.38,303,3944
IN-SK,Sikkim,Male,Rural,60+,Primary,5.77,4.73,7.04,227,3944
IN-SK,Sikkim,Male,Rural,60+,Middle,4.40,3.61,5.37,173,3944
IN-SK,Sikkim,Male,Rural,60+,Secondary,3.30,2.71,4.03,130,3944
IN-SK,Sikkim,Male,Rural,60+,Higher,2.47,2.03,3.01,97,3944
IN-SK,Sikkim,Male,Rural,60-64,All,2.47,2.03,3.01,87,3549
IN-SK,Sikkim,Male,Rural,60-64,None,3.46,2.84,4.22,24,709
IN-SK,Sikkim,Male,Rural,60-64,Primary,2.60,2.13,3.17,18,709
IN-SK,Sikkim,Male,Rural,60-64,Middle,1.98,1.62,2.42,14,709
IN-SK,Sikkim,Male,Rural,60-64,Secondary,1.48,1.21,1.81,10,709
IN-SK,Sikkim,Male,Rural,60-64,Higher,1.11,0.91,1.35,7,709
IN-SK,Sikkim,Male,Rural,65-69,All,4.12,3.38,5.03,146,3549
IN-SK,Sikkim,Male,Rural,65-69,None,5.77,4.73,7.04,40,709
IN-SK,Sikkim,Male,Rural,65-69,Primary,4.33,3.55,5.28,30,709
IN-SK,Sikkim,Male,Rural,65-69,Middle,3.30,2.71,4.03,23,709
IN-SK,Sikkim,Male,Rural,65-69,Secondary,2.47,2.03,3.01,17,709
IN-SK,Sikkim,Male,Rural,65-69,Higher,1.85,1.52,2.26,13,709
IN-SK,Sikkim,Male,Rural,70-74,All,6.32,5.18,7.71,224,3549
IN-SK,Sikkim,Male,Rural,70-74,None,8.85,7.26,10.80,62,709
IN-SK,Sikkim,Male,Rural,70-74,Primary,6.64,5.44,8.10,47,709
IN-SK,Sikkim,Male,Rural,70-74,Middle,5.06,4.15,6.17,35,709
IN-SK,Sikkim,Male,Rural,70-74,Secondary,3.79,3.11,4.62,26,709
IN-SK,Sikkim,Male,Rural,70-74,Higher,2.84,2.33,3.46,20,709
IN-SK,Sikkim,Male,Rural,75-79,All,9.34,7.66,11.39,331,3549
IN-SK,Sikkim,Male,Rural,75-79,None,13.08,10.73,15.96,92,709
IN-SK,Sikkim,Male,Rural,75-79,Primary,9.81,8.04,11.97,69,709
IN-SK,Sikkim,Male,Rural,75-79,Middle,7.47,6.13,9.11,52,709
IN-SK,Sikkim,Male,Rural,75-79,Secondary,5.61,4.60,6.84,39,709
IN-SK,Sikkim,Male,Rural,75-79,Higher,4.20,3.44,5.12,29,709
IN-SK,Sikkim,Male,Rural,80-84,All,13.19,10.82,16.09,468,3549
IN-SK,Sikkim,Male,Rural,80-84,None,18.47,15.15,22.53,130,709
IN-SK,Sikkim,Male,Rural,80-84,Primary,13.85,11.36,16.90,98,709
IN-SK,Sikkim,Male,Rural,80-84,Middle,10.55,8.65,12.87,74,709
IN-SK,Sikkim,Male,Rural,80-84,Secondary,7.91,6.49,9.65,56,709
IN-SK,Sikkim,Male,Rural,80-84,Higher,5.94,4.87,7.25,42,709
IN-SK,Sikkim,Male,Rural,85+,All,18.14,14.87,22.13,643,3549
IN-SK,Sikkim,Male,Rural,85+,None,25.39,20.82,30.98,180,709
IN-SK,Sikkim,Male,Rural,85+,Primary,19.04,15.61,23.23,134,709
IN-SK,Sikkim,Male,Rural,85+,Middle,14.51,11.90,17.70,102,709
IN-SK,Sikkim,Male,Rural,85+,Secondary,10.88,8.92,13.27,77,709
IN-SK,Sikkim,Male,Rural,85+,Higher,8.16,6.69,9.96,57,709
IN-SK,Sikkim,Female,All,60+,All,6.10,5.00,7.44,1769,29000
IN-SK,Sikkim,Female,All,60+,None,8.53,6.99,10.41,494,5800
IN-SK,Sikkim,Female,All,60+,Primary,6.40,5.25,7.81,371,5800
IN-SK,Sikkim,Female,All,60+,Middle,4.88,4.00,5.95,283,5800
IN-SK,Sikkim,Female,All,60+,Secondary,3.66,3.00,4.47,212,5800
IN-SK,Sikkim,Female,All,60+,Higher,2.74,2.25,3.34,158,5800
IN-SK,Sikkim,Female,All,60-64,All,2.74,2.25,3.34,143,5220
IN-SK,Sikkim,Female,All,60-64,None,3.84,3.15,4.68,40,1044
IN-SK,Sikkim,Female,All,60-64,Primary,2.88,2.36,3.51,30,1044
IN-SK,Sikkim,Female,All,60-64,Middle,2.19,1.80,2.67,22,1044
IN-SK,Sikkim,Female,All,60-64,Secondary,1.65,1.35,2.01,17,1044
IN-SK,Sikkim,Female,All,60-64,Higher,1.23,1.01,1.50,12,1044
IN-SK,Sikkim,Female,All,65-69,All,4.57,3.75,5.58,238,5220
IN-SK,Sikkim,Female,All,65-69,None,6.40,5.25,7.81,66,1044
IN-SK,Sikkim,Female,All,65-69,Primary,4.80,3.94,5.86,50,1044
IN-SK,Sikkim,Female,All,65-69,Middle,3.66,3.00,4.47,38,1044
IN-SK,Sikkim,Female,All,65-69,Secondary,2.74,2.25,3.34,28,1044
IN-SK,Sikkim,Female,All,65-69,Higher,2.06,1.69,2.51,21,1044
IN-SK,Sikkim,Female,All,70-74,All,7.01,5.75,8.55,365,5220
IN-SK,Sikkim,Female,All,70-74,None,9.81,8.04,11.97,102,1044
IN-SK,Sikkim,Female,All,70-74,Primary,7.36,6.04,8.98,76,1044
IN-SK,Sikkim,Female,All,70-74,Middle,5.61,4.60,6.84,58,1044
IN-SK,Sikkim,Female,All,70-74,Secondary,4.21,3.45,5.14,43,1044
IN-SK,Sikkim,Female,All,70-74,Higher,3.15,2.58,3.84,32,1044
IN-SK,Sikkim,Female,All,75-79,All,10.36,8.50,12.64,540,5220
IN-SK,Sikkim,Female,All,75-79,None,14.51,11.90,17.70,151,1044
IN-SK,Sikkim,Female,All,75-79,Primary,10.88,8.92,13.27,113,1044
IN-SK,Sikkim,Female,All,75-79,Middle,8.29,6.80,10.11,86,1044
IN-SK,Sikkim,Female,All,75-79,Secondary,6.22,5.10,7.59,64,1044
IN-SK,Sikkim,Female,All,75-79,Higher,4.66,3.82,5.69,48,1044
IN-SK,Sikkim,Female,All,80-84,All,14.63,12.00,17.85,763,5220
IN-SK,Sikkim,Female,All,80-84,None,20.48,16.79,24.99,213,1044
IN-SK,Sikkim,Female,All,80-84,Primary,15.36,12.60,18.74,160,1044
IN-SK,Sikkim,Female,All,80-84,Middle,11.70,9.59,14.27,122,1044
IN-SK,Sikkim,Female,All,80-84,Secondary,8.78,7.20,10.71,91,1044
IN-SK,Sikkim,Female,All,80-84,Higher,6.58,5.40,8.03,68,1044
IN-SK,Sikkim,Female,All,85+,All,20.11,16.49,24.53,1049,5220
IN-SK,Sikkim,Female,All,85+,None,28.16,23.09,34.36,293,1044
IN-SK,Sikkim,Female,All,85+,Primary,21.12,17.32,25.77,220,1044
IN-SK,Sikkim,Female,All,85+,Middle,16.09,13.19,19.63,167,1044
IN-SK,Sikkim,Female,All,85+,Secondary,12.07,9.90,14.73,126,1044
IN-SK,Sikkim,Female,All,85+,Higher,9.05,7.42,11.04,94,1044
IN-SK,Sikkim,Female,Urban,60+,All,5.00,4.10,6.10,464,9280
IN-SK,Sikkim,Female,Urban,60+,None,7.00,5.74,8.54,129,1856
IN-SK,Sikkim,Female,Urban,60+,Primary,5.25,4.31,6.41,97,1856
IN-SK,Sikkim,Female,Urban,60+,Middle,4.00,3.28,4.88,74,1856
IN-SK,Sikkim,Female,Urban,60+,Secondary,3.00,2.46,3.66,55,1856
IN-SK,Sikkim,Female,Urban,60+,Higher,2.25,1.85,2.75,41,1856
IN-SK,Sikkim,Female,Urban,60-64,All,2.25,1.85,2.75,37,1670
IN-SK,Sikkim,Female,Urban,60-64,None,3.15,2.58,3.84,10,334
IN-SK,Sikkim,Female,Urban,60-64,Primary,2.36,1.94,2.88,7,334
IN-SK,Sikkim,Female,Urban,60-64,Middle,1.80,1.48,2.20,6,334
IN-SK,Sikkim,Female,Urban,60-64,Secondary,1.35,1.11,1.65,4,334
IN-SK,Sikkim,Female,Urban,60-64,Higher,1.01,0.83,1.23,3,334
IN-SK,Sikkim,Female,Urban,65-69,All,3.75,3.08,4.58,62,1670
IN-SK,Sikkim,Female,Urban,65-69,None,5.25,4.31,6.41,17,334
IN-SK,Sikkim,Female,Urban,65-69,Primary,3.94,3.23,4.81,13,334
IN-SK,Sikkim,Female,Urban,65-69,Middle,3.00,2.46,3.66,10,334
IN-SK,Sikkim,Female,Urban,65-69,Secondary,2.25,1.85,2.75,7,334
IN-SK,Sikkim,Female,Urban,65-69,Higher,1.69,1.39,2.06,5,334
IN-SK,Sikkim,Female,Urban,70-74,All,5.75,4.72,7.02,96,1670
IN-SK,Sikkim,Female,Urban,70-74,None,8.05,6.60,9.82,26,334
IN-SK,Sikkim,Female,Urban,70-74,Primary,6.03,4.94,7.36,20,334
IN-SK,Sikkim,Female,Urban,70-74,Middle,4.60,3.77,5.61,15,334
IN-SK,Sikkim,Female,Urban,70-74,Secondary,3.45,2.83,4.21,11,334
IN-SK,Sikkim,Female,Urban,70-74,Higher,2.59,2.12,3.16,8,334
IN-SK,Sikkim,Female,Urban,75-79,All,8.50,6.97,10.37,141,1670
IN-SK,Sikkim,Female,Urban,75-79,None,11.90,9.76,14.52,39,334
IN-SK,Sikkim,Female,Urban,75-79,Primary,8.92,7.31,10.88,29,334
IN-SK,Sikkim,Female,Urban,75-79,Middle,6.80,5.58,8.30,22,334
IN-SK,Sikkim,Female,Urban,75-79,Secondary,5.10,4.18,6.22,17,334
IN-SK,Sikkim,Female,Urban,75-79,Higher,3.82,3.13,4.66,12,334
IN-SK,Sikkim,Female,Urban,80-84,All,11.99,9.83,14.63,200,1670
IN-SK,Sikkim,Female,Urban,80-84,None,16.79,13.77,20.48,56,334
IN-SK,Sikkim,Female,Urban,80-84,Primary,12.59,10.32,15.36,42,334
IN-SK,Sikkim,Female,Urban,80-84,Middle,9.60,7.87,11.71,32,334
IN-SK,Sikkim,Female,Urban,80-84,Secondary,7.20,5.90,8.78,24,334
IN-SK,Sikkim,Female,Urban,80-84,Higher,5.40,4.43,6.59,18,334
IN-SK,Sikkim,Female,Urban,85+,All,16.49,13.52,20.12,275,1670
IN-SK,Sikkim,Female,Urban,85+,None,23.09,18.93,28.17,77,334
IN-SK,Sikkim,Female,Urban,85+,Primary,17.32,14.20,21.13,57,334
IN-SK,Sikkim,Female,Urban,85+,Middle,13.19,10.82,16.09,44,334
IN-SK,Sikkim,Female,Urban,85+,Secondary,9.90,8.12,12.08,33,334
IN-SK,Sikkim,Female,Urban,85+,Higher,7.42,6.08,9.05,24,334
IN-SK,Sikkim,Female,Rural,60+,All,7.44,6.10,9.08,1467,19720
IN-SK,Sikkim,Female,Rural,60+,None,10.41,8.54,12.70,410,3944
IN-SK,Sikkim,Female,Rural,60+,Primary,7.81,6.40,9.53,308,3944
IN-SK,Sikkim,Female,Rural,60+,Middle,5.95,4.88,7.26,234,3944
IN-SK,Sikkim,Female,Rural,60+,Secondary,4.46,3.66,5.44,175,3944
IN-SK,Sikkim,Female,Rural,60+,Higher,3.35,2.75,4.09,132,3944
IN-SK,Sikkim,Female,Rural,60-64,All,3.35,2.75,4.09,118,3549
IN-SK,Sikkim,Female,Rural,60-64,None,4.68,3.84,5.71,33,709
IN-SK,Sikkim,Female,Rural,60-64,Primary,3.51,2.88,4.28,24,709
IN-SK,Sikkim,Female,Rural,60-64,Middle,2.68,2.20,3.27,19,709
IN-SK,Sikkim,Female,Rural,60-64,Secondary,2.01,1.65,2.45,14,709
IN-SK,Sikkim,Female,Rural,60-64,Higher,1.51,1.24,1.84,10,709
IN-SK,Sikkim,Female,Rural,65-69,All,5.58,4.58,6.81,198,3549
IN-SK,Sikkim,Female,Rural,65-69,None,7.81,6.40,9.53,55,709
IN-SK,Sikkim,Female,Rural,65-69,Primary,5.86,4.81,7.15,41,709
IN-SK,Sikkim,Female,Rural,65-69,Middle,4.46,3.66,5.44,31,709
IN-SK,Sikkim,Female,Rural,65-69,Secondary,3.35,2.75,4.09,23,709
IN-SK,Sikkim,Female,Rural,65-69,Higher,2.51,2.06,3.06,17,709
IN-SK,Sikkim,Female,Rural,70-74,All,8.55,7.01,10.43,303,3549
IN-SK,Sikkim,Female,Rural,70-74,None,11.97,9.82,14.60,84,709
IN-SK,Sikkim,Female,Rural,70-74,Primary,8.98,7.36,10.96,63,709
IN-SK,Sikkim,Female,Rural,70-74,Middle,6.84,5.61,8.34,48,709
IN-SK,Sikkim,Female,Rural,70-74,Secondary,5.13,4.21,6.26,36,709
IN-SK,Sikkim,Female,Rural,70-74,Higher,3.85,3.16,4.70,27,709
IN-SK,Sikkim,Female,Rural,75-79,All,12.64,10.36,15.42,448,3549
IN-SK,Sikkim,Female,Rural,75-79,None,17.70,14.51,21.59,125,709
IN-SK,Sikkim,Female,Rural,75-79,Primary,13.27,10.88,16.19,94,709
IN-SK,Sikkim,Female,Rural,75-79,Middle,10.11,8.29,12.33,71,709
IN-SK,Sikkim,Female,Rural,75-79,Secondary,7.58,6.22,9.25,53,709
IN-SK,Sikkim,Female,Rural,75-79,Higher,5.69,4.67,6.94,40,709
IN-SK,Sikkim,Female,Rural,80-84,All,17.85,14.64,21.78,633,3549
IN-SK,Sikkim,Female,Rural,80-84,None,24.98,20.48,30.48,177,709
IN-SK,Sikkim,Female,Rural,80-84,Primary,18.74,15.37,22.86,132,709
IN-SK,Sikkim,Female,Rural,80-84,Middle,14.28,11.71,17.42,101,709
IN-SK,Sikkim,Female,Rural,80-84,Secondary,10.71,8.78,13.07,75,709
IN-SK,Sikkim,Female,Rural,80-84,Higher,8.03,6.58,9.80,56,709
IN-SK,Sikkim,Female,Rural,85+,All,24.54,20.12,29.94,870,3549
IN-SK,Sikkim,Female,Rural,85+,None,34.35,28.17,41.91,243,709
IN-SK,Sikkim,Female,Rural,85+,Primary,25.77,21.13,31.44,182,709
IN-SK,Sikkim,Female,Rural,85+,Middle,19.63,16.10,23.95,139,709
IN-SK,Sikkim,Female,Rural,85+,Secondary,14.72,12.07,17.96,104,709
IN-SK,Sikkim,Female,Rural,85+,Higher,11.04,9.05,13.47,78,709
IN-AR,Arunachal Pradesh,Both,All,60+,All,4.80,3.94,5.86,4080,85000
IN-AR,Arunachal Pradesh,Both,All,60+,None,6.72,5.51,8.20,1142,17000
IN-AR,Arunachal Pradesh,Both,All,60+,Primary,5.04,4.13,6.15,856,17000
IN-AR,Arunachal Pradesh,Both,All,60+,Middle,3.84,3.15,4.68,652,17000
IN-AR,Arunachal Pradesh,Both,All,60+,Secondary,2.88,2.36,3.51,489,17000
IN-AR,Arunachal Pradesh,Both,All,60+,Higher,2.16,1.77,2.64,367,17000
IN-AR,Arunachal Pradesh,Both,All,60-64,All,2.16,1.77,2.64,330,15300
IN-AR,Arunachal Pradesh,Both,All,60-64,None,3.02,2.48,3.68,92,3059
IN-AR,Arunachal Pradesh,Both,All,60-64,Primary,2.27,1.86,2.77,69,3059
IN-AR,Arunachal Pradesh,Both,All,60-64,Middle,1.73,1.42,2.11,52,3059
IN-AR,Arunachal Pradesh,Both,All,60-64,Secondary,1.30,1.07,1.59,39,3059
IN-AR,Arunachal Pradesh,Both,All,60-64,Higher,1.00,0.82,1.22,30,3059
IN-AR,Arunachal Pradesh,Both,All,65-69,All,3.60,2.95,4.39,550,15300
IN-AR,Arunachal Pradesh,Both,All,65-69,None,5.04,4.13,6.15,154,3059
IN-AR,Arunachal Pradesh,Both,All,65-69,Primary,3.78,3.10,4.61,115,3059
IN-AR,Arunachal Pradesh,Both,All,65-69,Middle,2.88,2.36,3.51,88,3059
IN-AR,Arunachal Pradesh,Both,All,65-69,Secondary,2.16,1.77,2.64,66,3059
IN-AR,Arunachal Pradesh,Both,All,65-69,Higher,1.62,1.33,1.98,49,3059
IN-AR,Arunachal Pradesh,Both,All,70-74,All,5.52,4.53,6.73,844,15300
IN-AR,Arunachal Pradesh,Both,All,70-74,None,7.73,6.34,9.43,236,3059
IN-AR,Arunachal Pradesh,Both,All,70-74,Primary,5.80,4.76,7.08,177,3059
IN-AR,Arunachal Pradesh,Both,All,70-74,Middle,4.42,3.62,5.39,135,3059
IN-AR,Arunachal Pradesh,Both,All,70-74,Secondary,3.31,2.71,4.04,101,3059
IN-AR,Arunachal Pradesh,Both,All,70-74,Higher,2.48,2.03,3.03,75,3059
IN-AR,Arunachal Pradesh,Both,All,75-79,All,8.16,6.69,9.96,1248,15300
IN-AR,Arunachal Pradesh,Both,All,75-79,None,11.42,9.36,13.93,349,3059
IN-AR,Arunachal Pradesh,Both,All,75-79,Primary,8.57,7.03,10.46,262,3059
IN-AR,Arunachal Pradesh,Both,All,75-79,Middle,6.53,5.35,7.97,199,3059
IN-AR,Arunachal Pradesh,Both,All,75-79,Secondary,4.90,4.02,5.98,149,3059
IN-AR,Arunachal Pradesh,Both,All,75-79,Higher,3.67,3.01,4.48,112,3059
IN-AR,Arunachal Pradesh,Both,All,80-84,All,11.52,9.45,14.05,1762,15300
IN-AR,Arunachal Pradesh,Both,All,80-84,None,16.13,13.23,19.68,493,3059
IN-AR,Arunachal Pradesh,Both,All,80-84,Primary,12.10,9.92,14.76,370,3059
IN-AR,Arunachal Pradesh,Both,All,80-84,Middle,9.22,7.56,11.25,282,3059
IN-AR,Arunachal Pradesh,Both,All,80-84,Secondary,6.91,5.67,8.43,211,3059
IN-AR,Arunachal Pradesh,Both,All,80-84,Higher,5.18,4.25,6.32,158,3059
IN-AR,Arunachal Pradesh,Both,All,85+,All,15.84,12.99,19.32,2423,15300
IN-AR,Arunachal Pradesh,Both,All,85+,None,22.18,18.19,27.06,678,3059
IN-AR,Arunachal Pradesh,Both,All,85+,Primary,16.63,13.64,20.29,508,3059
IN-AR,Arunachal Pradesh,Both,All,85+,Middle,12.67,10.39,15.46,387,3059
IN-AR,Arunachal Pradesh,Both,All,85+,Secondary,9.50,7.79,11.59,290,3059
IN-AR,Arunachal Pradesh,Both,All,85+,Higher,7.13,5.85,8.70,218,3059
IN-AR,Arunachal Pradesh,Both,Urban,60+,All,3.94,3.23,4.81,1071,27200
IN-AR,Arunachal Pradesh,Both,Urban,60+,None,5.51,4.52,6.72,299,5440
IN-AR,Arunachal Pradesh,Both,Urban,60+,Primary,4.13,3.39,5.04,224,5440
IN-AR,Arunachal Pradesh,Both,Urban,60+,Middle,3.15,2.58,3.84,171,5440
IN-AR,Arunachal Pradesh,Both,Urban,60+,Secondary,2.36,1.94,2.88,128,5440
IN-AR,Arunachal Pradesh,Both,Urban,60+,Higher,1.77,1.45,2.16,96,5440
IN-AR,Arunachal Pradesh,Both,Urban,60-64,All,1.77,1.45,2.16,86,4896
IN-AR,Arunachal Pradesh,Both,Urban,60-64,None,2.48,2.03,3.03,24,979
IN-AR,Arunachal Pradesh,Both,Urban,60-64,Primary,1.86,1.53,2.27,18,979
IN-AR,Arunachal Pradesh,Both,Urban,60-64,Middle,1.42,1.16,1.73,13,979
IN-AR,Arunachal Pradesh,Both,Urban,60-64,Secondary,1.06,0.87,1.29,10,979
IN-AR,Arunachal Pradesh,Both,Urban,60-64,Higher,1.00,0.82,1.22,9,979
IN-AR,Arunachal Pradesh,Both,Urban,65-69,All,2.95,2.42,3.60,144,4896
IN-AR,Arunachal Pradesh,Both,Urban,65-69,None,4.13,3.39,5.04,40,979
IN-AR,Arunachal Pradesh,Both,Urban,65-69,Primary,3.10,2.54,3.78,30,979
IN-AR,Arunachal Pradesh,Both,Urban,65-69,Middle,2.36,1.94,2.88,23,979
IN-AR,Arunachal Pradesh,Both,Urban,65-69,Secondary,1.77,1.45,2.16,17,979
IN-AR,Arunachal Pradesh,Both,Urban,65-69,Higher,1.33,1.09,1.62,13,979
IN-AR,Arunachal Pradesh,Both,Urban,70-74,All,4.53,3.71,5.53,221,4896
IN-AR,Arunachal Pradesh,Both,Urban,70-74,None,6.34,5.20,7.73,62,979
IN-AR,Arunachal Pradesh,Both,Urban,70-74,Primary,4.75,3.89,5.80,46,979
IN-AR,Arunachal Pradesh,Both,Urban,70-74,Middle,3.62,2.97,4.42,35,979
IN-AR,Arunachal Pradesh,Both,Urban,70-74,Secondary,2.72,2.23,3.32,26,979
IN-AR,Arunachal Pradesh,Both,Urban,70-74,Higher,2.04,1.67,2.49,19,979
IN-AR,Arunachal Pradesh,Both,Urban,75-79,All,6.69,5.49,8.16,327,4896
IN-AR,Arunachal Pradesh,Both,Urban,75-79,None,9.37,7.68,11.43,91,979
IN-AR,Arunachal Pradesh,Both,Urban,75-79,Primary,7.03,5.76,8.58,68,979
IN-AR,Arunachal Pradesh,Both,Urban,75-79,Middle,5.35,4.39,6.53,52,979
IN-AR,Arunachal Pradesh,Both,Urban,75-79,Secondary,4.01,3.29,4.89,39,979
IN-AR,Arunachal Pradesh,Both,Urban,75-79,Higher,3.01,2.47,3.67,29,979
IN-AR,Arunachal Pradesh,Both,Urban,80-84,All,9.45,7.75,11.53,462,4896
IN-AR,Arunachal Pradesh,Both,Urban,80-84,None,13.22,10.84,16.13,129,979
IN-AR,Arunachal Pradesh,Both,Urban,80-84,Primary,9.92,8.13,12.10,97,979
IN-AR,Arunachal Pradesh,Both,Urban,80-84,Middle,7.56,6.20,9.22,74,979
IN-AR,Arunachal Pradesh,Both,Urban,80-84,Secondary,5.67,4.65,6.92,55,979
IN-AR,Arunachal Pradesh,Both,Urban,80-84,Higher,4.25,3.49,5.19,41,979
IN-AR,Arunachal Pradesh,Both,Urban,85+,All,12.99,10.65,15.85,635,4896
IN-AR,Arunachal Pradesh,Both,Urban,85+,None,18.18,14.91,22.18,177,979
IN-AR,Arunachal Pradesh,Both,Urban,85+,Primary,13.64,11.18,16.64,133,979
IN-AR,Arunachal Pradesh,Both,Urban,85+,Middle,10.39,8.52,12.68,101,979
IN-AR,Arunachal Pradesh,Both,Urban,85+,Secondary,7.79,6.39,9.50,76,979
IN-AR,Arunachal Pradesh,Both,Urban,85+,Higher,5.84,4.79,7.12,57,979
IN-AR,Arunachal Pradesh,Both,Rural,60+,All,5.86,4.81,7.15,3387,57800
IN-AR,Arunachal Pradesh,Both,Rural,60+,None,8.20,6.72,10.00,947,11560
IN-AR,Arunachal Pradesh,Both,Rural,60+,Primary,6.15,5.04,7.50,710,11560
IN-AR,Arunachal Pradesh,Both,Rural,60+,Middle,4.68,3.84,5.71,541,11560
IN-AR,Arunachal Pradesh,Both,Rural,60+,Secondary,3.51,2.88,4.28,405,11560
IN-AR,Arunachal Pradesh,Both,Rural,60+,Higher,2.64,2.16,3.22,305,11560
IN-AR,Arunachal Pradesh,Both,Rural,60-64,All,2.64,2.16,3.22,274,10404
IN-AR,Arunachal Pradesh,Both,Rural,60-64,None,3.69,3.03,4.50,76,2080
IN-AR,Arunachal Pradesh,Both,Rural,60-64,Primary,2.77,2.27,3.38,57,2080
IN-AR,Arunachal Pradesh,Both,Rural,60-64,Middle,2.11,1.73,2.57,43,2080
IN-AR,Arunachal Pradesh,Both,Rural,60-64,Secondary,1.58,1.30,1.93,32,2080
IN-AR,Arunachal Pradesh,Both,Rural,60-64,Higher,1.19,0.98,1.45,24,2080
IN-AR,Arunachal Pradesh,Both,Rural,65-69,All,4.39,3.60,5.36,456,10404
IN-AR,Arunachal Pradesh,Both,Rural,65-69,None,6.15,5.04,7.50,127,2080
IN-AR,Arunachal Pradesh,Both,Rural,65-69,Primary,4.61,3.78,5.62,95,2080
IN-AR,Arunachal Pradesh,Both,Rural,65-69,Middle,3.51,2.88,4.28,73,2080
IN-AR,Arunachal Pradesh,Both,Rural,65-69,Secondary,2.64,2.16,3.22,54,2080
IN-AR,Arunachal Pradesh,Both,Rural,65-69,Higher,1.98,1.62,2.42,41,2080
IN-AR,Arunachal Pradesh,Both,Rural,70-74,All,6.73,5.52,8.21,700,10404
IN-AR,Arunachal Pradesh,Both,Rural,70-74,None,9.43,7.73,11.50,196,2080
IN-AR,Arunachal Pradesh,Both,Rural,70-74,Primary,7.07,5.80,8.63,147,2080
IN-AR,Arunachal Pradesh,Both,Rural,70-74,Middle,5.39,4.42,6.58,112,2080
IN-AR,Arunachal Pradesh,Both,Rural,70-74,Secondary,4.04,3.31,4.93,84,2080
IN-AR,Arunachal Pradesh,Both,Rural,70-74,Higher,3.03,2.48,3.70,63,2080
IN-AR,Arunachal Pradesh,Both,Rural,75-79,All,9.96,8.17,12.15,1036,10404
IN-AR,Arunachal Pradesh,Both,Rural,75-79,None,13.94,11.43,17.01,289,2080
IN-AR,Arunachal Pradesh,Both,Rural,75-79,Primary,10.45,8.57,12.75,217,2080
IN-AR,Arunachal Pradesh,Both,Rural,75-79,Middle,7.96,6.53,9.71,165,2080
IN-AR,Arunachal Pradesh,Both,Rural,75-79,Secondary,5.97,4.90,7.28,124,2080
IN-AR,Arunachal Pradesh,Both,Rural,75-79,Higher,4.48,3.67,5.47,93,2080
IN-AR,Arunachal Pradesh,Both,Rural,80-84,All,14.05,11.52,17.14,1461,10404
IN-AR,Arunachal Pradesh,Both,Rural,80-84,None,19.68,16.14,24.01,409,2080
IN-AR,Arunachal Pradesh,Both,Rural,80-84,Primary,14.76,12.10,18.01,307,2080
IN-AR,Arunachal Pradesh,Both,Rural,80-84,Middle,11.24,9.22,13.71,233,2080
IN-AR,Arunachal Pradesh,Both,Rural,80-84,Secondary,8.43,6.91,10.28,175,2080
IN-AR,Arunachal Pradesh,Both,Rural,80-84,Higher,6.32,5.18,7.71,131,2080
IN-AR,Arunachal Pradesh,Both,Rural,85+,All,19.32,15.84,23.57,2010,10404
IN-AR,Arunachal Pradesh,Both,Rural,85+,None,27.05,22.18,33.00,562,2080
IN-AR,Arunachal Pradesh,Both,Rural,85+,Primary,20.29,16.64,24.75,422,2080
IN-AR,Arunachal Pradesh,Both,Rural,85+,Middle,15.46,12.68,18.86,321,2080
IN-AR,Arunachal Pradesh,Both,Rural,85+,Secondary,11.59,9.50,14.14,241,2080
IN-AR,Arunachal Pradesh,Both,Rural,85+,Higher,8.70,7.13,10.61,180,2080
IN-AR,Arunachal Pradesh,Male,All,60+,All,4.08,3.35,4.98,1734,42500
IN-AR,Arunachal Pradesh,Male,All,60+,None,5.71,4.68,6.97,485,8500
IN-AR,Arunachal Pradesh,Male,All,60+,Primary,4.28,3.51,5.22,363,8500
IN-AR,Arunachal Pradesh,Male,All,60+,Middle,3.26,2.67,3.98,277,8500
IN-AR,Arunachal Pradesh,Male,All,60+,Secondary,2.45,2.01,2.99,208,8500
IN-AR,Arunachal Pradesh,Male,All,60+,Higher,1.84,1.51,2.24,156,8500
IN-AR,Arunachal Pradesh,Male,All,60-64,All,1.84,1.51,2.24,140,7650
IN-AR,Arunachal Pradesh,Male,All,60-64,None,2.57,2.11,3.14,39,1529
IN-AR,Arunachal Pradesh,Male,All,60-64,Primary,1.93,1.58,2.35,29,1529
IN-AR,Arunachal Pradesh,Male,All,60-64,Middle,1.47,1.21,1.79,22,1529
IN-AR,Arunachal Pradesh,Male,All,60-64,Secondary,1.10,0.90,1.34,16,1529
IN-AR,Arunachal Pradesh,Male,All,60-64,Higher,1.00,0.82,1.22,15,1529
IN-AR,Arunachal Pradesh,Male,All,65-69,All,3.06,2.51,3.73,234,7650
IN-AR,Arunachal Pradesh,Male,All,65-69,None,4.28,3.51,5.22,65,1529
IN-AR,Arunachal Pradesh,Male,All,65-69,Primary,3.21,2.63,3.92,49,1529
IN-AR,Arunachal Pradesh,Male,All,65-69,Middle,2.45,2.01,2.99,37,1529
IN-AR,Arunachal Pradesh,Male,All,65-69,Secondary,1.84,1.51,2.24,28,1529
IN-AR,Arunachal Pradesh,Male,All,65-69,Higher,1.38,1.13,1.68,21,1529
IN-AR,Arunachal Pradesh,Male,All,70-74,All,4.69,3.85,5.72,358,7650
IN-AR,Arunachal Pradesh,Male,All,70-74,None,6.57,5.39,8.02,100,1529
IN-AR,Arunachal Pradesh,Male,All,70-74,Primary,4.93,4.04,6.01,75,1529
IN-AR,Arunachal Pradesh,Male,All,70-74,Middle,3.75,3.08,4.58,57,1529
IN-AR,Arunachal Pradesh,Male,All,70-74,Secondary,2.82,2.31,3.44,43,1529
IN-AR,Arunachal Pradesh,Male,All,70-74,Higher,2.11,1.73,2.57,32,1529
IN-AR,Arunachal Pradesh,Male,All,75-79,All,6.94,5.69,8.47,530,7650
IN-AR,Arunachal Pradesh,Male,All,75-79,None,9.71,7.96,11.85,148,1529
IN-AR,Arunachal Pradesh,Male,All,75-79,Primary,7.28,5.97,8.88,111,1529
IN-AR,Arunachal Pradesh,Male,All,75-79,Middle,5.55,4.55,6.77,84,1529
IN-AR,Arunachal Pradesh,Male,All,75-79,Secondary,4.16,3.41,5.08,63,1529
IN-AR,Arunachal Pradesh,Male,All,75-79,Higher,3.12,2.56,3.81,47,1529
IN-AR,Arunachal Pradesh,Male,All,80-84,All,9.79,8.03,11.94,748,7650
IN-AR,Arunachal Pradesh,Male,All,80-84,None,13.71,11.24,16.73,209,1529
IN-AR,Arunachal Pradesh,Male,All,80-84,Primary,10.28,8.43,12.54,157,1529
IN-AR,Arunachal Pradesh,Male,All,80-84,Middle,7.83,6.42,9.55,119,1529
IN-AR,Arunachal Pradesh,Male,All,80-84,Secondary,5.88,4.82,7.17,89,1529
IN-AR,Arunachal Pradesh,Male,All,80-84,Higher,4.41,3.62,5.38,67,1529
IN-AR,Arunachal Pradesh,Male,All,85+,All,13.46,11.04,16.42,1029,7650
IN-AR,Arunachal Pradesh,Male,All,85+,None,18.85,15.46,23.00,288,1529
IN-AR,Arunachal Pradesh,Male,All,85+,Primary,14.14,11.59,17.25,216,1529
IN-AR,Arunachal Pradesh,Male,All,85+,Middle,10.77,8.83,13.14,164,1529
IN-AR,Arunachal Pradesh,Male,All,85+,Secondary,8.08,6.63,9.86,123,1529
IN-AR,Arunachal Pradesh,Male,All,85+,Higher,6.06,4.97,7.39,92,1529
IN-AR,Arunachal Pradesh,Male,Urban,60+,All,3.35,2.75,4.09,455,13600
IN-AR,Arunachal Pradesh,Male,Urban,60+,None,4.68,3.84,5.71,127,2720
IN-AR,Arunachal Pradesh,Male,Urban,60+,Primary,3.51,2.88,4.28,95,2720
IN-AR,Arunachal Pradesh,Male,Urban,60+,Middle,2.68,2.20,3.27,72,2720
IN-AR,Arunachal Pradesh,Male,Urban,60+,Secondary,2.01,1.65,2.45,54,2720
IN-AR,Arunachal Pradesh,Male,Urban,60+,Higher,1.51,1.24,1.84,41,2720
IN-AR,Arunachal Pradesh,Male,Urban,60-64,All,1.51,1.24,1.84,36,2448
IN-AR,Arunachal Pradesh,Male,Urban,60-64,None,2.11,1.73,2.57,10,489
IN-AR,Arunachal Pradesh,Male,Urban,60-64,Primary,1.58,1.30,1.93,7,489
IN-AR,Arunachal Pradesh,Male,Urban,60-64,Middle,1.20,0.98,1.46,5,489
IN-AR,Arunachal Pradesh,Male,Urban,60-64,Secondary,1.00,0.82,1.22,4,489
IN-AR,Arunachal Pradesh,Male,Urban,60-64,Higher,1.00,0.82,1.22,4,489
IN-AR,Arunachal Pradesh,Male,Urban,65-69,All,2.51,2.06,3.06,61,2448
IN-AR,Arunachal Pradesh,Male,Urban,65-69,None,3.51,2.88,4.28,17,489
IN-AR,Arunachal Pradesh,Male,Urban,65-69,Primary,2.63,2.16,3.21,12,489
IN-AR,Arunachal Pradesh,Male,Urban,65-69,Middle,2.01,1.65,2.45,9,489
IN-AR,Arunachal Pradesh,Male,Urban,65-69,Secondary,1.51,1.24,1.84,7,489
IN-AR,Arunachal Pradesh,Male,Urban,65-69,Higher,1.13,0.93,1.38,5,489
IN-AR,Arunachal Pradesh,Male,Urban,70-74,All,3.85,3.16,4.70,94,2448
IN-AR,Arunachal Pradesh,Male,Urban,70-74,None,5.39,4.42,6.58,26,489
IN-AR,Arunachal Pradesh,Male,Urban,70-74,Primary,4.04,3.31,4.93,19,489
IN-AR,Arunachal Pradesh,Male,Urban,70-74,Middle,3.08,2.53,3.76,15,489
IN-AR,Arunachal Pradesh,Male,Urban,70-74,Secondary,2.31,1.89,2.82,11,489
IN-AR,Arunachal Pradesh,Male,Urban,70-74,Higher,1.73,1.42,2.11,8,489
IN-AR,Arunachal Pradesh,Male,Urban,75-79,All,5.69,4.67,6.94,139,2448
IN-AR,Arunachal Pradesh,Male,Urban,75-79,None,7.96,6.53,9.71,38,489
IN-AR,Arunachal Pradesh,Male,Urban,75-79,Primary,5.97,4.90,7.28,29,489
IN-AR,Arunachal Pradesh,Male,Urban,75-79,Middle,4.55,3.73,5.55,22,489
IN-AR,Arunachal Pradesh,Male,Urban,75-79,Secondary,3.41,2.80,4.16,16,489
IN-AR,Arunachal Pradesh,Male,Urban,75-79,Higher,2.56,2.10,3.12,12,489
IN-AR,Arunachal Pradesh,Male,Urban,80-84,All,8.03,6.58,9.80,196,2448
IN-AR,Arunachal Pradesh,Male,Urban,80-84,None,11.24,9.22,13.71,54,489
IN-AR,Arunachal Pradesh,Male,Urban,80-84,Primary,8.43,6.91,10.28,41,489
IN-AR,Arunachal Pradesh,Male,Urban,80-84,Middle,6.42,5.26,7.83,31,489
IN-AR,Arunachal Pradesh,Male,Urban,80-84,Secondary,4.82,3.95,5.88,23,489
IN-AR,Arunachal Pradesh,Male,Urban,80-84,Higher,3.61,2.96,4.40,17,489
IN-AR,Arunachal Pradesh,Male,Urban,85+,All,11.04,9.05,13.47,270,2448
IN-AR,Arunachal Pradesh,Male,Urban,85+,None,15.46,12.68,18.86,75,489
IN-AR,Arunachal Pradesh,Male,Urban,85+,Primary,11.59,9.50,14.14,56,489
IN-AR,Arunachal Pradesh,Male,Urban,85+,Middle,8.83,7.24,10.77,43,489
IN-AR,Arunachal Pradesh,Male,Urban,85+,Secondary,6.62,5.43,8.08,32,489
IN-AR,Arunachal Pradesh,Male,Urban,85+,Higher,4.97,4.08,6.06,24,489
IN-AR,Arunachal Pradesh,Male,Rural,60+,All,4.98,4.08,6.08,1439,28900
IN-AR,Arunachal Pradesh,Male,Rural,60+,None,6.97,5.72,8.50,402,5780
IN-AR,Arunachal Pradesh,Male,Rural,60+,Primary,5.23,4.29,6.38,302,5780
IN-AR,Arunachal Pradesh,Male,Rural,60+,Middle,3.98,3.26,4.86,230,5780
IN-AR,Arunachal Pradesh,Male,Rural,60+,Secondary,2.99,2.45,3.65,172,5780
IN-AR,Arunachal Pradesh,Male,Rural,60+,Higher,2.24,1.84,2.73,129,5780
IN-AR,Arunachal Pradesh,Male,Rural,60-64,All,2.24,1.84,2.73,116,5202
IN-AR,Arunachal Pradesh,Male,Rural,60-64,None,3.14,2.57,3.83,32,1040
IN-AR,Arunachal Pradesh,Male,Rural,60-64,Primary,2.35,1.93,2.87,24,1040
IN-AR,Arunachal Pradesh,Male,Rural,60-64,Middle,1.79,1.47,2.18,18,1040
IN-AR,Arunachal Pradesh,Male,Rural,60-64,Secondary,1.34,1.10,1.63,13,1040
IN-AR,Arunachal Pradesh,Male,Rural,60-64,Higher,1.01,0.83,1.23,10,1040
IN-AR,Arunachal Pradesh,Male,Rural,65-69,All,3.73,3.06,4.55,194,5202
IN-AR,Arunachal Pradesh,Male,Rural,65-69,None,5.23,4.29,6.38,54,1040
IN-AR,Arunachal Pradesh,Male,Rural,65-69,Primary,3.92,3.21,4.78,40,1040
IN-AR,Arunachal Pradesh,Male,Rural,65-69,Middle,2.99,2.45,3.65,31,1040
IN-AR,Arunachal Pradesh,Male,Rural,65-69,Secondary,2.24,1.84,2.73,23,1040
IN-AR,Arunachal Pradesh,Male,Rural,65-69,Higher,1.68,1.38,2.05,17,1040
IN-AR,Arunachal Pradesh,Male,Rural,70-74,All,5.72,4.69,6.98,297,5202
IN-AR,Arunachal Pradesh,Male,Rural,70-74,None,8.01,6.57,9.77,83,1040
IN-AR,Arunachal Pradesh,Male,Rural,70-74,Primary,6.01,4.93,7.33,62,1040
IN-AR,Arunachal Pradesh,Male,Rural,70-74,Middle,4.58,3.76,5.59,47,1040
IN-AR,Arunachal Pradesh,Male,Rural,70-74,Secondary,3.43,2.81,4.18,35,1040
IN-AR,Arunachal Pradesh,Male,Rural,70-74,Higher,2.58,2.12,3.15,26,1040
IN-AR,Arunachal Pradesh,Male,Rural,75-79,All,8.46,6.94,10.32,440,5202
IN-AR,Arunachal Pradesh,Male,Rural,75-79,None,11.85,9.72,14.46,123,1040
IN-AR,Arunachal Pradesh,Male,Rural,75-79,Primary,8.89,7.29,10.85,92,1040
IN-AR,Arunachal Pradesh,Male,Rural,75-79,Middle,6.77,5.55,8.26,70,1040
IN-AR,Arunachal Pradesh,Male,Rural,75-79,Secondary,5.08,4.17,6.20,52,1040
IN-AR,Arunachal Pradesh,Male,Rural,75-79,Higher,3.81,3.12,4.65,39,1040
IN-AR,Arunachal Pradesh,Male,Rural,80-84,All,11.95,9.80,14.58,621,5202
IN-AR,Arunachal Pradesh,Male,Rural,80-84,None,16.72,13.71,20.40,173,1040
IN-AR,Arunachal Pradesh,Male,Rural,80-84,Primary,12.54,10.28,15.30,130,1040
IN-AR,Arunachal Pradesh,Male,Rural,80-84,Middle,9.56,7.84,11.66,99,1040
IN-AR,Arunachal Pradesh,Male,Rural,80-84,Secondary,7.17,5.88,8.75,74,1040
IN-AR,Arunachal Pradesh,Male,Rural,80-84,Higher,5.38,4.41,6.56,55,1040
IN-AR,Arunachal Pradesh,Male,Rural,85+,All,16.43,13.47,20.04,854,5202
IN-AR,Arunachal Pradesh,Male,Rural,85+,None,23.00,18.86,28.06,239,1040
IN-AR,Arunachal Pradesh,Male,Rural,85+,Primary,17.25,14.15,21.05,179,1040
IN-AR,Arunachal Pradesh,Male,Rural,85+,Middle,13.14,10.77,16.03,136,1040
IN-AR,Arunachal Pradesh,Male,Rural,85+,Secondary,9.86,8.09,12.03,102,1040
IN-AR,Arunachal Pradesh,Male,Rural,85+,Higher,7.39,6.06,9.02,76,1040
IN-AR,Arunachal Pradesh,Female,All,60+,All,5.52,4.53,6.73,2346,42500
IN-AR,Arunachal Pradesh,Female,All,60+,None,7.73,6.34,9.43,657,8500
IN-AR,Arunachal Pradesh,Female,All,60+,Primary,5.80,4.76,7.08,492,8500
IN-AR,Arunachal Pradesh,Female,All,60+,Middle,4.42,3.62,5.39,375,8500
IN-AR,Arunachal Pradesh,Female,All,60+,Secondary,3.31,2.71,4.04,281,8500
IN-AR,Arunachal Pradesh,Female,All,60+,Higher,2.48,2.03,3.03,210,8500
IN-AR,Arunachal Pradesh,Female,All,60-64,All,2.48,2.03,3.03,189,7650
IN-AR,Arunachal Pradesh,Female,All,60-64,None,3.48,2.85,4.25,53,1529
IN-AR,Arunachal Pradesh,Female,All,60-64,Primary,2.61,2.14,3.18,39,1529
IN-AR,Arunachal Pradesh,Female,All,60-64,Middle,1.99,1.63,2.43,30,1529
IN-AR,Arunachal Pradesh,Female,All,60-64,Secondary,1.49,1.22,1.82,22,1529
IN-AR,Arunachal Pradesh,Female,All,60-64,Higher,1.12,0.92,1.37,17,1529
IN-AR,Arunachal Pradesh,Female,All,65-69,All,4.14,3.39,5.05,316,7650
IN-AR,Arunachal Pradesh,Female,All,65-69,None,5.80,4.76,7.08,88,1529
IN-AR,Arunachal Pradesh,Female,All,65-69,Primary,4.35,3.57,5.31,66,1529
IN-AR,Arunachal Pradesh,Female,All,65-69,Middle,3.31,2.71,4.04,50,1529
IN-AR,Arunachal Pradesh,Female,All,65-69,Secondary,2.48,2.03,3.03,37,1529
IN-AR,Arunachal Pradesh,Female,All,65-69,Higher,1.86,1.53,2.27,28,1529
IN-AR,Arunachal Pradesh,Female,All,70-74,All,6.35,5.21,7.75,485,7650
IN-AR,Arunachal Pradesh,Female,All,70-74,None,8.89,7.29,10.85,135,1529
IN-AR,Arunachal Pradesh,Female,All,70-74,Primary,6.67,5.47,8.14,101,1529
IN-AR,Arunachal Pradesh,Female,All,70-74,Middle,5.08,4.17,6.20,77,1529
IN-AR,Arunachal Pradesh,Female,All,70-74,Secondary,3.81,3.12,4.65,58,1529
IN-AR,Arunachal Pradesh,Female,All,70-74,Higher,2.86,2.35,3.49,43,1529
IN-AR,Arunachal Pradesh,Female,All,75-79,All,9.38,7.69,11.44,717,7650
IN-AR,Arunachal Pradesh,Female,All,75-79,None,13.14,10.77,16.03,200,1529
IN-AR,Arunachal Pradesh,Female,All,75-79,Primary,9.85,8.08,12.02,150,1529
IN-AR,Arunachal Pradesh,Female,All,75-79,Middle,7.51,6.16,9.16,114,1529
IN-AR,Arunachal Pradesh,Female,All,75-79,Secondary,5.63,4.62,6.87,86,1529
IN-AR,Arunachal Pradesh,Female,All,75-79,Higher,4.22,3.46,5.15,64,1529
IN-AR,Arunachal Pradesh,Female,All,80-84,All,13.25,10.87,16.17,1013,7650
IN-AR,Arunachal Pradesh,Female,All,80-84,None,18.55,15.21,22.63,283,1529
IN-AR,Arunachal Pradesh,Female,All,80-84,Primary,13.91,11.41,16.97,212,1529
IN-AR,Arunachal Pradesh,Female,All,80-84,Middle,10.60,8.69,12.93,162,1529
IN-AR,Arunachal Pradesh,Female,All,80-84,Secondary,7.95,6.52,9.70,121,1529
IN-AR,Arunachal Pradesh,Female,All,80-84,Higher,5.96,4.89,7.27,91,1529
IN-AR,Arunachal Pradesh,Female,All,85+,All,18.22,14.94,22.23,1393,7650
IN-AR,Arunachal Pradesh,Female,All,85+,None,25.50,20.91,31.11,389,1529
IN-AR,Arunachal Pradesh,Female,All,85+,Primary,19.13,15.69,23.34,292,1529
IN-AR,Arunachal Pradesh,Female,All,85+,Middle,14.57,11.95,17.78,222,1529
IN-AR,Arunachal Pradesh,Female,All,85+,Secondary,10.93,8.96,13.33,167,1529
IN-AR,Arunachal Pradesh,Female,All,85+,Higher,8.20,6.72,10.00,125,1529
IN-AR,Arunachal Pradesh,Female,Urban,60+,All,4.53,3.71,5.53,616,13600
IN-AR,Arunachal Pradesh,Female,Urban,60+,None,6.34,5.20,7.73,172,2720
IN-AR,Arunachal Pradesh,Female,Urban,60+,Primary,4.75,3.89,5.80,129,2720
IN-AR,Arunachal Pradesh,Female,Urban,60+,Middle,3.62,2.97,4.42,98,2720
IN-AR,Arunachal Pradesh,Female,Urban,60+,Secondary,2.72,2.23,3.32,73,2720
IN-AR,Arunachal Pradesh,Female,Urban,60+,Higher,2.04,1.67,2.49,55,2720
IN-AR,Arunachal Pradesh,Female,Urban,60-64,All,2.04,1.67,2.49,49,2448
IN-AR,Arunachal Pradesh,Female,Urban,60-64,None,2.85,2.34,3.48,13,489
IN-AR,Arunachal Pradesh,Female,Urban,60-64,Primary,2.14,1.75,2.61,10,489
IN-AR,Arunachal Pradesh,Female,Urban,60-64,Middle,1.63,1.34,1.99,7,489
IN-AR,Arunachal Pradesh,Female,Urban,60-64,Secondary,1.22,1.00,1.49,5,489
IN-AR,Arunachal Pradesh,Female,Urban,60-64,Higher,1.00,0.82,1.22,4,489
IN-AR,Arunachal Pradesh,Female,Urban,65-69,All,3.39,2.78,4.14,82,2448
IN-AR,Arunachal Pradesh,Female,Urban,65-69,None,4.75,3.89,5.80,23,489
IN-AR,Arunachal Pradesh,Female,Urban,65-69,Primary,3.56,2.92,4.34,17,489
IN-AR,Arunachal Pradesh,Female,Urban,65-69,Middle,2.72,2.23,3.32,13,489
IN-AR,Arunachal Pradesh,Female,Urban,65-69,Secondary,2.04,1.67,2.49,9,489
IN-AR,Arunachal Pradesh,Female,Urban,65-69,Higher,1.53,1.25,1.87,7,489
IN-AR,Arunachal Pradesh,Female,Urban,70-74,All,5.21,4.27,6.36,127,2448
IN-AR,Arunachal Pradesh,Female,Urban,70-74,None,7.29,5.98,8.89,35,489
IN-AR,Arunachal Pradesh,Female,Urban,70-74,Primary,5.47,4.49,6.67,26,489
IN-AR,Arunachal Pradesh,Female,Urban,70-74,Middle,4.16,3.41,5.08,20,489
IN-AR,Arunachal Pradesh,Female,Urban,70-74,Secondary,3.12,2.56,3.81,15,489
IN-AR,Arunachal Pradesh,Female,Urban,70-74,Higher,2.34,1.92,2.85,11,489
IN-AR,Arunachal Pradesh,Female,Urban,75-79,All,7.69,6.31,9.38,188,2448
IN-AR,Arunachal Pradesh,Female,Urban,75-79,None,10.77,8.83,13.14,52,489
IN-AR,Arunachal Pradesh,Female,Urban,75-79,Primary,8.08,6.63,9.86,39,489
IN-AR,Arunachal Pradesh,Female,Urban,75-79,Middle,6.16,5.05,7.52,30,489
IN-AR,Arunachal Pradesh,Female,Urban,75-79,Secondary,4.62,3.79,5.64,22,489
IN-AR,Arunachal Pradesh,Female,Urban,75-79,Higher,3.46,2.84,4.22,16,489
IN-AR,Arunachal Pradesh,Female,Urban,80-84,All,10.86,8.91,13.25,265,2448
IN-AR,Arunachal Pradesh,Female,Urban,80-84,None,15.21,12.47,18.56,74,489
IN-AR,Arunachal Pradesh,Female,Urban,80-84,Primary,11.41,9.36,13.92,55,489
IN-AR,Arunachal Pradesh,Female,Urban,80-84,Middle,8.69,7.13,10.60,42,489
IN-AR,Arunachal Pradesh,Female,Urban,80-84,Secondary,6.52,5.35,7.95,31,489
IN-AR,Arunachal Pradesh,Female,Urban,80-84,Higher,4.89,4.01,5.97,23,489
IN-AR,Arunachal Pradesh,Female,Urban,85+,All,14.94,12.25,18.23,365,2448
IN-AR,Arunachal Pradesh,Female,Urban,85+,None,20.91,17.15,25.51,102,489
IN-AR,Arunachal Pradesh,Female,Urban,85+,Primary,15.68,12.86,19.13,76,489
IN-AR,Arunachal Pradesh,Female,Urban,85+,Middle,11.95,9.80,14.58,58,489
IN-AR,Arunachal Pradesh,Female,Urban,85+,Secondary,8.96,7.35,10.93,43,489
IN-AR,Arunachal Pradesh,Female,Urban,85+,Higher,6.72,5.51,8.20,32,489
IN-AR,Arunachal Pradesh,Female,Rural,60+,All,6.73,5.52,8.21,1944,28900
IN-AR,Arunachal Pradesh,Female,Rural,60+,None,9.43,7.73,11.50,545,5780
IN-AR,Arunachal Pradesh,Female,Rural,60+,Primary,7.07,5.80,8.63,408,5780
IN-AR,Arunachal Pradesh,Female,Rural,60+,Middle,5.39,4.42,6.58,311,5780
IN-AR,Arunachal Pradesh,Female,Rural,60+,Secondary,4.04,3.31,4.93,233,5780
IN-AR,Arunachal Pradesh,Female,Rural,60+,Higher,3.03,2.48,3.70,175,5780
IN-AR,Arunachal Pradesh,Female,Rural,60-64,All,3.03,2.48,3.70,157,5202
IN-AR,Arunachal Pradesh,Female,Rural,60-64,None,4.24,3.48,5.17,44,1040
IN-AR,Arunachal Pradesh,Female,Rural,60-64,Primary,3.18,2.61,3.88,33,1040
IN-AR,Arunachal Pradesh,Female,Rural,60-64,Middle,2.42,1.98,2.95,25,1040
IN-AR,Arunachal Pradesh,Female,Rural,60-64,Secondary,1.82,1.49,2.22,18,1040
IN-AR,Arunachal Pradesh,Female,Rural,60-64,Higher,1.36,1.12,1.66,14,1040
IN-AR,Arunachal Pradesh,Female,Rural,65-69,All,5.05,4.14,6.16,262,5202
IN-AR,Arunachal Pradesh,Female,Rural,65-69,None,7.07,5.80,8.63,73,1040
IN-AR,Arunachal Pradesh,Female,Rural,65-69,Primary,5.30,4.35,6.47,55,1040
IN-AR,Arunachal Pradesh,Female,Rural,65-69,Middle,4.04,3.31,4.93,42,1040
IN-AR,Arunachal Pradesh,Female,Rural,65-69,Secondary,3.03,2.48,3.70,31,1040
IN-AR,Arunachal Pradesh,Female,Rural,65-69,Higher,2.27,1.86,2.77,23,1040
IN-AR,Arunachal Pradesh,Female,Rural,70-74,All,7.74,6.35,9.44,402,5202
IN-AR,Arunachal Pradesh,Female,Rural,70-74,None,10.84,8.89,13.22,112,1040
IN-AR,Arunachal Pradesh,Female,Rural,70-74,Primary,8.13,6.67,9.92,84,1040
IN-AR,Arunachal Pradesh,Female,Rural,70-74,Middle,6.20,5.08,7.56,64,1040
IN-AR,Arunachal Pradesh,Female,Rural,70-74,Secondary,4.65,3.81,5.67,48,1040
IN-AR,Arunachal Pradesh,Female,Rural,70-74,Higher,3.49,2.86,4.26,36,1040
IN-AR,Arunachal Pradesh,Female,Rural,75-79,All,11.45,9.39,13.97,595,5202
IN-AR,Arunachal Pradesh,Female,Rural,75-79,None,16.03,13.14,19.56,166,1040
IN-AR,Arunachal Pradesh,Female,Rural,75-79,Primary,12.02,9.86,14.66,125,1040
IN-AR,Arunachal Pradesh,Female,Rural,75-79,Middle,9.16,7.51,11.18,95,1040
IN-AR,Arunachal Pradesh,Female,Rural,75-79,Secondary,6.87,5.63,8.38,71,1040
IN-AR,Arunachal Pradesh,Female,Rural,75-79,Higher,5.15,4.22,6.28,53,1040
IN-AR,Arunachal Pradesh,Female,Rural,80-84,All,16.16,13.25,19.72,840,5202
IN-AR,Arunachal Pradesh,Female,Rural,80-84,None,22.63,18.56,27.61,235,1040
IN-AR,Arunachal Pradesh,Female,Rural,80-84,Primary,16.97,13.92,20.70,176,1040
IN-AR,Arunachal Pradesh,Female,Rural,80-84,Middle,12.93,10.60,15.77,134,1040
IN-AR,Arunachal Pradesh,Female,Rural,80-84,Secondary,9.70,7.95,11.83,100,1040
IN-AR,Arunachal Pradesh,Female,Rural,80-84,Higher,7.27,5.96,8.87,75,1040
IN-AR,Arunachal Pradesh,Female,Rural,85+,All,22.22,18.22,27.11,1155,5202
IN-AR,Arunachal Pradesh,Female,Rural,85+,None,31.11,25.51,37.95,323,1040
IN-AR,Arunachal Pradesh,Female,Rural,85+,Primary,23.33,19.13,28.46,242,1040
IN-AR,Arunachal Pradesh,Female,Rural,85+,Middle,17.78,14.58,21.69,184,1040
IN-AR,Arunachal Pradesh,Female,Rural,85+,Secondary,13.33,10.93,16.26,138,1040
IN-AR,Arunachal Pradesh,Female,Rural,85+,Higher,10.00,8.20,12.20,104,1040
IN-AN,Andaman and Nicobar Islands,Both,All,60+,All,5.80,4.76,7.08,2204,38000
IN-AN,Andaman and Nicobar Islands,Both,All,60+,None,8.12,6.66,9.91,617,7600
IN-AN,Andaman and Nicobar Islands,Both,All,60+,Primary,6.09,4.99,7.43,462,7600
IN-AN,Andaman and Nicobar Islands,Both,All,60+,Middle,4.64,3.80,5.66,352,7600
IN-AN,Andaman and Nicobar Islands,Both,All,60+,Secondary,3.48,2.85,4.25,264,7600
IN-AN,Andaman and Nicobar Islands,Both,All,60+,Higher,2.61,2.14,3.18,198,7600
IN-AN,Andaman and Nicobar Islands,Both,All,60-64,All,2.61,2.14,3.18,178,6840
IN-AN,Andaman and Nicobar Islands,Both,All,60-64,None,3.65,2.99,4.45,49,1368
IN-AN,Andaman and Nicobar Islands,Both,All,60-64,Primary,2.74,2.25,3.34,37,1368
IN-AN,Andaman and Nicobar Islands,Both,All,60-64,Middle,2.09,1.71,2.55,28,1368
IN-AN,Andaman and Nicobar Islands,Both,All,60-64,Secondary,1.57,1.29,1.92,21,1368
IN-AN,Andaman and Nicobar Islands,Both,All,60-64,Higher,1.17,0.96,1.43,16,1368
IN-AN,Andaman and Nicobar Islands,Both,All,65-69,All,4.35,3.57,5.31,297,6840
IN-AN,Andaman and Nicobar Islands,Both,All,65-69,None,6.09,4.99,7.43,83,1368
IN-AN,Andaman and Nicobar Islands,Both,All,65-69,Primary,4.57,3.75,5.58,62,1368
IN-AN,Andaman and Nicobar Islands,Both,All,65-69,Middle,3.48,2.85,4.25,47,1368
IN-AN,Andaman and Nicobar Islands,Both,All,65-69,Secondary,2.61,2.14,3.18,35,1368
IN-AN,Andaman and Nicobar Islands,Both,All,65-69,Higher,1.96,1.61,2.39,26,1368
IN-AN,Andaman and Nicobar Islands,Both,All,70-74,All,6.67,5.47,8.14,456,6840
IN-AN,Andaman and Nicobar Islands,Both,All,70-74,None,9.34,7.66,11.39,127,1368
IN-AN,Andaman and Nicobar Islands,Both,All,70-74,Primary,7.00,5.74,8.54,95,1368
IN-AN,Andaman and Nicobar Islands,Both,All,70-74,Middle,5.34,4.38,6.51,73,1368
IN-AN,Andaman and Nicobar Islands,Both,All,70-74,Secondary,4.00,3.28,4.88,54,1368
IN-AN,Andaman and Nicobar Islands,Both,All,70-74,Higher,3.00,2.46,3.66,41,1368
IN-AN,Andaman and Nicobar Islands,Both,All,75-79,All,9.86,8.09,12.03,674,6840
IN-AN,Andaman and Nicobar Islands,Both,All,75-79,None,13.80,11.32,16.84,188,1368
IN-AN,Andaman and Nicobar Islands,Both,All,75-79,Primary,10.35,8.49,12.63,141,1368
IN-AN,Andaman and Nicobar Islands,Both,All,75-79,Middle,7.89,6.47,9.63,107,1368
IN-AN,Andaman and Nicobar Islands,Both,All,75-79,Secondary,5.92,4.85,7.22,80,1368
IN-AN,Andaman and Nicobar Islands,Both,All,75-79,Higher,4.44,3.64,5.42,60,1368
IN-AN,Andaman and Nicobar Islands,Both,All,80-84,All,13.92,11.41,16.98,952,6840
IN-AN,Andaman and Nicobar Islands,Both,All,80-84,None,19.49,15.98,23.78,266,1368
IN-AN,Andaman and Nicobar Islands,Both,All,80-84,Primary,14.62,11.99,17.84,200,1368
IN-AN,Andaman and Nicobar Islands,Both,All,80-84,Middle,11.14,9.13,13.59,152,1368
IN-AN,Andaman and Nicobar Islands,Both,All,80-84,Secondary,8.35,6.85,10.19,114,1368
IN-AN,Andaman and Nicobar Islands,Both,All,80-84,Higher,6.26,5.13,7.64,85,1368
IN-AN,Andaman and Nicobar Islands,Both,All,85+,All,19.14,15.69,23.35,1309,6840
IN-AN,Andaman and Nicobar Islands,Both,All,85+,None,26.80,21.98,32.70,366,1368
IN-AN,Andaman and Nicobar Islands,Both,All,85+,Primary,20.10,16.48,24.52,274,1368
IN-AN,Andaman and Nicobar Islands,Both,All,85+,Middle,15.31,12.55,18.68,209,1368
IN-AN,Andaman and Nicobar Islands,Both,All,85+,Secondary,11.48,9.41,14.01,157,1368
IN-AN,Andaman and Nicobar Islands,Both,All,85+,Higher,8.61,7.06,10.50,117,1368
IN-AN,Andaman and Nicobar Islands,Both,Urban,60+,All,4.76,3.90,5.81,578,12160
IN-AN,Andaman and Nicobar Islands,Both,Urban,60+,None,6.66,5.46,8.13,161,2432
IN-AN,Andaman and Nicobar Islands,Both,Urban,60+,Primary,4.99,4.09,6.09,121,2432
IN-AN,Andaman and Nicobar Islands,Both,Urban,60+,Middle,3.80,3.12,4.64,92,2432
IN-AN,Andaman and Nicobar Islands,Both,Urban,60+,Secondary,2.85,2.34,3.48,69,2432
IN-AN,Andaman and Nicobar Islands,Both,Urban,60+,Higher,2.14,1.75,2.61,52,2432
IN-AN,Andaman and Nicobar Islands,Both,Urban,60-64,All,2.14,1.75,2.61,46,2188
IN-AN,Andaman and Nicobar Islands,Both,Urban,60-64,None,3.00,2.46,3.66,13,437
IN-AN,Andaman and Nicobar Islands,Both,Urban,60-64,Primary,2.25,1.85,2.75,9,437
IN-AN,Andaman and Nicobar Islands,Both,Urban,60-64,Middle,1.71,1.40,2.09,7,437
IN-AN,Andaman and Nicobar Islands,Both,Urban,60-64,Secondary,1.28,1.05,1.56,5,437
IN-AN,Andaman and Nicobar Islands,Both,Urban,60-64,Higher,1.00,0.82,1.22,4,437
IN-AN,Andaman and Nicobar Islands,Both,Urban,65-69,All,3.57,2.93,4.36,78,2188
IN-AN,Andaman and Nicobar Islands,Both,Urban,65-69,None,4.99,4.09,6.09,21,437
IN-AN,Andaman and Nicobar Islands,Both,Urban,65-69,Primary,3.75,3.08,4.58,16,437
IN-AN,Andaman and Nicobar Islands,Both,Urban,65-69,Middle,2.85,2.34,3.48,12,437
IN-AN,Andaman and Nicobar Islands,Both,Urban,65-69,Secondary,2.14,1.75,2.61,9,437
IN-AN,Andaman and Nicobar Islands,Both,Urban,65-69,Higher,1.61,1.32,1.96,7,437
IN-AN,Andaman and Nicobar Islands,Both,Urban,70-74,All,5.47,4.49,6.67,119,2188
IN-AN,Andaman and Nicobar Islands,Both,Urban,70-74,None,7.66,6.28,9.35,33,437
IN-AN,Andaman and Nicobar Islands,Both,Urban,70-74,Primary,5.74,4.71,7.00,25,437
IN-AN,Andaman and Nicobar Islands,Both,Urban,70-74,Middle,4.38,3.59,5.34,19,437
IN-AN,Andaman and Nicobar Islands,Both,Urban,70-74,Secondary,3.28,2.69,4.00,14,437
IN-AN,Andaman and Nicobar Islands,Both,Urban,70-74,Higher,2.46,2.02,3.00,10,437
IN-AN,Andaman and Nicobar Islands,Both,Urban,75-79,All,8.09,6.63,9.87,177,2188
IN-AN,Andaman and Nicobar Islands,Both,Urban,75-79,None,11.32,9.28,13.81,49,437
IN-AN,Andaman and Nicobar Islands,Both,Urban,75-79,Primary,8.49,6.96,10.36,37,437
IN-AN,Andaman and Nicobar Islands,Both,Urban,75-79,Middle,6.47,5.31,7.89,28,437
IN-AN,Andaman and Nicobar Islands,Both,Urban,75-79,Secondary,4.85,3.98,5.92,21,437
IN-AN,Andaman and Nicobar Islands,Both,Urban,75-79,Higher,3.64,2.98,4.44,15,437
IN-AN,Andaman and Nicobar Islands,Both,Urban,80-84,All,11.41,9.36,13.92,249,2188
IN-AN,Andaman and Nicobar Islands,Both,Urban,80-84,None,15.98,13.10,19.50,69,437
IN-AN,Andaman and Nicobar Islands,Both,Urban,80-84,Primary,11.99,9.83,14.63,52,437
IN-AN,Andaman and Nicobar Islands,Both,Urban,80-84,Middle,9.13,7.49,11.14,39,437
IN-AN,Andaman and Nicobar Islands,Both,Urban,80-84,Secondary,6.85,5.62,8.36,29,437
IN-AN,Andaman and Nicobar Islands,Both,Urban,80-84,Higher,5.14,4.21,6.27,22,437
IN-AN,Andaman and Nicobar Islands,Both,Urban,85+,All,15.69,12.87,19.14,343,2188
IN-AN,Andaman and Nicobar Islands,Both,Urban,85+,None,21.97,18.02,26.80,96,437
IN-AN,Andaman and Nicobar Islands,Both,Urban,85+,Primary,16.48,13.51,20.11,72,437
IN-AN,Andaman and Nicobar Islands,Both,Urban,85+,Middle,12.56,10.30,15.32,54,437
IN-AN,Andaman and Nicobar Islands,Both,Urban,85+,Secondary,9.42,7.72,11.49,41,437
IN-AN,Andaman and Nicobar Islands,Both,Urban,85+,Higher,7.06,5.79,8.61,30,437
IN-AN,Andaman and Nicobar Islands,Both,Rural,60+,All,7.08,5.81,8.64,1829,25840
IN-AN,Andaman and Nicobar Islands,Both,Rural,60+,None,9.91,8.13,12.09,512,5168
IN-AN,Andaman and Nicobar Islands,Both,Rural,60+,Primary,7.43,6.09,9.06,383,5168
IN-AN,Andaman and Nicobar Islands,Both,Rural,60+,Middle,5.66,4.64,6.91,292,5168
IN-AN,Andaman and Nicobar Islands,Both,Rural,60+,Secondary,4.25,3.49,5.19,219,5168
IN-AN,Andaman and Nicobar Islands,Both,Rural,60+,Higher,3.18,2.61,3.88,164,5168
IN-AN,Andaman and Nicobar Islands,Both,Rural,60-64,All,3.18,2.61,3.88,147,4651
IN-AN,Andaman and Nicobar Islands,Both,Rural,60-64,None,4.46,3.66,5.44,41,930
IN-AN,Andaman and Nicobar Islands,Both,Rural,60-64,Primary,3.34,2.74,4.07,31,930
IN-AN,Andaman and Nicobar Islands,Both,Rural,60-64,Middle,2.55,2.09,3.11,23,930
IN-AN,Andaman and Nicobar Islands,Both,Rural,60-64,Secondary,1.91,1.57,2.33,17,930
IN-AN,Andaman and Nicobar Islands,Both,Rural,60-64,Higher,1.43,1.17,1.74,13,930
IN-AN,Andaman and Nicobar Islands,Both,Rural,65-69,All,5.31,4.35,6.48,246,4651
IN-AN,Andaman and Nicobar Islands,Both,Rural,65-69,None,7.43,6.09,9.06,69,930
IN-AN,Andaman and Nicobar Islands,Both,Rural,65-69,Primary,5.57,4.57,6.80,51,930
IN-AN,Andaman and Nicobar Islands,Both,Rural,65-69,Middle,4.25,3.49,5.19,39,930
IN-AN,Andaman and Nicobar Islands,Both,Rural,65-69,Secondary,3.18,2.61,3.88,29,930
IN-AN,Andaman and Nicobar Islands,Both,Rural,65-69,Higher,2.39,1.96,2.92,22,930
IN-AN,Andaman and Nicobar Islands,Both,Rural,70-74,All,8.14,6.67,9.93,378,4651
IN-AN,Andaman and Nicobar Islands,Both,Rural,70-74,None,11.39,9.34,13.90,105,930
IN-AN,Andaman and Nicobar Islands,Both,Rural,70-74,Primary,8.54,7.00,10.42,79,930
IN-AN,Andaman and Nicobar Islands,Both,Rural,70-74,Middle,6.51,5.34,7.94,60,930
IN-AN,Andaman and Nicobar Islands,Both,Rural,70-74,Secondary,4.88,4.00,5.95,45,930
IN-AN,Andaman and Nicobar Islands,Both,Rural,70-74,Higher,3.66,3.00,4.47,34,930
IN-AN,Andaman and Nicobar Islands,Both,Rural,75-79,All,12.03,9.86,14.68,559,4651
IN-AN,Andaman and Nicobar Islands,Both,Rural,75-79,None,16.84,13.81,20.54,156,930
IN-AN,Andaman and Nicobar Islands,Both,Rural,75-79,Primary,12.63,10.36,15.41,117,930
IN-AN,Andaman and Nicobar Islands,Both,Rural,75-79,Middle,9.62,7.89,11.74,89,930
IN-AN,Andaman and Nicobar Islands,Both,Rural,75-79,Secondary,7.22,5.92,8.81,67,930
IN-AN,Andaman and Nicobar Islands,Both,Rural,75-79,Higher,5.41,4.44,6.60,50,930
IN-AN,Andaman and Nicobar Islands,Both,Rural,80-84,All,16.98,13.92,20.72,789,4651
IN-AN,Andaman and Nicobar Islands,Both,Rural,80-84,None,23.78,19.50,29.01,221,930
IN-AN,Andaman and Nicobar Islands,Both,Rural,80-84,Primary,17.83,14.62,21.75,165,930
IN-AN,Andaman and Nicobar Islands,Both,Rural,80-84,Middle,13.59,11.14,16.58,126,930
IN-AN,Andaman and Nicobar Islands,Both,Rural,80-84,Secondary,10.19,8.36,12.43,94,930
IN-AN,Andaman and Nicobar Islands,Both,Rural,80-84,Higher,7.64,6.26,9.32,71,930
IN-AN,Andaman and Nicobar Islands,Both,Rural,85+,All,23.35,19.15,28.49,1086,4651
IN-AN,Andaman and Nicobar Islands,Both,Rural,85+,None,32.69,26.81,39.88,304,930
IN-AN,Andaman and Nicobar Islands,Both,Rural,85+,Primary,24.52,20.11,29.91,228,930
IN-AN,Andaman and Nicobar Islands,Both,Rural,85+,Middle,18.68,15.32,22.79,173,930
IN-AN,Andaman and Nicobar Islands,Both,Rural,85+,Secondary,14.01,11.49,17.09,130,930
IN-AN,Andaman and Nicobar Islands,Both,Rural,85+,Higher,10.51,8.62,12.82,97,930
IN-AN,Andaman and Nicobar Islands,Male,All,60+,All,4.93,4.04,6.01,936,19000
IN-AN,Andaman and Nicobar Islands,Male,All,60+,None,6.90,5.66,8.42,262,3800
IN-AN,Andaman and Nicobar Islands,Male,All,60+,Primary,5.18,4.25,6.32,196,3800
IN-AN,Andaman and Nicobar Islands,Male,All,60+,Middle,3.94,3.23,4.81,149,3800
IN-AN,Andaman and Nicobar Islands,Male,All,60+,Secondary,2.96,2.43,3.61,112,3800
IN-AN,Andaman and Nicobar Islands,Male,All,60+,Higher,2.22,1.82,2.71,84,3800
IN-AN,Andaman and Nicobar Islands,Male,All,60-64,All,2.22,1.82,2.71,75,3420
IN-AN,Andaman and Nicobar Islands,Male,All,60-64,None,3.11,2.55,3.79,21,684
IN-AN,Andaman and Nicobar Islands,Male,All,60-64,Primary,2.33,1.91,2.84,15,684
IN-AN,Andaman and Nicobar Islands,Male,All,60-64,Middle,1.77,1.45,2.16,12,684
IN-AN,Andaman and Nicobar Islands,Male,All,60-64,Secondary,1.33,1.09,1.62,9,684
IN-AN,Andaman and Nicobar Islands,Male,All,60-64,Higher,1.00,0.82,1.22,6,684
IN-AN,Andaman and Nicobar Islands,Male,All,65-69,All,3.70,3.03,4.51,126,3420
IN-AN,Andaman and Nicobar Islands,Male,All,65-69,None,5.18,4.25,6.32,35,684
IN-AN,Andaman and Nicobar Islands,Male,All,65-69,Primary,3.88,3.18,4.73,26,684
IN-AN,Andaman and Nicobar Islands,Male,All,65-69,Middle,2.96,2.43,3.61,20,684
IN-AN,Andaman and Nicobar Islands,Male,All,65-69,Secondary,2.22,1.82,2.71,15,684
IN-AN,Andaman and Nicobar Islands,Male,All,65-69,Higher,1.66,1.36,2.03,11,684
IN-AN,Andaman and Nicobar Islands,Male,All,70-74,All,5.67,4.65,6.92,193,3420
IN-AN,Andaman and Nicobar Islands,Male,All,70-74,None,7.94,6.51,9.69,54,684
IN-AN,Andaman and Nicobar Islands,Male,All,70-74,Primary,5.95,4.88,7.26,40,684
IN-AN,Andaman and Nicobar Islands,Male,All,70-74,Middle,4.54,3.72,5.54,31,684
IN-AN,Andaman and Nicobar Islands,Male,All,70-74,Secondary,3.40,2.79,4.15,23,684
IN-AN,Andaman and Nicobar Islands,Male,All,70-74,Higher,2.55,2.09,3.11,17,684
IN-AN,Andaman and Nicobar Islands,Male,All,75-79,All,8.38,6.87,10.22,286,3420
IN-AN,Andaman and Nicobar Islands,Male,All,75-79,None,11.73,9.62,14.31,80,684
IN-AN,Andaman and Nicobar Islands,Male,All,75-79,Primary,8.80,7.22,10.74,60,684
IN-AN,Andaman and Nicobar Islands,Male,All,75-79,Middle,6.70,5.49,8.17,45,684
IN-AN,Andaman and Nicobar Islands,Male,All,75-79,Secondary,5.03,4.12,6.14,34,684
IN-AN,Andaman and Nicobar Islands,Male,All,75-79,Higher,3.77,3.09,4.60,25,684
IN-AN,Andaman and Nicobar Islands,Male,All,80-84,All,11.83,9.70,14.43,404,3420
IN-AN,Andaman and Nicobar Islands,Male,All,80-84,None,16.56,13.58,20.20,113,684
IN-AN,Andaman and Nicobar Islands,Male,All,80-84,Primary,12.42,10.18,15.15,84,684
IN-AN,Andaman and Nicobar Islands,Male,All,80-84,Middle,9.47,7.77,11.55,64,684
IN-AN,Andaman and Nicobar Islands,Male,All,80-84,Secondary,7.10,5.82,8.66,48,684
IN-AN,Andaman and Nicobar Islands,Male,All,80-84,Higher,5.32,4.36,6.49,36,684
IN-AN,Andaman and Nicobar Islands,Male,All,85+,All,16.27,13.34,19.85,556,3420
IN-AN,Andaman and Nicobar Islands,Male,All,85+,None,22.78,18.68,27.79,155,684
IN-AN,Andaman and Nicobar Islands,Male,All,85+,Primary,17.08,14.01,20.84,116,684
IN-AN,Andaman and Nicobar Islands,Male,All,85+,Middle,13.02,10.68,15.88,89,684
IN-AN,Andaman and Nicobar Islands,Male,All,85+,Secondary,9.76,8.00,11.91,66,684
IN-AN,Andaman and Nicobar Islands,Male,All,85+,Higher,7.32,6.00,8.93,50,684
IN-AN,Andaman and Nicobar Islands,Male,Urban,60+,All,4.04,3.31,4.93,245,6080
IN-AN,Andaman and Nicobar Islands,Male,Urban,60+,None,5.66,4.64,6.91,68,1216
IN-AN,Andaman and Nicobar Islands,Male,Urban,60+,Primary,4.24,3.48,5.17,51,1216
IN-AN,Andaman and Nicobar Islands,Male,Urban,60+,Middle,3.23,2.65,3.94,39,1216
IN-AN,Andaman and Nicobar Islands,Male,Urban,60+,Secondary,2.43,1.99,2.96,29,1216
IN-AN,Andaman and Nicobar Islands,Male,Urban,60+,Higher,1.82,1.49,2.22,22,1216
IN-AN,Andaman and Nicobar Islands,Male,Urban,60-64,All,1.82,1.49,2.22,19,1094
IN-AN,Andaman and Nicobar Islands,Male,Urban,60-64,None,2.55,2.09,3.11,5,218
IN-AN,Andaman and Nicobar Islands,Male,Urban,60-64,Primary,1.91,1.57,2.33,4,218
IN-AN,Andaman and Nicobar Islands,Male,Urban,60-64,Middle,1.46,1.20,1.78,3,218
IN-AN,Andaman and Nicobar Islands,Male,Urban,60-64,Secondary,1.09,0.89,1.33,2,218
IN-AN,Andaman and Nicobar Islands,Male,Urban,60-64,Higher,1.00,0.82,1.22,2,218
IN-AN,Andaman and Nicobar Islands,Male,Urban,65-69,All,3.03,2.48,3.70,33,1094
IN-AN,Andaman and Nicobar Islands,Male,Urban,65-69,None,4.24,3.48,5.17,9,218
IN-AN,Andaman and Nicobar Islands,Male,Urban,65-69,Primary,3.18,2.61,3.88,6,218
IN-AN,Andaman and Nicobar Islands,Male,Urban,65-69,Middle,2.43,1.99,2.96,5,218
IN-AN,Andaman and Nicobar Islands,Male,Urban,65-69,Secondary,1.82,1.49,2.22,3,218
IN-AN,Andaman and Nicobar Islands,Male,Urban,65-69,Higher,1.36,1.12,1.66,2,218
IN-AN,Andaman and Nicobar Islands,Male,Urban,70-74,All,4.65,3.81,5.67,50,1094
IN-AN,Andaman and Nicobar Islands,Male,Urban,70-74,None,6.51,5.34,7.94,14,218
IN-AN,Andaman and Nicobar Islands,Male,Urban,70-74,Primary,4.88,4.00,5.95,10,218
IN-AN,Andaman and Nicobar Islands,Male,Urban,70-74,Middle,3.72,3.05,4.54,8,218
IN-AN,Andaman and Nicobar Islands,Male,Urban,70-74,Secondary,2.79,2.29,3.40,6,218
IN-AN,Andaman and Nicobar Islands,Male,Urban,70-74,Higher,2.09,1.71,2.55,4,218
IN-AN,Andaman and Nicobar Islands,Male,Urban,75-79,All,6.87,5.63,8.38,75,1094
IN-AN,Andaman and Nicobar Islands,Male,Urban,75-79,None,9.62,7.89,11.74,20,218
IN-AN,Andaman and Nicobar Islands,Male,Urban,75-79,Primary,7.22,5.92,8.81,15,218
IN-AN,Andaman and Nicobar Islands,Male,Urban,75-79,Middle,5.50,4.51,6.71,11,218
IN-AN,Andaman and Nicobar Islands,Male,Urban,75-79,Secondary,4.12,3.38,5.03,8,218
IN-AN,Andaman and Nicobar Islands,Male,Urban,75-79,Higher,3.09,2.53,3.77,6,218
IN-AN,Andaman and Nicobar Islands,Male,Urban,80-84,All,9.70,7.95,11.83,106,1094
IN-AN,Andaman and Nicobar Islands,Male,Urban,80-84,None,13.58,11.14,16.57,29,218
IN-AN,Andaman and Nicobar Islands,Male,Urban,80-84,Primary,10.19,8.36,12.43,22,218
IN-AN,Andaman and Nicobar Islands,Male,Urban,80-84,Middle,7.76,6.36,9.47,16,218
IN-AN,Andaman and Nicobar Islands,Male,Urban,80-84,Secondary,5.82,4.77,7.10,12,218
IN-AN,Andaman and Nicobar Islands,Male,Urban,80-84,Higher,4.37,3.58,5.33,9,218
IN-AN,Andaman and Nicobar Islands,Male,Urban,85+,All,13.34,10.94,16.27,145,1094
IN-AN,Andaman and Nicobar Islands,Male,Urban,85+,None,18.68,15.32,22.79,40,218
IN-AN,Andaman and Nicobar Islands,Male,Urban,85+,Primary,14.01,11.49,17.09,30,218
IN-AN,Andaman and Nicobar Islands,Male,Urban,85+,Middle,10.67,8.75,13.02,23,218
IN-AN,Andaman and Nicobar Islands,Male,Urban,85+,Secondary,8.00,6.56,9.76,17,218
IN-AN,Andaman and Nicobar Islands,Male,Urban,85+,Higher,6.00,4.92,7.32,13,218
IN-AN,Andaman and Nicobar Islands,Male,Rural,60+,All,6.01,4.93,7.33,776,12920
IN-AN,Andaman and Nicobar Islands,Male,Rural,60+,None,8.42,6.90,10.27,217,2584
IN-AN,Andaman and Nicobar Islands,Male,Rural,60+,Primary,6.32,5.18,7.71,163,2584
IN-AN,Andaman and Nicobar Islands,Male,Rural,60+,Middle,4.81,3.94,5.87,124,2584
IN-AN,Andaman and Nicobar Islands,Male,Rural,60+,Secondary,3.61,2.96,4.40,93,2584
IN-AN,Andaman and Nicobar Islands,Male,Rural,60+,Higher,2.71,2.22,3.31,70,2584
IN-AN,Andaman and Nicobar Islands,Male,Rural,60-64,All,2.71,2.22,3.31,63,2325
IN-AN,Andaman and Nicobar Islands,Male,Rural,60-64,None,3.79,3.11,4.62,17,465
IN-AN,Andaman and Nicobar Islands,Male,Rural,60-64,Primary,2.84,2.33,3.46,13,465
IN-AN,Andaman and Nicobar Islands,Male,Rural,60-64,Middle,2.17,1.78,2.65,10,465
IN-AN,Andaman and Nicobar Islands,Male,Rural,60-64,Secondary,1.62,1.33,1.98,7,465
IN-AN,Andaman and Nicobar Islands,Male,Rural,60-64,Higher,1.22,1.00,1.49,5,465
IN-AN,Andaman and Nicobar Islands,Male,Rural,65-69,All,4.51,3.70,5.50,104,2325
IN-AN,Andaman and Nicobar Islands,Male,Rural,65-69,None,6.32,5.18,7.71,29,465
IN-AN,Andaman and Nicobar Islands,Male,Rural,65-69,Primary,4.74,3.89,5.78,22,465
IN-AN,Andaman and Nicobar Islands,Male,Rural,65-69,Middle,3.61,2.96,4.40,16,465
IN-AN,Andaman and Nicobar Islands,Male,Rural,65-69,Secondary,2.71,2.22,3.31,12,465
IN-AN,Andaman and Nicobar Islands,Male,Rural,65-69,Higher,2.03,1.66,2.48,9,465
IN-AN,Andaman and Nicobar Islands,Male,Rural,70-74,All,6.92,5.67,8.44,160,2325
IN-AN,Andaman and Nicobar Islands,Male,Rural,70-74,None,9.68,7.94,11.81,45,465
IN-AN,Andaman and Nicobar Islands,Male,Rural,70-74,Primary,7.26,5.95,8.86,33,465
IN-AN,Andaman and Nicobar Islands,Male,Rural,70-74,Middle,5.53,4.53,6.75,25,465
IN-AN,Andaman and Nicobar Islands,Male,Rural,70-74,Secondary,4.15,3.40,5.06,19,465
IN-AN,Andaman and Nicobar Islands,Male,Rural,70-74,Higher,3.11,2.55,3.79,14,465
IN-AN,Andaman and Nicobar Islands,Male,Rural,75-79,All,10.22,8.38,12.47,237,2325
IN-AN,Andaman and Nicobar Islands,Male,Rural,75-79,None,14.31,11.73,17.46,66,465
IN-AN,Andaman and Nicobar Islands,Male,Rural,75-79,Primary,10.74,8.81,13.10,49,465
IN-AN,Andaman and Nicobar Islands,Male,Rural,75-79,Middle,8.18,6.71,9.98,38,465
IN-AN,Andaman and Nicobar Islands,Male,Rural,75-79,Secondary,6.13,5.03,7.48,28,465
IN-AN,Andaman and Nicobar Islands,Male,Rural,75-79,Higher,4.60,3.77,5.61,21,465
IN-AN,Andaman and Nicobar Islands,Male,Rural,80-84,All,14.44,11.84,17.62,335,2325
IN-AN,Andaman and Nicobar Islands,Male,Rural,80-84,None,20.21,16.57,24.66,93,465
IN-AN,Andaman and Nicobar Islands,Male,Rural,80-84,Primary,15.16,12.43,18.50,70,465
IN-AN,Andaman and Nicobar Islands,Male,Rural,80-84,Middle,11.55,9.47,14.09,53,465
IN-AN,Andaman and Nicobar Islands,Male,Rural,80-84,Secondary,8.66,7.10,10.57,40,465
IN-AN,Andaman and Nicobar Islands,Male,Rural,80-84,Higher,6.50,5.33,7.93,30,465
IN-AN,Andaman and Nicobar Islands,Male,Rural,85+,All,19.85,16.28,24.22,461,2325
IN-AN,Andaman and Nicobar Islands,Male,Rural,85+,None,27.79,22.79,33.90,129,465
IN-AN,Andaman and Nicobar Islands,Male,Rural,85+,Primary,20.84,17.09,25.42,96,465
IN-AN,Andaman and Nicobar Islands,Male,Rural,85+,Middle,15.88,13.02,19.37,73,465
IN-AN,Andaman and Nicobar Islands,Male,Rural,85+,Secondary,11.91,9.77,14.53,55,465
IN-AN,Andaman and Nicobar Islands,Male,Rural,85+,Higher,8.93,7.32,10.89,41,465
IN-AN,Andaman and Nicobar Islands,Female,All,60+,All,6.67,5.47,8.14,1267,19000
IN-AN,Andaman and Nicobar Islands,Female,All,60+,None,9.34,7.66,11.39,354,3800
IN-AN,Andaman and Nicobar Islands,Female,All,60+,Primary,7.00,5.74,8.54,266,3800
IN-AN,Andaman and Nicobar Islands,Female,All,60+,Middle,5.34,4.38,6.51,202,3800
IN-AN,Andaman and Nicobar Islands,Female,All,60+,Secondary,4.00,3.28,4.88,152,3800
IN-AN,Andaman and Nicobar Islands,Female,All,60+,Higher,3.00,2.46,3.66,114,3800
IN-AN,Andaman and Nicobar Islands,Female,All,60-64,All,3.00,2.46,3.66,102,3420
IN-AN,Andaman and Nicobar Islands,Female,All,60-64,None,4.20,3.44,5.12,28,684
IN-AN,Andaman and Nicobar Islands,Female,All,60-64,Primary,3.15,2.58,3.84,21,684
IN-AN,Andaman and Nicobar Islands,Female,All,60-64,Middle,2.40,1.97,2.93,16,684
IN-AN,Andaman and Nicobar Islands,Female,All,60-64,Secondary,1.80,1.48,2.20,12,684
IN-AN,Andaman and Nicobar Islands,Female,All,60-64,Higher,1.35,1.11,1.65,9,684
IN-AN,Andaman and Nicobar Islands,Female,All,65-69,All,5.00,4.10,6.10,171,3420
IN-AN,Andaman and Nicobar Islands,Female,All,65-69,None,7.00,5.74,8.54,47,684
IN-AN,Andaman and Nicobar Islands,Female,All,65-69,Primary,5.25,4.31,6.41,35,684
IN-AN,Andaman and Nicobar Islands,Female,All,65-69,Middle,4.00,3.28,4.88,27,684
IN-AN,Andaman and Nicobar Islands,Female,All,65-69,Secondary,3.00,2.46,3.66,20,684
IN-AN,Andaman and Nicobar Islands,Female,All,65-69,Higher,2.25,1.85,2.75,15,684
IN-AN,Andaman and Nicobar Islands,Female,All,70-74,All,7.67,6.29,9.36,262,3420
IN-AN,Andaman and Nicobar Islands,Female,All,70-74,None,10.74,8.81,13.10,73,684
IN-AN,Andaman and Nicobar Islands,Female,All,70-74,Primary,8.05,6.60,9.82,55,684
IN-AN,Andaman and Nicobar Islands,Female,All,70-74,Middle,6.14,5.03,7.49,41,684
IN-AN,Andaman and Nicobar Islands,Female,All,70-74,Secondary,4.60,3.77,5.61,31,684
IN-AN,Andaman and Nicobar Islands,Female,All,70-74,Higher,3.45,2.83,4.21,23,684
IN-AN,Andaman and Nicobar Islands,Female,All,75-79,All,11.34,9.30,13.83,387,3420
IN-AN,Andaman and Nicobar Islands,Female,All,75-79,None,15.87,13.01,19.36,108,684
IN-AN,Andaman and Nicobar Islands,Female,All,75-79,Primary,11.91,9.77,14.53,81,684
IN-AN,Andaman and Nicobar Islands,Female,All,75-79,Middle,9.07,7.44,11.07,62,684
IN-AN,Andaman and Nicobar Islands,Female,All,75-79,Secondary,6.80,5.58,8.30,46,684
IN-AN,Andaman and Nicobar Islands,Female,All,75-79,Higher,5.10,4.18,6.22,34,684
IN-AN,Andaman and Nicobar Islands,Female,All,80-84,All,16.01,13.13,19.53,547,3420
IN-AN,Andaman and Nicobar Islands,Female,All,80-84,None,22.41,18.38,27.34,153,684
IN-AN,Andaman and Nicobar Islands,Female,All,80-84,Primary,16.81,13.78,20.51,114,684
IN-AN,Andaman and Nicobar Islands,Female,All,80-84,Middle,12.81,10.50,15.63,87,684
IN-AN,Andaman and Nicobar Islands,Female,All,80-84,Secondary,9.60,7.87,11.71,65,684
IN-AN,Andaman and Nicobar Islands,Female,All,80-84,Higher,7.20,5.90,8.78,49,684
IN-AN,Andaman and Nicobar Islands,Female,All,85+,All,22.01,18.05,26.85,752,3420
IN-AN,Andaman and Nicobar Islands,Female,All,85+,None,30.82,25.27,37.60,210,684
IN-AN,Andaman and Nicobar Islands,Female,All,85+,Primary,23.11,18.95,28.19,158,684
IN-AN,Andaman and Nicobar Islands,Female,All,85+,Middle,17.61,14.44,21.48,120,684
IN-AN,Andaman and Nicobar Islands,Female,All,85+,Secondary,13.21,10.83,16.12,90,684
IN-AN,Andaman and Nicobar Islands,Female,All,85+,Higher,9.90,8.12,12.08,67,684
IN-AN,Andaman and Nicobar Islands,Female,Urban,60+,All,5.47,4.49,6.67,332,6080
IN-AN,Andaman and Nicobar Islands,Female,Urban,60+,None,7.66,6.28,9.35,93,1216
IN-AN,Andaman and Nicobar Islands,Female,Urban,60+,Primary,5.74,4.71,7.00,69,1216
IN-AN,Andaman and Nicobar Islands,Female,Urban,60+,Middle,4.38,3.59,5.34,53,1216
IN-AN,Andaman and Nicobar Islands,Female,Urban,60+,Secondary,3.28,2.69,4.00,39,1216
IN-AN,Andaman and Nicobar Islands,Female,Urban,60+,Higher,2.46,2.02,3.00,29,1216
IN-AN,Andaman and Nicobar Islands,Female,Urban,60-64,All,2.46,2.02,3.00,26,1094
IN-AN,Andaman and Nicobar Islands,Female,Urban,60-64,None,3.45,2.83,4.21,7,218
IN-AN,Andaman and Nicobar Islands,Female,Urban,60-64,Primary,2.58,2.12,3.15,5,218
IN-AN,Andaman and Nicobar Islands,Female,Urban,60-64,Middle,1.97,1.62,2.40,4,218
IN-AN,Andaman and Nicobar Islands,Female,Urban,60-64,Secondary,1.48,1.21,1.81,3,218
IN-AN,Andaman and Nicobar Islands,Female,Urban,60-64,Higher,1.11,0.91,1.35,2,218
IN-AN,Andaman and Nicobar Islands,Female,Urban,65-69,All,4.10,3.36,5.00,44,1094
IN-AN,Andaman and Nicobar Islands,Female,Urban,65-69,None,5.74,4.71,7.00,12,218
IN-AN,Andaman and Nicobar Islands,Female,Urban,65-69,Primary,4.31,3.53,5.26,9,218
IN-AN,Andaman and Nicobar Islands,Female,Urban,65-69,Middle,3.28,2.69,4.00,7,218
IN-AN,Andaman and Nicobar Islands,Female,Urban,65-69,Secondary,2.46,2.02,3.00,5,218
IN-AN,Andaman and Nicobar Islands,Female,Urban,65-69,Higher,1.85,1.52,2.26,4,218
IN-AN,Andaman and Nicobar Islands,Female,Urban,70-74,All,6.29,5.16,7.67,68,1094
IN-AN,Andaman and Nicobar Islands,Female,Urban,70-74,None,8.81,7.22,10.75,19,218
IN-AN,Andaman and Nicobar Islands,Female,Urban,70-74,Primary,6.60,5.41,8.05,14,218
IN-AN,Andaman and Nicobar Islands,Female,Urban,70-74,Middle,5.03,4.12,6.14,10,218
IN-AN,Andaman and Nicobar Islands,Female,Urban,70-74,Secondary,3.77,3.09,4.60,8,218
IN-AN,Andaman and Nicobar Islands,Female,Urban,70-74,Higher,2.83,2.32,3.45,6,218
IN-AN,Andaman and Nicobar Islands,Female,Urban,75-79,All,9.30,7.63,11.35,101,1094
IN-AN,Andaman and Nicobar Islands,Female,Urban,75-79,None,13.02,10.68,15.88,28,218
IN-AN,Andaman and Nicobar Islands,Female,Urban,75-79,Primary,9.76,8.00,11.91,21,218
IN-AN,Andaman and Nicobar Islands,Female,Urban,75-79,Middle,7.44,6.10,9.08,16,218
IN-AN,Andaman and Nicobar Islands,Female,Urban,75-79,Secondary,5.58,4.58,6.81,12,218
IN-AN,Andaman and Nicobar Islands,Female,Urban,75-79,Higher,4.18,3.43,5.10,9,218
IN-AN,Andaman and Nicobar Islands,Female,Urban,80-84,All,13.13,10.77,16.02,143,1094
IN-AN,Andaman and Nicobar Islands,Female,Urban,80-84,None,18.38,15.07,22.42,40,218
IN-AN,Andaman and Nicobar Islands,Female,Urban,80-84,Primary,13.78,11.30,16.81,30,218
IN-AN,Andaman and Nicobar Islands,Female,Urban,80-84,Middle,10.50,8.61,12.81,22,218
IN-AN,Andaman and Nicobar Islands,Female,Urban,80-84,Secondary,7.88,6.46,9.61,17,218
IN-AN,Andaman and Nicobar Islands,Female,Urban,80-84,Higher,5.91,4.85,7.21,12,218
IN-AN,Andaman and Nicobar Islands,Female,Urban,85+,All,18.05,14.80,22.02,197,1094
IN-AN,Andaman and Nicobar Islands,Female,Urban,85+,None,25.27,20.72,30.83,55,218
IN-AN,Andaman and Nicobar Islands,Female,Urban,85+,Primary,18.95,15.54,23.12,41,218
IN-AN,Andaman and Nicobar Islands,Female,Urban,85+,Middle,14.44,11.84,17.62,31,218
IN-AN,Andaman and Nicobar Islands,Female,Urban,85+,Secondary,10.83,8.88,13.21,23,218
IN-AN,Andaman and Nicobar Islands,Female,Urban,85+,Higher,8.12,6.66,9.91,17,218
IN-AN,Andaman and Nicobar Islands,Female,Rural,60+,All,8.14,6.67,9.93,1051,12920
IN-AN,Andaman and Nicobar Islands,Female,Rural,60+,None,11.39,9.34,13.90,294,2584
IN-AN,Andaman and Nicobar Islands,Female,Rural,60+,Primary,8.54,7.00,10.42,220,2584
IN-AN,Andaman and Nicobar Islands,Female,Rural,60+,Middle,6.51,5.34,7.94,168,2584
IN-AN,Andaman and Nicobar Islands,Female,Rural,60+,Secondary,4.88,4.00,5.95,126,2584
IN-AN,Andaman and Nicobar Islands,Female,Rural,60+,Higher,3.66,3.00,4.47,94,2584
IN-AN,Andaman and Nicobar Islands,Female,Rural,60-64,All,3.66,3.00,4.47,85,2325
IN-AN,Andaman and Nicobar Islands,Female,Rural,60-64,None,5.13,4.21,6.26,23,465
IN-AN,Andaman and Nicobar Islands,Female,Rural,60-64,Primary,3.84,3.15,4.68,17,465
IN-AN,Andaman and Nicobar Islands,Female,Rural,60-64,Middle,2.93,2.40,3.57,13,465
IN-AN,Andaman and Nicobar Islands,Female,Rural,60-64,Secondary,2.20,1.80,2.68,10,465
IN-AN,Andaman and Nicobar Islands,Female,Rural,60-64,Higher,1.65,1.35,2.01,7,465
IN-AN,Andaman and Nicobar Islands,Female,Rural,65-69,All,6.10,5.00,7.44,141,2325
IN-AN,Andaman and Nicobar Islands,Female,Rural,65-69,None,8.54,7.00,10.42,39,465
IN-AN,Andaman and Nicobar Islands,Female,Rural,65-69,Primary,6.41,5.26,7.82,29,465
IN-AN,Andaman and Nicobar Islands,Female,Rural,65-69,Middle,4.88,4.00,5.95,22,465
IN-AN,Andaman and Nicobar Islands,Female,Rural,65-69,Secondary,3.66,3.00,4.47,17,465
IN-AN,Andaman and Nicobar Islands,Female,Rural,65-69,Higher,2.75,2.26,3.36,12,465
IN-AN,Andaman and Nicobar Islands,Female,Rural,70-74,All,9.36,7.68,11.42,217,2325
IN-AN,Andaman and Nicobar Islands,Female,Rural,70-74,None,13.10,10.74,15.98,60,465
IN-AN,Andaman and Nicobar Islands,Female,Rural,70-74,Primary,9.83,8.06,11.99,45,465
IN-AN,Andaman and Nicobar Islands,Female,Rural,70-74,Middle,7.49,6.14,9.14,34,465
IN-AN,Andaman and Nicobar Islands,Female,Rural,70-74,Secondary,5.61,4.60,6.84,26,465
IN-AN,Andaman and Nicobar Islands,Female,Rural,70-74,Higher,4.21,3.45,5.14,19,465
IN-AN,Andaman and Nicobar Islands,Female,Rural,75-79,All,13.83,11.34,16.87,321,2325
IN-AN,Andaman and Nicobar Islands,Female,Rural,75-79,None,19.37,15.88,23.63,90,465
IN-AN,Andaman and Nicobar Islands,Female,Rural,75-79,Primary,14.53,11.91,17.73,67,465
IN-AN,Andaman and Nicobar Islands,Female,Rural,75-79,Middle,11.07,9.08,13.51,51,465
IN-AN,Andaman and Nicobar Islands,Female,Rural,75-79,Secondary,8.30,6.81,10.13,38,465
IN-AN,Andaman and Nicobar Islands,Female,Rural,75-79,Higher,6.23,5.11,7.60,28,465
IN-AN,Andaman and Nicobar Islands,Female,Rural,80-84,All,19.53,16.01,23.83,454,2325
IN-AN,Andaman and Nicobar Islands,Female,Rural,80-84,None,27.34,22.42,33.35,127,465
IN-AN,Andaman and Nicobar Islands,Female,Rural,80-84,Primary,20.51,16.82,25.02,95,465
IN-AN,Andaman and Nicobar Islands,Female,Rural,80-84,Middle,15.62,12.81,19.06,72,465
IN-AN,Andaman and Nicobar Islands,Female,Rural,80-84,Secondary,11.72,9.61,14.30,54,465
IN-AN,Andaman and Nicobar Islands,Female,Rural,80-84,Higher,8.79,7.21,10.72,40,465
IN-AN,Andaman and Nicobar Islands,Female,Rural,85+,All,26.85,22.02,32.76,624,2325
IN-AN,Andaman and Nicobar Islands,Female,Rural,85+,None,35.00,28.70,42.70,162,465
IN-AN,Andaman and Nicobar Islands,Female,Rural,85+,Primary,28.20,23.12,34.40,131,465
IN-AN,Andaman and Nicobar Islands,Female,Rural,85+,Middle,21.48,17.61,26.21,99,465
IN-AN,Andaman and Nicobar Islands,Female,Rural,85+,Secondary,16.11,13.21,19.65,74,465
IN-AN,Andaman and Nicobar Islands,Female,Rural,85+,Higher,12.08,9.91,14.74,56,465
IN-LD,Lakshadweep,Both,All,60+,All,6.10,5.00,7.44,427,7000
IN-LD,Lakshadweep,Both,All,60+,None,8.54,7.00,10.42,119,1400
IN-LD,Lakshadweep,Both,All,60+,Primary,6.41,5.26,7.82,89,1400
IN-LD,Lakshadweep,Both,All,60+,Middle,4.88,4.00,5.95,68,1400
IN-LD,Lakshadweep,Both,All,60+,Secondary,3.66,3.00,4.47,51,1400
IN-LD,Lakshadweep,Both,All,60+,Higher,2.75,2.26,3.36,38,1400
IN-LD,Lakshadweep,Both,All,60-64,All,2.75,2.26,3.36,34,1260
IN-LD,Lakshadweep,Both,All,60-64,None,3.84,3.15,4.68,9,251
IN-LD,Lakshadweep,Both,All,60-64,Primary,2.88,2.36,3.51,7,251
IN-LD,Lakshadweep,Both,All,60-64,Middle,2.20,1.80,2.68,5,251
IN-LD,Lakshadweep,Both,All,60-64,Secondary,1.65,1.35,2.01,4,251
IN-LD,Lakshadweep,Both,All,60-64,Higher,1.24,1.02,1.51,3,251
IN-LD,Lakshadweep,Both,All,65-69,All,4.57,3.75,5.58,57,1260
IN-LD,Lakshadweep,Both,All,65-69,None,6.40,5.25,7.81,16,251
IN-LD,Lakshadweep,Both,All,65-69,Primary,4.80,3.94,5.86,12,251
IN-LD,Lakshadweep,Both,All,65-69,Middle,3.66,3.00,4.47,9,251
IN-LD,Lakshadweep,Both,All,65-69,Secondary,2.74,2.25,3.34,6,251
IN-LD,Lakshadweep,Both,All,65-69,Higher,2.06,1.69,2.51,5,251
IN-LD,Lakshadweep,Both,All,70-74,All,7.01,5.75,8.55,88,1260
IN-LD,Lakshadweep,Both,All,70-74,None,9.82,8.05,11.98,24,251
IN-LD,Lakshadweep,Both,All,70-74,Primary,7.37,6.04,8.99,18,251
IN-LD,Lakshadweep,Both,All,70-74,Middle,5.61,4.60,6.84,14,251
IN-LD,Lakshadweep,Both,All,70-74,Secondary,4.21,3.45,5.14,10,251
IN-LD,Lakshadweep,Both,All,70-74,Higher,3.16,2.59,3.86,7,251
IN-LD,Lakshadweep,Both,All,75-79,All,10.37,8.50,12.65,130,1260
IN-LD,Lakshadweep,Both,All,75-79,None,14.52,11.91,17.71,36,251
IN-LD,Lakshadweep,Both,All,75-79,Primary,10.89,8.93,13.29,27,251
IN-LD,Lakshadweep,Both,All,75-79,Middle,8.30,6.81,10.13,20,251
IN-LD,Lakshadweep,Both,All,75-79,Secondary,6.22,5.10,7.59,15,251
IN-LD,Lakshadweep,Both,All,75-79,Higher,4.67,3.83,5.70,11,251
IN-LD,Lakshadweep,Both,All,80-84,All,14.64,12.00,17.86,184,1260
IN-LD,Lakshadweep,Both,All,80-84,None,20.50,16.81,25.01,51,251
IN-LD,Lakshadweep,Both,All,80-84,Primary,15.37,12.60,18.75,38,251
IN-LD,Lakshadweep,Both,All,80-84,Middle,11.71,9.60,14.29,29,251
IN-LD,Lakshadweep,Both,All,80-84,Secondary,8.78,7.20,10.71,22,251
IN-LD,Lakshadweep,Both,All,80-84,Higher,6.59,5.40,8.04,16,251
IN-LD,Lakshadweep,Both,All,85+,All,20.13,16.51,24.56,253,1260
IN-LD,Lakshadweep,Both,All,85+,None,28.18,23.11,34.38,70,251
IN-LD,Lakshadweep,Both,All,85+,Primary,21.14,17.33,25.79,53,251
IN-LD,Lakshadweep,Both,All,85+,Middle,16.10,13.20,19.64,40,251
IN-LD,Lakshadweep,Both,All,85+,Secondary,12.08,9.91,14.74,30,251
IN-LD,Lakshadweep,Both,All,85+,Higher,9.06,7.43,11.05,22,251
IN-LD,Lakshadweep,Both,Urban,60+,All,5.00,4.10,6.10,112,2240
IN-LD,Lakshadweep,Both,Urban,60+,None,7.00,5.74,8.54,31,448
IN-LD,Lakshadweep,Both,Urban,60+,Primary,5.25,4.31,6.41,23,448
IN-LD,Lakshadweep,Both,Urban,60+,Middle,4.00,3.28,4.88,17,448
IN-LD,Lakshadweep,Both,Urban,60+,Secondary,3.00,2.46,3.66,13,448
IN-LD,Lakshadweep,Both,Urban,60+,Higher,2.25,1.85,2.75,10,448
IN-LD,Lakshadweep,Both,Urban,60-64,All,2.25,1.85,2.75,9,403
IN-LD,Lakshadweep,Both,Urban,60-64,None,3.15,2.58,3.84,2,80
IN-LD,Lakshadweep,Both,Urban,60-64,Primary,2.36,1.94,2.88,1,80
IN-LD,Lakshadweep,Both,Urban,60-64,Middle,1.80,1.48,2.20,1,80
IN-LD,Lakshadweep,Both,Urban,60-64,Secondary,1.35,1.11,1.65,1,80
IN-LD,Lakshadweep,Both,Urban,60-64,Higher,1.01,0.83,1.23,0,80
IN-LD,Lakshadweep,Both,Urban,65-69,All,3.75,3.08,4.58,15,403
IN-LD,Lakshadweep,Both,Urban,65-69,None,5.25,4.31,6.41,4,80
IN-LD,Lakshadweep,Both,Urban,65-69,Primary,3.94,3.23,4.81,3,80
IN-LD,Lakshadweep,Both,Urban,65-69,Middle,3.00,2.46,3.66,2,80
IN-LD,Lakshadweep,Both,Urban,65-69,Secondary,2.25,1.85,2.75,1,80
IN-LD,Lakshadweep,Both,Urban,65-69,Higher,1.69,1.39,2.06,1,80
IN-LD,Lakshadweep,Both,Urban,70-74,All,5.75,4.72,7.02,23,403
IN-LD,Lakshadweep,Both,Urban,70-74,None,8.05,6.60,9.82,6,80
IN-LD,Lakshadweep,Both,Urban,70-74,Primary,6.04,4.95,7.37,4,80
IN-LD,Lakshadweep,Both,Urban,70-74,Middle,4.60,3.77,5.61,3,80
IN-LD,Lakshadweep,Both,Urban,70-74,Secondary,3.45,2.83,4.21,2,80
IN-LD,Lakshadweep,Both,Urban,70-74,Higher,2.59,2.12,3.16,2,80
IN-LD,Lakshadweep,Both,Urban,75-79,All,8.50,6.97,10.37,34,403
IN-LD,Lakshadweep,Both,Urban,75-79,None,11.90,9.76,14.52,9,80
IN-LD,Lakshadweep,Both,Urban,75-79,Primary,8.93,7.32,10.89,7,80
IN-LD,Lakshadweep,Both,Urban,75-79,Middle,6.80,5.58,8.30,5,80
IN-LD,Lakshadweep,Both,Urban,75-79,Secondary,5.10,4.18,6.22,4,80
IN-LD,Lakshadweep,Both,Urban,75-79,Higher,3.83,3.14,4.67,3,80
IN-LD,Lakshadweep,Both,Urban,80-84,All,12.00,9.84,14.64,48,403
IN-LD,Lakshadweep,Both,Urban,80-84,None,16.81,13.78,20.51,13,80
IN-LD,Lakshadweep,Both,Urban,80-84,Primary,12.61,10.34,15.38,10,80
IN-LD,Lakshadweep,Both,Urban,80-84,Middle,9.60,7.87,11.71,7,80
IN-LD,Lakshadweep,Both,Urban,80-84,Secondary,7.20,5.90,8.78,5,80
IN-LD,Lakshadweep,Both,Urban,80-84,Higher,5.40,4.43,6.59,4,80
IN-LD,Lakshadweep,Both,Urban,85+,All,16.51,13.54,20.14,66,403
IN-LD,Lakshadweep,Both,Urban,85+,None,23.11,18.95,28.19,18,80
IN-LD,Lakshadweep,Both,Urban,85+,Primary,17.33,14.21,21.14,13,80
IN-LD,Lakshadweep,Both,Urban,85+,Middle,13.21,10.83,16.12,10,80
IN-LD,Lakshadweep,Both,Urban,85+,Secondary,9.90,8.12,12.08,7,80
IN-LD,Lakshadweep,Both,Urban,85+,Higher,7.43,6.09,9.06,5,80
IN-LD,Lakshadweep,Both,Rural,60+,All,7.44,6.10,9.08,354,4760
IN-LD,Lakshadweep,Both,Rural,60+,None,10.42,8.54,12.71,99,952
IN-LD,Lakshadweep,Both,Rural,60+,Primary,7.81,6.40,9.53,74,952
IN-LD,Lakshadweep,Both,Rural,60+,Middle,5.95,4.88,7.26,56,952
IN-LD,Lakshadweep,Both,Rural,60+,Secondary,4.47,3.67,5.45,42,952
IN-LD,Lakshadweep,Both,Rural,60+,Higher,3.35,2.75,4.09,31,952
IN-LD,Lakshadweep,Both,Rural,60-64,All,3.35,2.75,4.09,28,856
IN-LD,Lakshadweep,Both,Rural,60-64,None,4.69,3.85,5.72,8,171
IN-LD,Lakshadweep,Both,Rural,60-64,Primary,3.52,2.89,4.29,6,171
IN-LD,Lakshadweep,Both,Rural,60-64,Middle,2.68,2.20,3.27,4,171
IN-LD,Lakshadweep,Both,Rural,60-64,Secondary,2.01,1.65,2.45,3,171
IN-LD,Lakshadweep,Both,Rural,60-64,Higher,1.51,1.24,1.84,2,171
IN-LD,Lakshadweep,Both,Rural,65-69,All,5.58,4.58,6.81,47,856
IN-LD,Lakshadweep,Both,Rural,65-69,None,7.81,6.40,9.53,13,171
IN-LD,Lakshadweep,Both,Rural,65-69,Primary,5.86,4.81,7.15,10,171
IN-LD,Lakshadweep,Both,Rural,65-69,Middle,4.47,3.67,5.45,7,171
IN-LD,Lakshadweep,Both,Rural,65-69,Secondary,3.35,2.75,4.09,5,171
IN-LD,Lakshadweep,Both,Rural,65-69,Higher,2.51,2.06,3.06,4,171
IN-LD,Lakshadweep,Both,Rural,70-74,All,8.56,7.02,10.44,73,856
IN-LD,Lakshadweep,Both,Rural,70-74,None,11.98,9.82,14.62,20,171
IN-LD,Lakshadweep,Both,Rural,70-74,Primary,8.99,7.37,10.97,15,171
IN-LD,Lakshadweep,Both,Rural,70-74,Middle,6.85,5.62,8.36,11,171
IN-LD,Lakshadweep,Both,Rural,70-74,Secondary,5.13,4.21,6.26,8,171
IN-LD,Lakshadweep,Both,Rural,70-74,Higher,3.85,3.16,4.70,6,171
IN-LD,Lakshadweep,Both,Rural,75-79,All,12.65,10.37,15.43,108,856
IN-LD,Lakshadweep,Both,Rural,75-79,None,17.71,14.52,21.61,30,171
IN-LD,Lakshadweep,Both,Rural,75-79,Primary,13.28,10.89,16.20,22,171
IN-LD,Lakshadweep,Both,Rural,75-79,Middle,10.12,8.30,12.35,17,171
IN-LD,Lakshadweep,Both,Rural,75-79,Secondary,7.59,6.22,9.26,12,171
IN-LD,Lakshadweep,Both,Rural,75-79,Higher,5.69,4.67,6.94,9,171
IN-LD,Lakshadweep,Both,Rural,80-84,All,17.86,14.65,21.79,152,856
IN-LD,Lakshadweep,Both,Rural,80-84,None,25.01,20.51,30.51,42,171
IN-LD,Lakshadweep,Both,Rural,80-84,Primary,18.75,15.37,22.88,32,171
IN-LD,Lakshadweep,Both,Rural,80-84,Middle,14.29,11.72,17.43,24,171
IN-LD,Lakshadweep,Both,Rural,80-84,Secondary,10.72,8.79,13.08,18,171
IN-LD,Lakshadweep,Both,Rural,80-84,Higher,8.04,6.59,9.81,13,171
IN-LD,Lakshadweep,Both,Rural,85+,All,24.56,20.14,29.96,210,856
IN-LD,Lakshadweep,Both,Rural,85+,None,34.38,28.19,41.94,58,171
IN-LD,Lakshadweep,Both,Rural,85+,Primary,25.79,21.15,31.46,44,171
IN-LD,Lakshadweep,Both,Rural,85+,Middle,19.65,16.11,23.97,33,171
IN-LD,Lakshadweep,Both,Rural,85+,Secondary,14.74,12.09,17.98,25,171
IN-LD,Lakshadweep,Both,Rural,85+,Higher,11.05,9.06,13.48,18,171
IN-LD,Lakshadweep,Male,All,60+,All,5.19,4.26,6.33,181,3500
IN-LD,Lakshadweep,Male,All,60+,None,7.26,5.95,8.86,50,700
IN-LD,Lakshadweep,Male,All,60+,Primary,5.44,4.46,6.64,38,700
IN-LD,Lakshadweep,Male,All,60+,Middle,4.15,3.40,5.06,29,700
IN-LD,Lakshadweep,Male,All,60+,Secondary,3.11,2.55,3.79,21,700
IN-LD,Lakshadweep,Male,All,60+,Higher,2.33,1.91,2.84,16,700
IN-LD,Lakshadweep,Male,All,60-64,All,2.33,1.91,2.84,14,630
IN-LD,Lakshadweep,Male,All,60-64,None,3.27,2.68,3.99,4,125
IN-LD,Lakshadweep,Male,All,60-64,Primary,2.45,2.01,2.99,3,125
IN-LD,Lakshadweep,Male,All,60-64,Middle,1.87,1.53,2.28,2,125
IN-LD,Lakshadweep,Male,All,60-64,Secondary,1.40,1.15,1.71,1,125
IN-LD,Lakshadweep,Male,All,60-64,Higher,1.05,0.86,1.28,1,125
IN-LD,Lakshadweep,Male,All,65-69,All,3.89,3.19,4.75,24,630
IN-LD,Lakshadweep,Male,All,65-69,None,5.44,4.46,6.64,6,125
IN-LD,Lakshadweep,Male,All,65-69,Primary,4.08,3.35,4.98,5,125
IN-LD,Lakshadweep,Male,All,65-69,Middle,3.11,2.55,3.79,3,125
IN-LD,Lakshadweep,Male,All,65-69,Secondary,2.33,1.91,2.84,2,125
IN-LD,Lakshadweep,Male,All,65-69,Higher,1.75,1.43,2.13,2,125
IN-LD,Lakshadweep,Male,All,70-74,All,5.96,4.89,7.27,37,630
IN-LD,Lakshadweep,Male,All,70-74,None,8.35,6.85,10.19,10,125
IN-LD,Lakshadweep,Male,All,70-74,Primary,6.26,5.13,7.64,7,125
IN-LD,Lakshadweep,Male,All,70-74,Middle,4.77,3.91,5.82,5,125
IN-LD,Lakshadweep,Male,All,70-74,Secondary,3.58,2.94,4.37,4,125
IN-LD,Lakshadweep,Male,All,70-74,Higher,2.68,2.20,3.27,3,125
IN-LD,Lakshadweep,Male,All,75-79,All,8.81,7.22,10.75,55,630
IN-LD,Lakshadweep,Male,All,75-79,None,12.34,10.12,15.05,15,125
IN-LD,Lakshadweep,Male,All,75-79,Primary,9.26,7.59,11.30,11,125
IN-LD,Lakshadweep,Male,All,75-79,Middle,7.05,5.78,8.60,8,125
IN-LD,Lakshadweep,Male,All,75-79,Secondary,5.29,4.34,6.45,6,125
IN-LD,Lakshadweep,Male,All,75-79,Higher,3.97,3.26,4.84,4,125
IN-LD,Lakshadweep,Male,All,80-84,All,12.44,10.20,15.18,78,630
IN-LD,Lakshadweep,Male,All,80-84,None,17.42,14.28,21.25,21,125
IN-LD,Lakshadweep,Male,All,80-84,Primary,13.07,10.72,15.95,16,125
IN-LD,Lakshadweep,Male,All,80-84,Middle,9.96,8.17,12.15,12,125
IN-LD,Lakshadweep,Male,All,80-84,Secondary,7.47,6.13,9.11,9,125
IN-LD,Lakshadweep,Male,All,80-84,Higher,5.60,4.59,6.83,6,125
IN-LD,Lakshadweep,Male,All,85+,All,17.11,14.03,20.87,107,630
IN-LD,Lakshadweep,Male,All,85+,None,23.95,19.64,29.22,29,125
IN-LD,Lakshadweep,Male,All,85+,Primary,17.97,14.74,21.92,22,125
IN-LD,Lakshadweep,Male,All,85+,Middle,13.69,11.23,16.70,17,125
IN-LD,Lakshadweep,Male,All,85+,Secondary,10.27,8.42,12.53,12,125
IN-LD,Lakshadweep,Male,All,85+,Higher,7.70,6.31,9.39,9,125
IN-LD,Lakshadweep,Male,Urban,60+,All,4.25,3.49,5.19,47,1120
IN-LD,Lakshadweep,Male,Urban,60+,None,5.95,4.88,7.26,13,224
IN-LD,Lakshadweep,Male,Urban,60+,Primary,4.46,3.66,5.44,9,224
IN-LD,Lakshadweep,Male,Urban,60+,Middle,3.40,2.79,4.15,7,224
IN-LD,Lakshadweep,Male,Urban,60+,Secondary,2.55,2.09,3.11,5,224
IN-LD,Lakshadweep,Male,Urban,60+,Higher,1.91,1.57,2.33,4,224
IN-LD,Lakshadweep,Male,Urban,60-64,All,1.91,1.57,2.33,3,201
IN-LD,Lakshadweep,Male,Urban,60-64,None,2.68,2.20,3.27,1,40
IN-LD,Lakshadweep,Male,Urban,60-64,Primary,2.01,1.65,2.45,0,40
IN-LD,Lakshadweep,Male,Urban,60-64,Middle,1.53,1.25,1.87,0,40
IN-LD,Lakshadweep,Male,Urban,60-64,Secondary,1.15,0.94,1.40,0,40
IN-LD,Lakshadweep,Male,Urban,60-64,Higher,1.00,0.82,1.22,0,40
IN-LD,Lakshadweep,Male,Urban,65-69,All,3.19,2.62,3.89,6,201
IN-LD,Lakshadweep,Male,Urban,65-69,None,4.46,3.66,5.44,1,40
IN-LD,Lakshadweep,Male,Urban,65-69,Primary,3.35,2.75,4.09,1,40
IN-LD,Lakshadweep,Male,Urban,65-69,Middle,2.55,2.09,3.11,1,40
IN-LD,Lakshadweep,Male,Urban,65-69,Secondary,1.91,1.57,2.33,0,40
IN-LD,Lakshadweep,Male,Urban,65-69,Higher,1.43,1.17,1.74,0,40
IN-LD,Lakshadweep,Male,Urban,70-74,All,4.89,4.01,5.97,9,201
IN-LD,Lakshadweep,Male,Urban,70-74,None,6.85,5.62,8.36,2,40
IN-LD,Lakshadweep,Male,Urban,70-74,Primary,5.13,4.21,6.26,2,40
IN-LD,Lakshadweep,Male,Urban,70-74,Middle,3.91,3.21,4.77,1,40
IN-LD,Lakshadweep,Male,Urban,70-74,Secondary,2.93,2.40,3.57,1,40
IN-LD,Lakshadweep,Male,Urban,70-74,Higher,2.20,1.80,2.68,0,40
IN-LD,Lakshadweep,Male,Urban,75-79,All,7.23,5.93,8.82,14,201
IN-LD,Lakshadweep,Male,Urban,75-79,None,10.12,8.30,12.35,4,40
IN-LD,Lakshadweep,Male,Urban,75-79,Primary,7.59,6.22,9.26,3,40
IN-LD,Lakshadweep,Male,Urban,75-79,Middle,5.78,4.74,7.05,2,40
IN-LD,Lakshadweep,Male,Urban,75-79,Secondary,4.34,3.56,5.29,1,40
IN-LD,Lakshadweep,Male,Urban,75-79,Higher,3.25,2.67,3.97,1,40
IN-LD,Lakshadweep,Male,Urban,80-84,All,10.20,8.36,12.44,20,201
IN-LD,Lakshadweep,Male,Urban,80-84,None,14.29,11.72,17.43,5,40
IN-LD,Lakshadweep,Male,Urban,80-84,Primary,10.71,8.78,13.07,4,40
IN-LD,Lakshadweep,Male,Urban,80-84,Middle,8.16,6.69,9.96,3,40
IN-LD,Lakshadweep,Male,Urban,80-84,Secondary,6.12,5.02,7.47,2,40
IN-LD,Lakshadweep,Male,Urban,80-84,Higher,4.59,3.76,5.60,1,40
IN-LD,Lakshadweep,Male,Urban,85+,All,14.03,11.50,17.12,28,201
IN-LD,Lakshadweep,Male,Urban,85+,None,19.64,16.10,23.96,7,40
IN-LD,Lakshadweep,Male,Urban,85+,Primary,14.73,12.08,17.97,5,40
IN-LD,Lakshadweep,Male,Urban,85+,Middle,11.22,9.20,13.69,4,40
IN-LD,Lakshadweep,Male,Urban,85+,Secondary,8.42,6.90,10.27,3,40
IN-LD,Lakshadweep,Male,Urban,85+,Higher,6.31,5.17,7.70,2,40
IN-LD,Lakshadweep,Male,Rural,60+,All,6.33,5.19,7.72,150,2380
IN-LD,Lakshadweep,Male,Rural,60+,None,8.86,7.27,10.81,42,476
IN-LD,Lakshadweep,Male,Rural,60+,Primary,6.64,5.44,8.10,31,476
IN-LD,Lakshadweep,Male,Rural,60+,Middle,5.06,4.15,6.17,24,476
IN-LD,Lakshadweep,Male,Rural,60+,Secondary,3.80,3.12,4.64,18,476
IN-LD,Lakshadweep,Male,Rural,60+,Higher,2.85,2.34,3.48,13,476
IN-LD,Lakshadweep,Male,Rural,60-64,All,2.85,2.34,3.48,12,428
IN-LD,Lakshadweep,Male,Rural,60-64,None,3.99,3.27,4.87,3,85
IN-LD,Lakshadweep,Male,Rural,60-64,Primary,2.99,2.45,3.65,2,85
IN-LD,Lakshadweep,Male,Rural,60-64,Middle,2.28,1.87,2.78,1,85
IN-LD,Lakshadweep,Male,Rural,60-64,Secondary,1.71,1.40,2.09,1,85
IN-LD,Lakshadweep,Male,Rural,60-64,Higher,1.28,1.05,1.56,1,85
IN-LD,Lakshadweep,Male,Rural,65-69,All,4.74,3.89,5.78,20,428
IN-LD,Lakshadweep,Male,Rural,65-69,None,6.64,5.44,8.10,5,85
IN-LD,Lakshadweep,Male,Rural,65-69,Primary,4.98,4.08,6.08,4,85
IN-LD,Lakshadweep,Male,Rural,65-69,Middle,3.80,3.12,4.64,3,85
IN-LD,Lakshadweep,Male,Rural,65-69,Secondary,2.85,2.34,3.48,2,85
IN-LD,Lakshadweep,Male,Rural,65-69,Higher,2.13,1.75,2.60,1,85
IN-LD,Lakshadweep,Male,Rural,70-74,All,7.27,5.96,8.87,31,428
IN-LD,Lakshadweep,Male,Rural,70-74,None,10.18,8.35,12.42,8,85
IN-LD,Lakshadweep,Male,Rural,70-74,Primary,7.64,6.26,9.32,6,85
IN-LD,Lakshadweep,Male,Rural,70-74,Middle,5.82,4.77,7.10,4,85
IN-LD,Lakshadweep,Male,Rural,70-74,Secondary,4.36,3.58,5.32,3,85
IN-LD,Lakshadweep,Male,Rural,70-74,Higher,3.27,2.68,3.99,2,85
IN-LD,Lakshadweep,Male,Rural,75-79,All,10.75,8.82,13.12,46,428
IN-LD,Lakshadweep,Male,Rural,75-79,None,15.06,12.35,18.37,12,85
IN-LD,Lakshadweep,Male,Rural,75-79,Primary,11.29,9.26,13.77,9,85
IN-LD,Lakshadweep,Male,Rural,75-79,Middle,8.60,7.05,10.49,7,85
IN-LD,Lakshadweep,Male,Rural,75-79,Secondary,6.45,5.29,7.87,5,85
IN-LD,Lakshadweep,Male,Rural,75-79,Higher,4.84,3.97,5.90,4,85
IN-LD,Lakshadweep,Male,Rural,80-84,All,15.18,12.45,18.52,64,428
IN-LD,Lakshadweep,Male,Rural,80-84,None,21.25,17.43,25.93,18,85
IN-LD,Lakshadweep,Male,Rural,80-84,Primary,15.94,13.07,19.45,13,85
IN-LD,Lakshadweep,Male,Rural,80-84,Middle,12.15,9.96,14.82,10,85
IN-LD,Lakshadweep,Male,Rural,80-84,Secondary,9.11,7.47,11.11,7,85
IN-LD,Lakshadweep,Male,Rural,80-84,Higher,6.83,5.60,8.33,5,85
IN-LD,Lakshadweep,Male,Rural,85+,All,20.87,17.11,25.46,89,428
IN-LD,Lakshadweep,Male,Rural,85+,None,29.22,23.96,35.65,24,85
IN-LD,Lakshadweep,Male,Rural,85+,Primary,21.92,17.97,26.74,18,85
IN-LD,Lakshadweep,Male,Rural,85+,Middle,16.70,13.69,20.37,14,85
IN-LD,Lakshadweep,Male,Rural,85+,Secondary,12.52,10.27,15.27,10,85
IN-LD,Lakshadweep,Male,Rural,85+,Higher,9.39,7.70,11.46,7,85
IN-LD,Lakshadweep,Female,All,60+,All,7.01,5.75,8.55,245,3500
IN-LD,Lakshadweep,Female,All,60+,None,9.82,8.05,11.98,68,700
IN-LD,Lakshadweep,Female,All,60+,Primary,7.37,6.04,8.99,51,700
IN-LD,Lakshadweep,Female,All,60+,Middle,5.61,4.60,6.84,39,700
IN-LD,Lakshadweep,Female,All,60+,Secondary,4.21,3.45,5.14,29,700
IN-LD,Lakshadweep,Female,All,60+,Higher,3.16,2.59,3.86,22,700
IN-LD,Lakshadweep,Female,All,60-64,All,3.16,2.59,3.86,19,630
IN-LD,Lakshadweep,Female,All,60-64,None,4.42,3.62,5.39,5,125
IN-LD,Lakshadweep,Female,All,60-64,Primary,3.31,2.71,4.04,4,125
IN-LD,Lakshadweep,Female,All,60-64,Middle,2.53,2.07,3.09,3,125
IN-LD,Lakshadweep,Female,All,60-64,Secondary,1.89,1.55,2.31,2,125
IN-LD,Lakshadweep,Female,All,60-64,Higher,1.42,1.16,1.73,1,125
IN-LD,Lakshadweep,Female,All,65-69,All,5.26,4.31,6.42,33,630
IN-LD,Lakshadweep,Female,All,65-69,None,7.37,6.04,8.99,9,125
IN-LD,Lakshadweep,Female,All,65-69,Primary,5.52,4.53,6.73,6,125
IN-LD,Lakshadweep,Female,All,65-69,Middle,4.21,3.45,5.14,5,125
IN-LD,Lakshadweep,Female,All,65-69,Secondary,3.16,2.59,3.86,3,125
IN-LD,Lakshadweep,Female,All,65-69,Higher,2.37,1.94,2.89,2,125
IN-LD,Lakshadweep,Female,All,70-74,All,8.07,6.62,9.85,50,630
IN-LD,Lakshadweep,Female,All,70-74,None,11.29,9.26,13.77,14,125
IN-LD,Lakshadweep,Female,All,70-74,Primary,8.47,6.95,10.33,10,125
IN-LD,Lakshadweep,Female,All,70-74,Middle,6.45,5.29,7.87,8,125
IN-LD,Lakshadweep,Female,All,70-74,Secondary,4.84,3.97,5.90,6,125
IN-LD,Lakshadweep,Female,All,70-74,Higher,3.63,2.98,4.43,4,125
IN-LD,Lakshadweep,Female,All,75-79,All,11.93,9.78,14.55,75,630
IN-LD,Lakshadweep,Female,All,75-79,None,16.70,13.69,20.37,20,125
IN-LD,Lakshadweep,Female,All,75-79,Primary,12.52,10.27,15.27,15,125
IN-LD,Lakshadweep,Female,All,75-79,Middle,9.54,7.82,11.64,11,125
IN-LD,Lakshadweep,Female,All,75-79,Secondary,7.16,5.87,8.74,8,125
IN-LD,Lakshadweep,Female,All,75-79,Higher,5.37,4.40,6.55,6,125
IN-LD,Lakshadweep,Female,All,80-84,All,16.84,13.81,20.54,106,630
IN-LD,Lakshadweep,Female,All,80-84,None,23.57,19.33,28.76,29,125
IN-LD,Lakshadweep,Female,All,80-84,Primary,17.68,14.50,21.57,22,125
IN-LD,Lakshadweep,Female,All,80-84,Middle,13.47,11.05,16.43,16,125
IN-LD,Lakshadweep,Female,All,80-84,Secondary,10.10,8.28,12.32,12,125
IN-LD,Lakshadweep,Female,All,80-84,Higher,7.58,6.22,9.25,9,125
IN-LD,Lakshadweep,Female,All,85+,All,23.15,18.98,28.24,145,630
IN-LD,Lakshadweep,Female,All,85+,None,32.41,26.58,39.54,40,125
IN-LD,Lakshadweep,Female,All,85+,Primary,24.31,19.93,29.66,30,125
IN-LD,Lakshadweep,Female,All,85+,Middle,18.52,15.19,22.59,23,125
IN-LD,Lakshadweep,Female,All,85+,Secondary,13.89,11.39,16.95,17,125
IN-LD,Lakshadweep,Female,All,85+,Higher,10.42,8.54,12.71,13,125
IN-LD,Lakshadweep,Female,Urban,60+,All,5.75,4.72,7.02,64,1120
IN-LD,Lakshadweep,Female,Urban,60+,None,8.05,6.60,9.82,18,224
IN-LD,Lakshadweep,Female,Urban,60+,Primary,6.04,4.95,7.37,13,224
IN-LD,Lakshadweep,Female,Urban,60+,Middle,4.60,3.77,5.61,10,224
IN-LD,Lakshadweep,Female,Urban,60+,Secondary,3.45,2.83,4.21,7,224
IN-LD,Lakshadweep,Female,Urban,60+,Higher,2.59,2.12,3.16,5,224
IN-LD,Lakshadweep,Female,Urban,60-64,All,2.59,2.12,3.16,5,201
IN-LD,Lakshadweep,Female,Urban,60-64,None,3.62,2.97,4.42,1,40
IN-LD,Lakshadweep,Female,Urban,60-64,Primary,2.72,2.23,3.32,1,40
IN-LD,Lakshadweep,Female,Urban,60-64,Middle,2.07,1.70,2.53,0,40
IN-LD,Lakshadweep,Female,Urban,60-64,Secondary,1.55,1.27,1.89,0,40
IN-LD,Lakshadweep,Female,Urban,60-64,Higher,1.16,0.95,1.42,0,40
IN-LD,Lakshadweep,Female,Urban,65-69,All,4.31,3.53,5.26,8,201
IN-LD,Lakshadweep,Female,Urban,65-69,None,6.04,4.95,7.37,2,40
IN-LD,Lakshadweep,Female,Urban,65-69,Primary,4.53,3.71,5.53,1,40
IN-LD,Lakshadweep,Female,Urban,65-69,Middle,3.45,2.83,4.21,1,40
IN-LD,Lakshadweep,Female,Urban,65-69,Secondary,2.59,2.12,3.16,1,40
IN-LD,Lakshadweep,Female,Urban,65-69,Higher,1.94,1.59,2.37,0,40
IN-LD,Lakshadweep,Female,Urban,70-74,All,6.62,5.43,8.08,13,201
IN-LD,Lakshadweep,Female,Urban,70-74,None,9.26,7.59,11.30,3,40
IN-LD,Lakshadweep,Female,Urban,70-74,Primary,6.95,5.70,8.48,2,40
IN-LD,Lakshadweep,Female,Urban,70-74,Middle,5.29,4.34,6.45,2,40
IN-LD,Lakshadweep,Female,Urban,70-74,Secondary,3.97,3.26,4.84,1,40
IN-LD,Lakshadweep,Female,Urban,70-74,Higher,2.98,2.44,3.64,1,40
IN-LD,Lakshadweep,Female,Urban,75-79,All,9.78,8.02,11.93,19,201
IN-LD,Lakshadweep,Female,Urban,75-79,None,13.69,11.23,16.70,5,40
IN-LD,Lakshadweep,Female,Urban,75-79,Primary,10.27,8.42,12.53,4,40
IN-LD,Lakshadweep,Female,Urban,75-79,Middle,7.82,6.41,9.54,3,40
IN-LD,Lakshadweep,Female,Urban,75-79,Secondary,5.87,4.81,7.16,2,40
IN-LD,Lakshadweep,Female,Urban,75-79,Higher,4.40,3.61,5.37,1,40
IN-LD,Lakshadweep,Female,Urban,80-84,All,13.81,11.32,16.85,27,201
IN-LD,Lakshadweep,Female,Urban,80-84,None,19.33,15.85,23.58,7,40
IN-LD,Lakshadweep,Female,Urban,80-84,Primary,14.50,11.89,17.69,5,40
IN-LD,Lakshadweep,Female,Urban,80-84,Middle,11.04,9.05,13.47,4,40
IN-LD,Lakshadweep,Female,Urban,80-84,Secondary,8.28,6.79,10.10,3,40
IN-LD,Lakshadweep,Female,Urban,80-84,Higher,6.21,5.09,7.58,2,40
IN-LD,Lakshadweep,Female,Urban,85+,All,18.98,15.56,23.16,38,201
IN-LD,Lakshadweep,Female,Urban,85+,None,26.58,21.80,32.43,10,40
IN-LD,Lakshadweep,Female,Urban,85+,Primary,19.93,16.34,24.31,7,40
IN-LD,Lakshadweep,Female,Urban,85+,Middle,15.19,12.46,18.53,6,40
IN-LD,Lakshadweep,Female,Urban,85+,Secondary,11.39,9.34,13.90,4,40
IN-LD,Lakshadweep,Female,Urban,85+,Higher,8.54,7.00,10.42,3,40
IN-LD,Lakshadweep,Female,Rural,60+,All,8.56,7.02,10.44,203,2380
IN-LD,Lakshadweep,Female,Rural,60+,None,11.98,9.82,14.62,57,476
IN-LD,Lakshadweep,Female,Rural,60+,Primary,8.99,7.37,10.97,42,476
IN-LD,Lakshadweep,Female,Rural,60+,Middle,6.85,5.62,8.36,32,476
IN-LD,Lakshadweep,Female,Rural,60+,Secondary,5.13,4.21,6.26,24,476
IN-LD,Lakshadweep,Female,Rural,60+,Higher,3.85,3.16,4.70,18,476
IN-LD,Lakshadweep,Female,Rural,60-64,All,3.85,3.16,4.70,16,428
IN-LD,Lakshadweep,Female,Rural,60-64,None,5.39,4.42,6.58,4,85
IN-LD,Lakshadweep,Female,Rural,60-64,Primary,4.04,3.31,4.93,3,85
IN-LD,Lakshadweep,Female,Rural,60-64,Middle,3.08,2.53,3.76,2,85
IN-LD,Lakshadweep,Female,Rural,60-64,Secondary,2.31,1.89,2.82,1,85
IN-LD,Lakshadweep,Female,Rural,60-64,Higher,1.73,1.42,2.11,1,85
IN-LD,Lakshadweep,Female,Rural,65-69,All,6.42,5.26,7.83,27,428
IN-LD,Lakshadweep,Female,Rural,65-69,None,8.99,7.37,10.97,7,85
IN-LD,Lakshadweep,Female,Rural,65-69,Primary,6.74,5.53,8.22,5,85
IN-LD,Lakshadweep,Female,Rural,65-69,Middle,5.13,4.21,6.26,4,85
IN-LD,Lakshadweep,Female,Rural,65-69,Secondary,3.85,3.16,4.70,3,85
IN-LD,Lakshadweep,Female,Rural,65-69,Higher,2.89,2.37,3.53,2,85
IN-LD,Lakshadweep,Female,Rural,70-74,All,9.84,8.07,12.00,42,428
IN-LD,Lakshadweep,Female,Rural,70-74,None,13.78,11.30,16.81,11,85
IN-LD,Lakshadweep,Female,Rural,70-74,Primary,10.33,8.47,12.60,8,85
IN-LD,Lakshadweep,Female,Rural,70-74,Middle,7.87,6.45,9.60,6,85
IN-LD,Lakshadweep,Female,Rural,70-74,Secondary,5.91,4.85,7.21,5,85
IN-LD,Lakshadweep,Female,Rural,70-74,Higher,4.43,3.63,5.40,3,85
IN-LD,Lakshadweep,Female,Rural,75-79,All,14.55,11.93,17.75,62,428
IN-LD,Lakshadweep,Female,Rural,75-79,None,20.37,16.70,24.85,17,85
IN-LD,Lakshadweep,Female,Rural,75-79,Primary,15.28,12.53,18.64,12,85
IN-LD,Lakshadweep,Female,Rural,75-79,Middle,11.64,9.54,14.20,9,85
IN-LD,Lakshadweep,Female,Rural,75-79,Secondary,8.73,7.16,10.65,7,85
IN-LD,Lakshadweep,Female,Rural,75-79,Higher,6.55,5.37,7.99,5,85
IN-LD,Lakshadweep,Female,Rural,80-84,All,20.54,16.84,25.06,87,428
IN-LD,Lakshadweep,Female,Rural,80-84,None,28.76,23.58,35.09,24,85
IN-LD,Lakshadweep,Female,Rural,80-84,Primary,21.57,17.69,26.32,18,85
IN-LD,Lakshadweep,Female,Rural,80-84,Middle,16.43,13.47,20.04,13,85
IN-LD,Lakshadweep,Female,Rural,80-84,Secondary,12.32,10.10,15.03,10,85
IN-LD,Lakshadweep,Female,Rural,80-84,Higher,9.24,7.58,11.27,7,85
IN-LD,Lakshadweep,Female,Rural,85+,All,28.24,23.16,34.45,120,428
IN-LD,Lakshadweep,Female,Rural,85+,None,35.00,28.70,42.70,29,85
IN-LD,Lakshadweep,Female,Rural,85+,Primary,29.65,24.31,36.17,25,85
IN-LD,Lakshadweep,Female,Rural,85+,Middle,22.59,18.52,27.56,19,85
IN-LD,Lakshadweep,Female,Rural,85+,Secondary,16.95,13.90,20.68,14,85
IN-LD,Lakshadweep,Female,Rural,85+,Higher,12.71,10.42,15.51,10,85
IN-LA,Ladakh,Both,All,60+,All,8.50,6.97,10.37,2380,28000
IN-LA,Ladakh,Both,All,60+,None,11.90,9.76,14.52,666,5600
IN-LA,Ladakh,Both,All,60+,Primary,8.93,7.32,10.89,500,5600
IN-LA,Ladakh,Both,All,60+,Middle,6.80,5.58,8.30,380,5600
IN-LA,Ladakh,Both,All,60+,Secondary,5.10,4.18,6.22,285,5600
IN-LA,Ladakh,Both,All,60+,Higher,3.83,3.14,4.67,214,5600
IN-LA,Ladakh,Both,All,60-64,All,3.83,3.14,4.67,193,5040
IN-LA,Ladakh,Both,All,60-64,None,5.36,4.40,6.54,53,1007
IN-LA,Ladakh,Both,All,60-64,Primary,4.02,3.30,4.90,40,1007
IN-LA,Ladakh,Both,All,60-64,Middle,3.06,2.51,3.73,30,1007
IN-LA,Ladakh,Both,All,60-64,Secondary,2.30,1.89,2.81,23,1007
IN-LA,Ladakh,Both,All,60-64,Higher,1.72,1.41,2.10,17,1007
IN-LA,Ladakh,Both,All,65-69,All,6.38,5.23,7.78,321,5040
IN-LA,Ladakh,Both,All,65-69,None,8.92,7.31,10.88,89,1007
IN-LA,Ladakh,Both,All,65-69,Primary,6.69,5.49,8.16,67,1007
IN-LA,Ladakh,Both,All,65-69,Middle,5.10,4.18,6.22,51,1007
IN-LA,Ladakh,Both,All,65-69,Secondary,3.83,3.14,4.67,38,1007
IN-LA,Ladakh,Both,All,65-69,Higher,2.87,2.35,3.50,28,1007
IN-LA,Ladakh,Both,All,70-74,All,9.77,8.01,11.92,492,5040
IN-LA,Ladakh,Both,All,70-74,None,13.68,11.22,16.69,137,1007
IN-LA,Ladakh,Both,All,70-74,Primary,10.26,8.41,12.52,103,1007
IN-LA,Ladakh,Both,All,70-74,Middle,7.82,6.41,9.54,78,1007
IN-LA,Ladakh,Both,All,70-74,Secondary,5.86,4.81,7.15,59,1007
IN-LA,Ladakh,Both,All,70-74,Higher,4.40,3.61,5.37,44,1007
IN-LA,Ladakh,Both,All,75-79,All,14.45,11.85,17.63,728,5040
IN-LA,Ladakh,Both,All,75-79,None,20.23,16.59,24.68,203,1007
IN-LA,Ladakh,Both,All,75-79,Primary,15.17,12.44,18.51,152,1007
IN-LA,Ladakh,Both,All,75-79,Middle,11.56,9.48,14.10,116,1007
IN-LA,Ladakh,Both,All,75-79,Secondary,8.67,7.11,10.58,87,1007
IN-LA,Ladakh,Both,All,75-79,Higher,6.50,5.33,7.93,65,1007
IN-LA,Ladakh,Both,All,80-84,All,20.40,16.73,24.89,1028,5040
IN-LA,Ladakh,Both,All,80-84,None,28.56,23.42,34.84,287,1007
IN-LA,Ladakh,Both,All,80-84,Primary,21.42,17.56,26.13,215,1007
IN-LA,Ladakh,Both,All,80-84,Middle,16.32,13.38,19.91,164,1007
IN-LA,Ladakh,Both,All,80-84,Secondary,12.24,10.04,14.93,123,1007
IN-LA,Ladakh,Both,All,80-84,Higher,9.18,7.53,11.20,92,1007
IN-LA,Ladakh,Both,All,85+,All,28.05,23.00,34.22,1413,5040
IN-LA,Ladakh,Both,All,85+,None,35.00,28.70,42.70,352,1007
IN-LA,Ladakh,Both,All,85+,Primary,29.45,24.15,35.93,296,1007
IN-LA,Ladakh,Both,All,85+,Middle,22.44,18.40,27.38,225,1007
IN-LA,Ladakh,Both,All,85+,Secondary,16.83,13.80,20.53,169,1007
IN-LA,Ladakh,Both,All,85+,Higher,12.62,10.35,15.40,127,1007
IN-LA,Ladakh,Both,Urban,60+,All,6.97,5.72,8.50,624,8960
IN-LA,Ladakh,Both,Urban,60+,None,9.76,8.00,11.91,174,1792
IN-LA,Ladakh,Both,Urban,60+,Primary,7.32,6.00,8.93,131,1792
IN-LA,Ladakh,Both,Urban,60+,Middle,5.58,4.58,6.81,99,1792
IN-LA,Ladakh,Both,Urban,60+,Secondary,4.18,3.43,5.10,74,1792
IN-LA,Ladakh,Both,Urban,60+,Higher,3.14,2.57,3.83,56,1792
IN-LA,Ladakh,Both,Urban,60-64,All,3.14,2.57,3.83,50,1612
IN-LA,Ladakh,Both,Urban,60-64,None,4.39,3.60,5.36,14,322
IN-LA,Ladakh,Both,Urban,60-64,Primary,3.29,2.70,4.01,10,322
IN-LA,Ladakh,Both,Urban,60-64,Middle,2.51,2.06,3.06,8,322
IN-LA,Ladakh,Both,Urban,60-64,Secondary,1.88,1.54,2.29,6,322
IN-LA,Ladakh,Both,Urban,60-64,Higher,1.41,1.16,1.72,4,322
IN-LA,Ladakh,Both,Urban,65-69,All,5.23,4.29,6.38,84,1612
IN-LA,Ladakh,Both,Urban,65-69,None,7.32,6.00,8.93,23,322
IN-LA,Ladakh,Both,Urban,65-69,Primary,5.49,4.50,6.70,17,322
IN-LA,Ladakh,Both,Urban,65-69,Middle,4.18,3.43,5.10,13,322
IN-LA,Ladakh,Both,Urban,65-69,Secondary,3.14,2.57,3.83,10,322
IN-LA,Ladakh,Both,Urban,65-69,Higher,2.35,1.93,2.87,7,322
IN-LA,Ladakh,Both,Urban,70-74,All,8.02,6.58,9.78,129,1612
IN-LA,Ladakh,Both,Urban,70-74,None,11.22,9.20,13.69,36,322
IN-LA,Ladakh,Both,Urban,70-74,Primary,8.42,6.90,10.27,27,322
IN-LA,Ladakh,Both,Urban,70-74,Middle,6.41,5.26,7.82,20,322
IN-LA,Ladakh,Both,Urban,70-74,Secondary,4.81,3.94,5.87,15,322
IN-LA,Ladakh,Both,Urban,70-74,Higher,3.61,2.96,4.40,11,322
IN-LA,Ladakh,Both,Urban,75-79,All,11.85,9.72,14.46,191,1612
IN-LA,Ladakh,Both,Urban,75-79,None,16.59,13.60,20.24,53,322
IN-LA,Ladakh,Both,Urban,75-79,Primary,12.44,10.20,15.18,40,322
IN-LA,Ladakh,Both,Urban,75-79,Middle,9.48,7.77,11.57,30,322
IN-LA,Ladakh,Both,Urban,75-79,Secondary,7.11,5.83,8.67,22,322
IN-LA,Ladakh,Both,Urban,75-79,Higher,5.33,4.37,6.50,17,322
IN-LA,Ladakh,Both,Urban,80-84,All,16.73,13.72,20.41,269,1612
IN-LA,Ladakh,Both,Urban,80-84,None,23.42,19.20,28.57,75,322
IN-LA,Ladakh,Both,Urban,80-84,Primary,17.56,14.40,21.42,56,322
IN-LA,Ladakh,Both,Urban,80-84,Middle,13.38,10.97,16.32,43,322
IN-LA,Ladakh,Both,Urban,80-84,Secondary,10.04,8.23,12.25,32,322
IN-LA,Ladakh,Both,Urban,80-84,Higher,7.53,6.17,9.19,24,322
IN-LA,Ladakh,Both,Urban,85+,All,23.00,18.86,28.06,370,1612
IN-LA,Ladakh,Both,Urban,85+,None,32.20,26.40,39.28,103,322
IN-LA,Ladakh,Both,Urban,85+,Primary,24.15,19.80,29.46,77,322
IN-LA,Ladakh,Both,Urban,85+,Middle,18.40,15.09,22.45,59,322
IN-LA,Ladakh,Both,Urban,85+,Secondary,13.80,11.32,16.84,44,322
IN-LA,Ladakh,Both,Urban,85+,Higher,10.35,8.49,12.63,33,322
IN-LA,Ladakh,Both,Rural,60+,All,10.37,8.50,12.65,1974,19040
IN-LA,Ladakh,Both,Rural,60+,None,14.52,11.91,17.71,552,3808
IN-LA,Ladakh,Both,Rural,60+,Primary,10.89,8.93,13.29,414,3808
IN-LA,Ladakh,Both,Rural,60+,Middle,8.30,6.81,10.13,316,3808
IN-LA,Ladakh,Both,Rural,60+,Secondary,6.22,5.10,7.59,236,3808
IN-LA,Ladakh,Both,Rural,60+,Higher,4.67,3.83,5.70,177,3808
IN-LA,Ladakh,Both,Rural,60-64,All,4.67,3.83,5.70,160,3427
IN-LA,Ladakh,Both,Rural,60-64,None,6.53,5.35,7.97,44,685
IN-LA,Ladakh,Both,Rural,60-64,Primary,4.90,4.02,5.98,33,685
IN-LA,Ladakh,Both,Rural,60-64,Middle,3.73,3.06,4.55,25,685
IN-LA,Ladakh,Both,Rural,60-64,Secondary,2.80,2.30,3.42,19,685
IN-LA,Ladakh,Both,Rural,60-64,Higher,2.10,1.72,2.56,14,685
IN-LA,Ladakh,Both,Rural,65-69,All,7.78,6.38,9.49,266,3427
IN-LA,Ladakh,Both,Rural,65-69,None,10.89,8.93,13.29,74,685
IN-LA,Ladakh,Both,Rural,65-69,Primary,8.17,6.70,9.97,55,685
IN-LA,Ladakh,Both,Rural,65-69,Middle,6.22,5.10,7.59,42,685
IN-LA,Ladakh,Both,Rural,65-69,Secondary,4.67,3.83,5.70,31,685
IN-LA,Ladakh,Both,Rural,65-69,Higher,3.50,2.87,4.27,23,685
IN-LA,Ladakh,Both,Rural,70-74,All,11.93,9.78,14.55,408,3427
IN-LA,Ladakh,Both,Rural,70-74,None,16.70,13.69,20.37,114,685
IN-LA,Ladakh,Both,Rural,70-74,Primary,12.52,10.27,15.27,85,685
IN-LA,Ladakh,Both,Rural,70-74,Middle,9.54,7.82,11.64,65,685
IN-LA,Ladakh,Both,Rural,70-74,Secondary,7.16,5.87,8.74,49,685
IN-LA,Ladakh,Both,Rural,70-74,Higher,5.37,4.40,6.55,36,685
IN-LA,Ladakh,Both,Rural,75-79,All,17.63,14.46,21.51,604,3427
IN-LA,Ladakh,Both,Rural,75-79,None,24.68,20.24,30.11,169,685
IN-LA,Ladakh,Both,Rural,75-79,Primary,18.51,15.18,22.58,126,685
IN-LA,Ladakh,Both,Rural,75-79,Middle,14.10,11.56,17.20,96,685
IN-LA,Ladakh,Both,Rural,75-79,Secondary,10.58,8.68,12.91,72,685
IN-LA,Ladakh,Both,Rural,75-79,Higher,7.93,6.50,9.67,54,685
IN-LA,Ladakh,Both,Rural,80-84,All,24.89,20.41,30.37,852,3427
IN-LA,Ladakh,Both,Rural,80-84,None,34.84,28.57,42.50,238,685
IN-LA,Ladakh,Both,Rural,80-84,Primary,26.13,21.43,31.88,178,685
IN-LA,Ladakh,Both,Rural,80-84,Middle,19.91,16.33,24.29,136,685
IN-LA,Ladakh,Both,Rural,80-84,Secondary,14.93,12.24,18.21,102,685
IN-LA,Ladakh,Both,Rural,80-84,Higher,11.20,9.18,13.66,76,685
IN-LA,Ladakh,Both,Rural,85+,All,34.22,28.06,41.75,1172,3427
IN-LA,Ladakh,Both,Rural,85+,None,35.00,28.70,42.70,239,685
IN-LA,Ladakh,Both,Rural,85+,Primary,35.00,28.70,42.70,239,685
IN-LA,Ladakh,Both,Rural,85+,Middle,27.38,22.45,33.40,187,685
IN-LA,Ladakh,Both,Rural,85+,Secondary,20.53,16.83,25.05,140,685
IN-LA,Ladakh,Both,Rural,85+,Higher,15.40,12.63,18.79,105,685
IN-LA,Ladakh,Male,All,60+,All,7.23,5.93,8.82,1012,14000
IN-LA,Ladakh,Male,All,60+,None,10.12,8.30,12.35,283,2800
IN-LA,Ladakh,Male,All,60+,Primary,7.59,6.22,9.26,212,2800
IN-LA,Ladakh,Male,All,60+,Middle,5.78,4.74,7.05,161,2800
IN-LA,Ladakh,Male,All,60+,Secondary,4.34,3.56,5.29,121,2800
IN-LA,Ladakh,Male,All,60+,Higher,3.25,2.67,3.97,91,2800
IN-LA,Ladakh,Male,All,60-64,All,3.25,2.67,3.97,81,2520
IN-LA,Ladakh,Male,All,60-64,None,4.55,3.73,5.55,22,503
IN-LA,Ladakh,Male,All,60-64,Primary,3.41,2.80,4.16,17,503
IN-LA,Ladakh,Male,All,60-64,Middle,2.60,2.13,3.17,13,503
IN-LA,Ladakh,Male,All,60-64,Secondary,1.95,1.60,2.38,9,503
IN-LA,Ladakh,Male,All,60-64,Higher,1.46,1.20,1.78,7,503
IN-LA,Ladakh,Male,All,65-69,All,5.42,4.44,6.61,136,2520
IN-LA,Ladakh,Male,All,65-69,None,7.59,6.22,9.26,38,503
IN-LA,Ladakh,Male,All,65-69,Primary,5.69,4.67,6.94,28,503
IN-LA,Ladakh,Male,All,65-69,Middle,4.34,3.56,5.29,21,503
IN-LA,Ladakh,Male,All,65-69,Secondary,3.25,2.67,3.97,16,503
IN-LA,Ladakh,Male,All,65-69,Higher,2.44,2.00,2.98,12,503
IN-LA,Ladakh,Male,All,70-74,All,8.31,6.81,10.14,209,2520
IN-LA,Ladakh,Male,All,70-74,None,11.63,9.54,14.19,58,503
IN-LA,Ladakh,Male,All,70-74,Primary,8.72,7.15,10.64,43,503
IN-LA,Ladakh,Male,All,70-74,Middle,6.65,5.45,8.11,33,503
IN-LA,Ladakh,Male,All,70-74,Secondary,4.99,4.09,6.09,25,503
IN-LA,Ladakh,Male,All,70-74,Higher,3.74,3.07,4.56,18,503
IN-LA,Ladakh,Male,All,75-79,All,12.28,10.07,14.98,309,2520
IN-LA,Ladakh,Male,All,75-79,None,17.20,14.10,20.98,86,503
IN-LA,Ladakh,Male,All,75-79,Primary,12.90,10.58,15.74,64,503
IN-LA,Ladakh,Male,All,75-79,Middle,9.83,8.06,11.99,49,503
IN-LA,Ladakh,Male,All,75-79,Secondary,7.37,6.04,8.99,37,503
IN-LA,Ladakh,Male,All,75-79,Higher,5.53,4.53,6.75,27,503
IN-LA,Ladakh,Male,All,80-84,All,17.34,14.22,21.15,436,2520
IN-LA,Ladakh,Male,All,80-84,None,24.28,19.91,29.62,122,503
IN-LA,Ladakh,Male,All,80-84,Primary,18.21,14.93,22.22,91,503
IN-LA,Ladakh,Male,All,80-84,Middle,13.87,11.37,16.92,69,503
IN-LA,Ladakh,Male,All,80-84,Secondary,10.40,8.53,12.69,52,503
IN-LA,Ladakh,Male,All,80-84,Higher,7.80,6.40,9.52,39,503
IN-LA,Ladakh,Male,All,85+,All,23.84,19.55,29.08,600,2520
IN-LA,Ladakh,Male,All,85+,None,33.38,27.37,40.72,167,503
IN-LA,Ladakh,Male,All,85+,Primary,25.03,20.52,30.54,125,503
IN-LA,Ladakh,Male,All,85+,Middle,19.07,15.64,23.27,95,503
IN-LA,Ladakh,Male,All,85+,Secondary,14.31,11.73,17.46,71,503
IN-LA,Ladakh,Male,All,85+,Higher,10.73,8.80,13.09,53,503
IN-LA,Ladakh,Male,Urban,60+,All,5.92,4.85,7.22,265,4480
IN-LA,Ladakh,Male,Urban,60+,None,8.29,6.80,10.11,74,896
IN-LA,Ladakh,Male,Urban,60+,Primary,6.22,5.10,7.59,55,896
IN-LA,Ladakh,Male,Urban,60+,Middle,4.74,3.89,5.78,42,896
IN-LA,Ladakh,Male,Urban,60+,Secondary,3.55,2.91,4.33,31,896
IN-LA,Ladakh,Male,Urban,60+,Higher,2.67,2.19,3.26,23,896
IN-LA,Ladakh,Male,Urban,60-64,All,2.67,2.19,3.26,21,806
IN-LA,Ladakh,Male,Urban,60-64,None,3.73,3.06,4.55,6,161
IN-LA,Ladakh,Male,Urban,60-64,Primary,2.80,2.30,3.42,4,161
IN-LA,Ladakh,Male,Urban,60-64,Middle,2.13,1.75,2.60,3,161
IN-LA,Ladakh,Male,Urban,60-64,Secondary,1.60,1.31,1.95,2,161
IN-LA,Ladakh,Male,Urban,60-64,Higher,1.20,0.98,1.46,1,161
IN-LA,Ladakh,Male,Urban,65-69,All,4.44,3.64,5.42,35,806
IN-LA,Ladakh,Male,Urban,65-69,None,6.22,5.10,7.59,10,161
IN-LA,Ladakh,Male,Urban,65-69,Primary,4.67,3.83,5.70,7,161
IN-LA,Ladakh,Male,Urban,65-69,Middle,3.55,2.91,4.33,5,161
IN-LA,Ladakh,Male,Urban,65-69,Secondary,2.67,2.19,3.26,4,161
IN-LA,Ladakh,Male,Urban,65-69,Higher,2.00,1.64,2.44,3,161
IN-LA,Ladakh,Male,Urban,70-74,All,6.81,5.58,8.31,54,806
IN-LA,Ladakh,Male,Urban,70-74,None,9.54,7.82,11.64,15,161
IN-LA,Ladakh,Male,Urban,70-74,Primary,7.15,5.86,8.72,11,161
IN-LA,Ladakh,Male,Urban,70-74,Middle,5.45,4.47,6.65,8,161
IN-LA,Ladakh,Male,Urban,70-74,Secondary,4.09,3.35,4.99,6,161
IN-LA,Ladakh,Male,Urban,70-74,Higher,3.07,2.52,3.75,4,161
IN-LA,Ladakh,Male,Urban,75-79,All,10.07,8.26,12.29,81,806
IN-LA,Ladakh,Male,Urban,75-79,None,14.10,11.56,17.20,22,161
IN-LA,Ladakh,Male,Urban,75-79,Primary,10.58,8.68,12.91,17,161
IN-LA,Ladakh,Male,Urban,75-79,Middle,8.06,6.61,9.83,12,161
IN-LA,Ladakh,Male,Urban,75-79,Secondary,6.04,4.95,7.37,9,161
IN-LA,Ladakh,Male,Urban,75-79,Higher,4.53,3.71,5.53,7,161
IN-LA,Ladakh,Male,Urban,80-84,All,14.22,11.66,17.35,114,806
IN-LA,Ladakh,Male,Urban,80-84,None,19.91,16.33,24.29,32,161
IN-LA,Ladakh,Male,Urban,80-84,Primary,14.93,12.24,18.21,24,161
IN-LA,Ladakh,Male,Urban,80-84,Middle,11.38,9.33,13.88,18,161
IN-LA,Ladakh,Male,Urban,80-84,Secondary,8.53,6.99,10.41,13,161
IN-LA,Ladakh,Male,Urban,80-84,Higher,6.40,5.25,7.81,10,161
IN-LA,Ladakh,Male,Urban,85+,All,19.55,16.03,23.85,157,806
IN-LA,Ladakh,Male,Urban,85+,None,27.37,22.44,33.39,44,161
IN-LA,Ladakh,Male,Urban,85+,Primary,20.53,16.83,25.05,33,161
IN-LA,Ladakh,Male,Urban,85+,Middle,15.64,12.82,19.08,25,161
IN-LA,Ladakh,Male,Urban,85+,Secondary,11.73,9.62,14.31,18,161
IN-LA,Ladakh,Male,Urban,85+,Higher,8.80,7.22,10.74,14,161
IN-LA,Ladakh,Male,Rural,60+,All,8.81,7.22,10.75,838,9520
IN-LA,Ladakh,Male,Rural,60+,None,12.34,10.12,15.05,234,1904
IN-LA,Ladakh,Male,Rural,60+,Primary,9.26,7.59,11.30,176,1904
IN-LA,Ladakh,Male,Rural,60+,Middle,7.05,5.78,8.60,134,1904
IN-LA,Ladakh,Male,Rural,60+,Secondary,5.29,4.34,6.45,100,1904
IN-LA,Ladakh,Male,Rural,60+,Higher,3.97,3.26,4.84,75,1904
IN-LA,Ladakh,Male,Rural,60-64,All,3.97,3.26,4.84,68,1713
IN-LA,Ladakh,Male,Rural,60-64,None,5.55,4.55,6.77,18,342
IN-LA,Ladakh,Male,Rural,60-64,Primary,4.16,3.41,5.08,14,342
IN-LA,Ladakh,Male,Rural,60-64,Middle,3.17,2.60,3.87,10,342
IN-LA,Ladakh,Male,Rural,60-64,Secondary,2.38,1.95,2.90,8,342
IN-LA,Ladakh,Male,Rural,60-64,Higher,1.78,1.46,2.17,6,342
IN-LA,Ladakh,Male,Rural,65-69,All,6.61,5.42,8.06,113,1713
IN-LA,Ladakh,Male,Rural,65-69,None,9.26,7.59,11.30,31,342
IN-LA,Ladakh,Male,Rural,65-69,Primary,6.94,5.69,8.47,23,342
IN-LA,Ladakh,Male,Rural,65-69,Middle,5.29,4.34,6.45,18,342
IN-LA,Ladakh,Male,Rural,65-69,Secondary,3.97,3.26,4.84,13,342
IN-LA,Ladakh,Male,Rural,65-69,Higher,2.97,2.44,3.62,10,342
IN-LA,Ladakh,Male,Rural,70-74,All,10.14,8.31,12.37,173,1713
IN-LA,Ladakh,Male,Rural,70-74,None,14.19,11.64,17.31,48,342
IN-LA,Ladakh,Male,Rural,70-74,Primary,10.64,8.72,12.98,36,342
IN-LA,Ladakh,Male,Rural,70-74,Middle,8.11,6.65,9.89,27,342
IN-LA,Ladakh,Male,Rural,70-74,Secondary,6.08,4.99,7.42,20,342
IN-LA,Ladakh,Male,Rural,70-74,Higher,4.56,3.74,5.56,15,342
IN-LA,Ladakh,Male,Rural,75-79,All,14.98,12.28,18.28,256,1713
IN-LA,Ladakh,Male,Rural,75-79,None,20.98,17.20,25.60,71,342
IN-LA,Ladakh,Male,Rural,75-79,Primary,15.73,12.90,19.19,53,342
IN-LA,Ladakh,Male,Rural,75-79,Middle,11.99,9.83,14.63,41,342
IN-LA,Ladakh,Male,Rural,75-79,Secondary,8.99,7.37,10.97,30,342
IN-LA,Ladakh,Male,Rural,75-79,Higher,6.74,5.53,8.22,23,342
IN-LA,Ladakh,Male,Rural,80-84,All,21.15,17.34,25.80,362,1713
IN-LA,Ladakh,Male,Rural,80-84,None,29.62,24.29,36.14,101,342
IN-LA,Ladakh,Male,Rural,80-84,Primary,22.21,18.21,27.10,75,342
IN-LA,Ladakh,Male,Rural,80-84,Middle,16.92,13.87,20.64,57,342
IN-LA,Ladakh,Male,Rural,80-84,Secondary,12.69,10.41,15.48,43,342
IN-LA,Ladakh,Male,Rural,80-84,Higher,9.52,7.81,11.61,32,342
IN-LA,Ladakh,Male,Rural,85+,All,29.09,23.85,35.49,498,1713
IN-LA,Ladakh,Male,Rural,85+,None,35.00,28.70,42.70,119,342
IN-LA,Ladakh,Male,Rural,85+,Primary,30.54,25.04,37.26,104,342
IN-LA,Ladakh,Male,Rural,85+,Middle,23.27,19.08,28.39,79,342
IN-LA,Ladakh,Male,Rural,85+,Secondary,17.45,14.31,21.29,59,342
IN-LA,Ladakh,Male,Rural,85+,Higher,13.09,10.73,15.97,44,342
IN-LA,Ladakh,Female,All,60+,All,9.77,8.01,11.92,1367,14000
IN-LA,Ladakh,Female,All,60+,None,13.68,11.22,16.69,383,2800
IN-LA,Ladakh,Female,All,60+,Primary,10.26,8.41,12.52,287,2800
IN-LA,Ladakh,Female,All,60+,Middle,7.82,6.41,9.54,218,2800
IN-LA,Ladakh,Female,All,60+,Secondary,5.86,4.81,7.15,164,2800
IN-LA,Ladakh,Female,All,60+,Higher,4.40,3.61,5.37,123,2800
IN-LA,Ladakh,Female,All,60-64,All,4.40,3.61,5.37,110,2520
IN-LA,Ladakh,Female,All,60-64,None,6.16,5.05,7.52,30,503
IN-LA,Ladakh,Female,All,60-64,Primary,4.62,3.79,5.64,23,503
IN-LA,Ladakh,Female,All,60-64,Middle,3.52,2.89,4.29,17,503
IN-LA,Ladakh,Female,All,60-64,Secondary,2.64,2.16,3.22,13,503
IN-LA,Ladakh,Female,All,60-64,Higher,1.98,1.62,2.42,9,503
IN-LA,Ladakh,Female,All,65-69,All,7.33,6.01,8.94,184,2520
IN-LA,Ladakh,Female,All,65-69,None,10.26,8.41,12.52,51,503
IN-LA,Ladakh,Female,All,65-69,Primary,7.70,6.31,9.39,38,503
IN-LA,Ladakh,Female,All,65-69,Middle,5.86,4.81,7.15,29,503
IN-LA,Ladakh,Female,All,65-69,Secondary,4.40,3.61,5.37,22,503
IN-LA,Ladakh,Female,All,65-69,Higher,3.30,2.71,4.03,16,503
IN-LA,Ladakh,Female,All,70-74,All,11.24,9.22,13.71,283,2520
IN-LA,Ladakh,Female,All,70-74,None,15.74,12.91,19.20,79,503
IN-LA,Ladakh,Female,All,70-74,Primary,11.80,9.68,14.40,59,503
IN-LA,Ladakh,Female,All,70-74,Middle,8.99,7.37,10.97,45,503
IN-LA,Ladakh,Female,All,70-74,Secondary,6.74,5.53,8.22,33,503
IN-LA,Ladakh,Female,All,70-74,Higher,5.06,4.15,6.17,25,503
IN-LA,Ladakh,Female,All,75-79,All,16.62,13.63,20.28,418,2520
IN-LA,Ladakh,Female,All,75-79,None,23.26,19.07,28.38,116,503
IN-LA,Ladakh,Female,All,75-79,Primary,17.45,14.31,21.29,87,503
IN-LA,Ladakh,Female,All,75-79,Middle,13.29,10.90,16.21,66,503
IN-LA,Ladakh,Female,All,75-79,Secondary,9.97,8.18,12.16,50,503
IN-LA,Ladakh,Female,All,75-79,Higher,7.48,6.13,9.13,37,503
IN-LA,Ladakh,Female,All,80-84,All,23.46,19.24,28.62,591,2520
IN-LA,Ladakh,Female,All,80-84,None,32.84,26.93,40.06,165,503
IN-LA,Ladakh,Female,All,80-84,Primary,24.63,20.20,30.05,123,503
IN-LA,Ladakh,Female,All,80-84,Middle,18.77,15.39,22.90,94,503
IN-LA,Ladakh,Female,All,80-84,Secondary,14.08,11.55,17.18,70,503
IN-LA,Ladakh,Female,All,80-84,Higher,10.56,8.66,12.88,53,503
IN-LA,Ladakh,Female,All,85+,All,32.26,26.45,39.36,812,2520
IN-LA,Ladakh,Female,All,85+,None,35.00,28.70,42.70,176,503
IN-LA,Ladakh,Female,All,85+,Primary,33.87,27.77,41.32,170,503
IN-LA,Ladakh,Female,All,85+,Middle,25.81,21.16,31.49,129,503
IN-LA,Ladakh,Female,All,85+,Secondary,19.35,15.87,23.61,97,503
IN-LA,Ladakh,Female,All,85+,Higher,14.52,11.91,17.71,73,503
IN-LA,Ladakh,Female,Urban,60+,All,8.02,6.58,9.78,359,4480
IN-LA,Ladakh,Female,Urban,60+,None,11.22,9.20,13.69,100,896
IN-LA,Ladakh,Female,Urban,60+,Primary,8.42,6.90,10.27,75,896
IN-LA,Ladakh,Female,Urban,60+,Middle,6.41,5.26,7.82,57,896
IN-LA,Ladakh,Female,Urban,60+,Secondary,4.81,3.94,5.87,43,896
IN-LA,Ladakh,Female,Urban,60+,Higher,3.61,2.96,4.40,32,896
IN-LA,Ladakh,Female,Urban,60-64,All,3.61,2.96,4.40,29,806
IN-LA,Ladakh,Female,Urban,60-64,None,5.05,4.14,6.16,8,161
IN-LA,Ladakh,Female,Urban,60-64,Primary,3.79,3.11,4.62,6,161
IN-LA,Ladakh,Female,Urban,60-64,Middle,2.89,2.37,3.53,4,161
IN-LA,Ladakh,Female,Urban,60-64,Secondary,2.16,1.77,2.64,3,161
IN-LA,Ladakh,Female,Urban,60-64,Higher,1.62,1.33,1.98,2,161
IN-LA,Ladakh,Female,Urban,65-69,All,6.01,4.93,7.33,48,806
IN-LA,Ladakh,Female,Urban,65-69,None,8.42,6.90,10.27,13,161
IN-LA,Ladakh,Female,Urban,65-69,Primary,6.31,5.17,7.70,10,161
IN-LA,Ladakh,Female,Urban,65-69,Middle,4.81,3.94,5.87,7,161
IN-LA,Ladakh,Female,Urban,65-69,Secondary,3.61,2.96,4.40,5,161
IN-LA,Ladakh,Female,Urban,65-69,Higher,2.71,2.22,3.31,4,161
IN-LA,Ladakh,Female,Urban,70-74,All,9.22,7.56,11.25,74,806
IN-LA,Ladakh,Female,Urban,70-74,None,12.90,10.58,15.74,20,161
IN-LA,Ladakh,Female,Urban,70-74,Primary,9.68,7.94,11.81,15,161
IN-LA,Ladakh,Female,Urban,70-74,Middle,7.37,6.04,8.99,11,161
IN-LA,Ladakh,Female,Urban,70-74,Secondary,5.53,4.53,6.75,8,161
IN-LA,Ladakh,Female,Urban,70-74,Higher,4.15,3.40,5.06,6,161
IN-LA,Ladakh,Female,Urban,75-79,All,13.63,11.18,16.63,109,806
IN-LA,Ladakh,Female,Urban,75-79,None,19.08,15.65,23.28,30,161
IN-LA,Ladakh,Female,Urban,75-79,Primary,14.31,11.73,17.46,23,161
IN-LA,Ladakh,Female,Urban,75-79,Middle,10.90,8.94,13.30,17,161
IN-LA,Ladakh,Female,Urban,75-79,Secondary,8.18,6.71,9.98,13,161
IN-LA,Ladakh,Female,Urban,75-79,Higher,6.13,5.03,7.48,9,161
IN-LA,Ladakh,Female,Urban,80-84,All,19.24,15.78,23.47,155,806
IN-LA,Ladakh,Female,Urban,80-84,None,26.93,22.08,32.85,43,161
IN-LA,Ladakh,Female,Urban,80-84,Primary,20.20,16.56,24.64,32,161
IN-LA,Ladakh,Female,Urban,80-84,Middle,15.39,12.62,18.78,24,161
IN-LA,Ladakh,Female,Urban,80-84,Secondary,11.54,9.46,14.08,18,161
IN-LA,Ladakh,Female,Urban,80-84,Higher,8.66,7.10,10.57,13,161
IN-LA,Ladakh,Female,Urban,85+,All,26.45,21.69,32.27,213,806
IN-LA,Ladakh,Female,Urban,85+,None,35.00,28.70,42.70,56,161
IN-LA,Ladakh,Female,Urban,85+,Primary,27.77,22.77,33.88,44,161
IN-LA,Ladakh,Female,Urban,85+,Middle,21.16,17.35,25.82,34,161
IN-LA,Ladakh,Female,Urban,85+,Secondary,15.87,13.01,19.36,25,161
IN-LA,Ladakh,Female,Urban,85+,Higher,11.90,9.76,14.52,19,161
IN-LA,Ladakh,Female,Rural,60+,All,11.93,9.78,14.55,1135,9520
IN-LA,Ladakh,Female,Rural,60+,None,16.70,13.69,20.37,317,1904
IN-LA,Ladakh,Female,Rural,60+,Primary,12.52,10.27,15.27,238,1904
IN-LA,Ladakh,Female,Rural,60+,Middle,9.54,7.82,11.64,181,1904
IN-LA,Ladakh,Female,Rural,60+,Secondary,7.16,5.87,8.74,136,1904
IN-LA,Ladakh,Female,Rural,60+,Higher,5.37,4.40,6.55,102,1904
IN-LA,Ladakh,Female,Rural,60-64,All,5.37,4.40,6.55,91,1713
IN-LA,Ladakh,Female,Rural,60-64,None,7.51,6.16,9.16,25,342
IN-LA,Ladakh,Female,Rural,60-64,Primary,5.63,4.62,6.87,19,342
IN-LA,Ladakh,Female,Rural,60-64,Middle,4.29,3.52,5.23,14,342
IN-LA,Ladakh,Female,Rural,60-64,Secondary,3.22,2.64,3.93,11,342
IN-LA,Ladakh,Female,Rural,60-64,Higher,2.41,1.98,2.94,8,342
IN-LA,Ladakh,Female,Rural,65-69,All,8.94,7.33,10.91,153,1713
IN-LA,Ladakh,Female,Rural,65-69,None,12.52,10.27,15.27,42,342
IN-LA,Ladakh,Female,Rural,65-69,Primary,9.39,7.70,11.46,32,342
IN-LA,Ladakh,Female,Rural,65-69,Middle,7.16,5.87,8.74,24,342
IN-LA,Ladakh,Female,Rural,65-69,Secondary,5.37,4.40,6.55,18,342
IN-LA,Ladakh,Female,Rural,65-69,Higher,4.02,3.30,4.90,13,342
IN-LA,Ladakh,Female,Rural,70-74,All,13.71,11.24,16.73,234,1713
IN-LA,Ladakh,Female,Rural,70-74,None,19.20,15.74,23.42,65,342
IN-LA,Ladakh,Female,Rural,70-74,Primary,14.40,11.81,17.57,49,342
IN-LA,Ladakh,Female,Rural,70-74,Middle,10.97,9.00,13.38,37,342
IN-LA,Ladakh,Female,Rural,70-74,Secondary,8.23,6.75,10.04,28,342
IN-LA,Ladakh,Female,Rural,70-74,Higher,6.17,5.06,7.53,21,342
IN-LA,Ladakh,Female,Rural,75-79,All,20.27,16.62,24.73,347,1713
IN-LA,Ladakh,Female,Rural,75-79,None,28.38,23.27,34.62,97,342
IN-LA,Ladakh,Female,Rural,75-79,Primary,21.29,17.46,25.97,72,342
IN-LA,Ladakh,Female,Rural,75-79,Middle,16.22,13.30,19.79,55,342
IN-LA,Ladakh,Female,Rural,75-79,Secondary,12.16,9.97,14.84,41,342
IN-LA,Ladakh,Female,Rural,75-79,Higher,9.12,7.48,11.13,31,342
IN-LA,Ladakh,Female,Rural,80-84,All,28.62,23.47,34.92,490,1713
IN-LA,Ladakh,Female,Rural,80-84,None,35.00,28.70,42.70,119,342
IN-LA,Ladakh,Female,Rural,80-84,Primary,30.05,24.64,36.66,102,342
IN-LA,Ladakh,Female,Rural,80-84,Middle,22.90,18.78,27.94,78,342
IN-LA,Ladakh,Female,Rural,80-84,Secondary,17.17,14.08,20.95,58,342
IN-LA,Ladakh,Female,Rural,80-84,Higher,12.88,10.56,15.71,44,342
IN-LA,Ladakh,Female,Rural,85+,All,35.00,28.70,42.70,599,1713
IN-LA,Ladakh,Female,Rural,85+,None,35.00,28.70,42.70,119,342
IN-LA,Ladakh,Female,Rural,85+,Primary,35.00,28.70,42.70,119,342
IN-LA,Ladakh,Female,Rural,85+,Middle,31.48,25.81,38.41,107,342
IN-LA,Ladakh,Female,Rural,85+,Secondary,23.61,19.36,28.80,80,342
IN-LA,Ladakh,Female,Rural,85+,Higher,17.71,14.52,21.61,60,342
IN-DN,Dadra and Nagar Haveli and Daman and Diu,Both,All,60+,All,5.00,4.10,6.10,2100,42000
IN-DN,Dadra and Nagar Haveli and Daman and Diu,Both,All,60+,None,7.00,5.74,8.54,588,8400
IN-DN,Dadra and Nagar Haveli and Daman and Diu,Both,All,60+,Primary,5.25,4.31,6.41,441,8400
IN-DN,Dadra and Nagar Haveli and Daman and Diu,Both,All,60+,Middle,4.00,3.28,4.88,336,8400
IN-DN,Dadra and Nagar Haveli and Daman and Diu,Both,All,60+,Secondary,3.00,2.46,3.66,252,8400
IN-DN,Dadra and Nagar Haveli and Daman and Diu,Both,All,60+,Higher,2.25,1.85,2.75,189,8400
IN-DN,Dadra and Nagar Haveli and Daman and Diu,Both,All,60-64,All,2.25,1.85,2.75,170,7560
IN-DN,Dadra and Nagar Haveli and Daman and Diu,Both,All,60-64,None,3.15,2.58,3.84,47,1511
IN-DN,Dadra and Nagar Haveli and Daman and Diu,Both,All,60-64,Primary,2.36,1.94,2.88,35,1511
IN-DN,Dadra and Nagar Haveli and Daman and Diu,Both,All,60-64,Middle,1.80,1.48,2.20,27,1511
IN-DN,Dadra and Nagar Haveli and Daman and Diu,Both,All,60-64,Secondary,1.35,1.11,1.65,20,1511
IN-DN,Dadra and Nagar Haveli and Daman and Diu,Both,All,60-64,Higher,1.01,0.83,1.23,15,1511
IN-DN,Dadra and Nagar Haveli and Daman and Diu,Both,All,65-69,All,3.75,3.08,4.58,283,7560
IN-DN,Dadra and Nagar Haveli and Daman and Diu,Both,All,65-69,None,5.25,4.31,6.41,79,1511
IN-DN,Dadra and Nagar Haveli and Daman and Diu,Both,All,65-69,Primary,3.94,3.23,4.81,59,1511
IN-DN,Dadra and Nagar Haveli and Daman and Diu,Both,All,65-69,Middle,3.00,2.46,3.66,45,1511
IN-DN,Dadra and Nagar Haveli and Daman and Diu,Both,All,65-69,Secondary,2.25,1.85,2.75,33,1511
IN-DN,Dadra and Nagar Haveli and Daman and Diu,Both,All,65-69,Higher,1.69,1.39,2.06,25,1511
IN-DN,Dadra and Nagar Haveli and Daman and Diu,Both,All,70-74,All,5.75,4.72,7.02,434,7560
IN-DN,Dadra and Nagar Haveli and Daman and Diu,Both,All,70-74,None,8.05,6.60,9.82,121,1511
IN-DN,Dadra and Nagar Haveli and Daman and Diu,Both,All,70-74,Primary,6.04,4.95,7.37,91,1511
IN-DN,Dadra and Nagar Haveli and Daman and Diu,Both,All,70-74,Middle,4.60,3.77,5.61,69,1511
IN-DN,Dadra and Nagar Haveli and Daman and Diu,Both,All,70-74,Secondary,3.45,2.83,4.21,52,1511
IN-DN,Dadra and Nagar Haveli and Daman and Diu,Both,All,70-74,Higher,2.59,2.12,3.16,39,1511
IN-DN,Dadra and Nagar Haveli and Daman and Diu,Both,All,75-79,All,8.50,6.97,10.37,642,7560
IN-DN,Dadra and Nagar Haveli and Daman and Diu,Both,All,75-79,None,11.90,9.76,14.52,179,1511
IN-DN,Dadra and Nagar Haveli and Daman and Diu,Both,All,75-79,Primary,8.92,7.31,10.88,134,1511
IN-DN,Dadra and Nagar Haveli and Daman and Diu,Both,All,75-79,Middle,6.80,5.58,8.30,102,1511
IN-DN,Dadra and Nagar Haveli and Daman and Diu,Both,All,75-79,Secondary,5.10,4.18,6.22,77,1511
IN-DN,Dadra and Nagar Haveli and Daman and Diu,Both,All,75-79,Higher,3.83,3.14,4.67,57,1511
IN-DN,Dadra and Nagar Haveli and Daman and Diu,Both,All,80-84,All,12.00,9.84,14.64,907,7560
IN-DN,Dadra and Nagar Haveli and Daman and Diu,Both,All,80-84,None,16.80,13.78,20.50,253,1511
IN-DN,Dadra and Nagar Haveli and Daman and Diu,Both,All,80-84,Primary,12.60,10.33,15.37,190,1511
IN-DN,Dadra and Nagar Haveli and Daman and Diu,Both,All,80-84,Middle,9.60,7.87,11.71,145,1511
IN-DN,Dadra and Nagar Haveli and Daman and Diu,Both,All,80-84,Secondary,7.20,5.90,8.78,108,1511
IN-DN,Dadra and Nagar Haveli and Daman and Diu,Both,All,80-84,Higher,5.40,4.43,6.59,81,1511
IN-DN,Dadra and Nagar Haveli and Daman and Diu,Both,All,85+,All,16.50,13.53,20.13,1247,7560
IN-DN,Dadra and Nagar Haveli and Daman and Diu,Both,All,85+,None,23.10,18.94,28.18,349,1511
IN-DN,Dadra and Nagar Haveli and Daman and Diu,Both,All,85+,Primary,17.33,14.21,21.14,261,1511
IN-DN,Dadra and Nagar Haveli and Daman and Diu,Both,All,85+,Middle,13.20,10.82,16.10,199,1511
IN-DN,Dadra and Nagar Haveli and Daman and Diu,Both,All,85+,Secondary,9.90,8.12,12.08,149,1511
IN-DN,Dadra and Nagar Haveli and Daman and Diu,Both,All,85+,Higher,7.42,6.08,9.05,112,1511
IN-DN,Dadra and Nagar Haveli and Daman and Diu,Both,Urban,60+,All,4.10,3.36,5.00,551,13440
IN-DN,Dadra and Nagar Haveli and Daman and Diu,Both,Urban,60+,None,5.74,4.71,7.00,154,2688
IN-DN,Dadra and Nagar Haveli and Daman and Diu,Both,Urban,60+,Primary,4.31,3.53,5.26,115,2688
IN-DN,Dadra and Nagar Haveli and Daman and Diu,Both,Urban,60+,Middle,3.28,2.69,4.00,88,2688
IN-DN,Dadra and Nagar Haveli and Daman and Diu,Both,Urban,60+,Secondary,2.46,2.02,3.00,66,2688
IN-DN,Dadra and Nagar Haveli and Daman and Diu,Both,Urban,60+,Higher,1.85,1.52,2.26,49,2688
IN-DN,Dadra and Nagar Haveli and Daman and Diu,Both,Urban,60-64,All,1.85,1.52,2.26,44,2419
IN-DN,Dadra and Nagar Haveli and Daman and Diu,Both,Urban,60-64,None,2.58,2.12,3.15,12,483
IN-DN,Dadra and Nagar Haveli and Daman and Diu,Both,Urban,60-64,Primary,1.94,1.59,2.37,9,483
IN-DN,Dadra and Nagar Haveli and Daman and Diu,Both,Urban,60-64,Middle,1.48,1.21,1.81,7,483
IN-DN,Dadra and Nagar Haveli and Daman and Diu,Both,Urban,60-64,Secondary,1.11,0.91,1.35,5,483
IN-DN,Dadra and Nagar Haveli and Daman and Diu,Both,Urban,60-64,Higher,1.00,0.82,1.22,4,483
IN-DN,Dadra and Nagar Haveli and Daman and Diu,Both,Urban,65-69,All,3.08,2.53,3.76,74,2419
IN-DN,Dadra and Nagar Haveli and Daman and Diu,Both,Urban,65-69,None,4.31,3.53,5.26,20,483
IN-DN,Dadra and Nagar Haveli and Daman and Diu,Both,Urban,65-69,Primary,3.23,2.65,3.94,15,483
IN-DN,Dadra and Nagar Haveli and Daman and Diu,Both,Urban,65-69,Middle,2.46,2.02,3.00,11,483
IN-DN,Dadra and Nagar Haveli and Daman and Diu,Both,Urban,65-69,Secondary,1.85,1.52,2.26,8,483
IN-DN,Dadra and Nagar Haveli and Daman and Diu,Both,Urban,65-69,Higher,1.38,1.13,1.68,6,483
IN-DN,Dadra and Nagar Haveli and Daman and Diu,Both,Urban,70-74,All,4.71,3.86,5.75,113,2419
IN-DN,Dadra and Nagar Haveli and Daman and Diu,Both,Urban,70-74,None,6.60,5.41,8.05,31,483
IN-DN,Dadra and Nagar Haveli and Daman and Diu,Both,Urban,70-74,Primary,4.95,4.06,6.04,23,483
IN-DN,Dadra and Nagar Haveli and Daman and Diu,Both,Urban,70-74,Middle,3.77,3.09,4.60,18,483
IN-DN,Dadra and Nagar Haveli and Daman and Diu,Both,Urban,70-74,Secondary,2.83,2.32,3.45,13,483
IN-DN,Dadra and Nagar Haveli and Daman and Diu,Both,Urban,70-74,Higher,2.12,1.74,2.59,10,483
IN-DN,Dadra and Nagar Haveli and Daman and Diu,Both,Urban,75-79,All,6.97,5.72,8.50,168,2419
IN-DN,Dadra and Nagar Haveli and Daman and Diu,Both,Urban,75-79,None,9.76,8.00,11.91,47,483
IN-DN,Dadra and Nagar Haveli and Daman and Diu,Both,Urban,75-79,Primary,7.32,6.00,8.93,35,483
IN-DN,Dadra and Nagar Haveli and Daman and Diu,Both,Urban,75-79,Middle,5.58,4.58,6.81,26,483
IN-DN,Dadra and Nagar Haveli and Daman and Diu,Both,Urban,75-79,Secondary,4.18,3.43,5.10,20,483
IN-DN,Dadra and Nagar Haveli and Daman and Diu,Both,Urban,75-79,Higher,3.14,2.57,3.83,15,483
IN-DN,Dadra and Nagar Haveli and Daman and Diu,Both,Urban,80-84,All,9.84,8.07,12.00,238,2419
IN-DN,Dadra and Nagar Haveli and Daman and Diu,Both,Urban,80-84,None,13.78,11.30,16.81,66,483
IN-DN,Dadra and Nagar Haveli and Daman and Diu,Both,Urban,80-84,Primary,10.33,8.47,12.60,49,483
IN-DN,Dadra and Nagar Haveli and Daman and Diu,Both,Urban,80-84,Middle,7.87,6.45,9.60,38,483
IN-DN,Dadra and Nagar Haveli and Daman and Diu,Both,Urban,80-84,Secondary,5.90,4.84,7.20,28,483
IN-DN,Dadra and Nagar Haveli and Daman and Diu,Both,Urban,80-84,Higher,4.43,3.63,5.40,21,483
IN-DN,Dadra and Nagar Haveli and Daman and Diu,Both,Urban,85+,All,13.53,11.09,16.51,327,2419
IN-DN,Dadra and Nagar Haveli and Daman and Diu,Both,Urban,85+,None,18.94,15.53,23.11,91,483
IN-DN,Dadra and Nagar Haveli and Daman and Diu,Both,Urban,85+,Primary,14.21,11.65,17.34,68,483
IN-DN,Dadra and Nagar Haveli and Daman and Diu,Both,Urban,85+,Middle,10.82,8.87,13.20,52,483
IN-DN,Dadra and Nagar Haveli and Daman and Diu,Both,Urban,85+,Secondary,8.12,6.66,9.91,39,483
IN-DN,Dadra and Nagar Haveli and Daman and Diu,Both,Urban,85+,Higher,6.09,4.99,7.43,29,483
IN-DN,Dadra and Nagar Haveli and Daman and Diu,Both,Rural,60+,All,6.10,5.00,7.44,1742,28560
IN-DN,Dadra and Nagar Haveli and Daman and Diu,Both,Rural,60+,None,8.54,7.00,10.42,487,5712
IN-DN,Dadra and Nagar Haveli and Daman and Diu,Both,Rural,60+,Primary,6.40,5.25,7.81,365,5712
IN-DN,Dadra and Nagar Haveli and Daman and Diu,Both,Rural,60+,Middle,4.88,4.00,5.95,278,5712
IN-DN,Dadra and Nagar Haveli and Daman and Diu,Both,Rural,60+,Secondary,3.66,3.00,4.47,209,5712
IN-DN,Dadra and Nagar Haveli and Daman and Diu,Both,Rural,60+,Higher,2.75,2.26,3.36,157,5712
IN-DN,Dadra and Nagar Haveli and Daman and Diu,Both,Rural,60-64,All,2.75,2.26,3.36,141,5140
IN-DN,Dadra and Nagar Haveli and Daman and Diu,Both,Rural,60-64,None,3.84,3.15,4.68,39,1028
IN-DN,Dadra and Nagar Haveli and Daman and Diu,Both,Rural,60-64,Primary,2.88,2.36,3.51,29,1028
IN-DN,Dadra and Nagar Haveli and Daman and Diu,Both,Rural,60-64,Middle,2.20,1.80,2.68,22,1028
IN-DN,Dadra and Nagar Haveli and Daman and Diu,Both,Rural,60-64,Secondary,1.65,1.35,2.01,16,1028
IN-DN,Dadra and Nagar Haveli and Daman and Diu,Both,Rural,60-64,Higher,1.24,1.02,1.51,12,1028
IN-DN,Dadra and Nagar Haveli and Daman and Diu,Both,Rural,65-69,All,4.58,3.76,5.59,235,5140
IN-DN,Dadra and Nagar Haveli and Daman and Diu,Both,Rural,65-69,None,6.40,5.25,7.81,65,1028
IN-DN,Dadra and Nagar Haveli and Daman and Diu,Both,Rural,65-69,Primary,4.80,3.94,5.86,49,1028
IN-DN,Dadra and Nagar Haveli and Daman and Diu,Both,Rural,65-69,Middle,3.66,3.00,4.47,37,1028
IN-DN,Dadra and Nagar Haveli and Daman and Diu,Both,Rural,65-69,Secondary,2.75,2.26,3.36,28,1028
IN-DN,Dadra and Nagar Haveli and Daman and Diu,Both,Rural,65-69,Higher,2.06,1.69,2.51,21,1028
IN-DN,Dadra and Nagar Haveli and Daman and Diu,Both,Rural,70-74,All,7.01,5.75,8.55,360,5140
IN-DN,Dadra and Nagar Haveli and Daman and Diu,Both,Rural,70-74,None,9.82,8.05,11.98,100,1028
IN-DN,Dadra and Nagar Haveli and Daman and Diu,Both,Rural,70-74,Primary,7.37,6.04,8.99,75,1028
IN-DN,Dadra and Nagar Haveli and Daman and Diu,Both,Rural,70-74,Middle,5.61,4.60,6.84,57,1028
IN-DN,Dadra and Nagar Haveli and Daman and Diu,Both,Rural,70-74,Secondary,4.21,3.45,5.14,43,1028
IN-DN,Dadra and Nagar Haveli and Daman and Diu,Both,Rural,70-74,Higher,3.16,2.59,3.86,32,1028
IN-DN,Dadra and Nagar Haveli and Daman and Diu,Both,Rural,75-79,All,10.37,8.50,12.65,533,5140
IN-DN,Dadra and Nagar Haveli and Daman and Diu,Both,Rural,75-79,None,14.52,11.91,17.71,149,1028
IN-DN,Dadra and Nagar Haveli and Daman and Diu,Both,Rural,75-79,Primary,10.89,8.93,13.29,111,1028
IN-DN,Dadra and Nagar Haveli and Daman and Diu,Both,Rural,75-79,Middle,8.30,6.81,10.13,85,1028
IN-DN,Dadra and Nagar Haveli and Daman and Diu,Both,Rural,75-79,Secondary,6.22,5.10,7.59,63,1028
IN-DN,Dadra and Nagar Haveli and Daman and Diu,Both,Rural,75-79,Higher,4.67,3.83,5.70,48,1028
IN-DN,Dadra and Nagar Haveli and Daman and Diu,Both,Rural,80-84,All,14.64,12.00,17.86,752,5140
IN-DN,Dadra and Nagar Haveli and Daman and Diu,Both,Rural,80-84,None,20.50,16.81,25.01,210,1028
IN-DN,Dadra and Nagar Haveli and Daman and Diu,Both,Rural,80-84,Primary,15.37,12.60,18.75,158,1028
IN-DN,Dadra and Nagar Haveli and Daman and Diu,Both,Rural,80-84,Middle,11.71,9.60,14.29,120,1028
IN-DN,Dadra and Nagar Haveli and Daman and Diu,Both,Rural,80-84,Secondary,8.78,7.20,10.71,90,1028
IN-DN,Dadra and Nagar Haveli and Daman and Diu,Both,Rural,80-84,Higher,6.59,5.40,8.04,67,1028
IN-DN,Dadra and Nagar Haveli and Daman and Diu,Both,Rural,85+,All,20.13,16.51,24.56,1034,5140
IN-DN,Dadra and Nagar Haveli and Daman and Diu,Both,Rural,85+,None,28.18,23.11,34.38,289,1028
IN-DN,Dadra and Nagar Haveli and Daman and Diu,Both,Rural,85+,Primary,21.14,17.33,25.79,217,1028
IN-DN,Dadra and Nagar Haveli and Daman and Diu,Both,Rural,85+,Middle,16.10,13.20,19.64,165,1028
IN-DN,Dadra and Nagar Haveli and Daman and Diu,Both,Rural,85+,Secondary,12.08,9.91,14.74,124,1028
IN-DN,Dadra and Nagar Haveli and Daman and Diu,Both,Rural,85+,Higher,9.06,7.43,11.05,93,1028
IN-DN,Dadra and Nagar Haveli and Daman and Diu,Male,All,60+,All,4.25,3.49,5.19,892,21000
IN-DN,Dadra and Nagar Haveli and Daman and Diu,Male,All,60+,None,5.95,4.88,7.26,249,4200
IN-DN,Dadra and Nagar Haveli and Daman and Diu,Male,All,60+,Primary,4.46,3.66,5.44,187,4200
IN-DN,Dadra and Nagar Haveli and Daman and Diu,Male,All,60+,Middle,3.40,2.79,4.15,142,4200
IN-DN,Dadra and Nagar Haveli and Daman and Diu,Male,All,60+,Secondary,2.55,2.09,3.11,107,4200
IN-DN,Dadra and Nagar Haveli and Daman and Diu,Male,All,60+,Higher,1.91,1.57,2.33,80,4200
IN-DN,Dadra and Nagar Haveli and Daman and Diu,Male,All,60-64,All,1.91,1.57,2.33,72,3780
IN-DN,Dadra and Nagar Haveli and Daman and Diu,Male,All,60-64,None,2.68,2.20,3.27,20,755
IN-DN,Dadra and Nagar Haveli and Daman and Diu,Male,All,60-64,Primary,2.01,1.65,2.45,15,755
IN-DN,Dadra and Nagar Haveli and Daman and Diu,Male,All,60-64,Middle,1.53,1.25,1.87,11,755
IN-DN,Dadra and Nagar Haveli and Daman and Diu,Male,All,60-64,Secondary,1.15,0.94,1.40,8,755
IN-DN,Dadra and Nagar Haveli and Daman and Diu,Male,All,60-64,Higher,1.00,0.82,1.22,7,755
IN-DN,Dadra and Nagar Haveli and Daman and Diu,Male,All,65-69,All,3.19,2.62,3.89,120,3780
IN-DN,Dadra and Nagar Haveli and Daman and Diu,Male,All,65-69,None,4.46,3.66,5.44,33,755
IN-DN,Dadra and Nagar Haveli and Daman and Diu,Male,All,65-69,Primary,3.35,2.75,4.09,25,755
IN-DN,Dadra and Nagar Haveli and Daman and Diu,Male,All,65-69,Middle,2.55,2.09,3.11,19,755
IN-DN,Dadra and Nagar Haveli and Daman and Diu,Male,All,65-69,Secondary,1.91,1.57,2.33,14,755
IN-DN,Dadra and Nagar Haveli and Daman and Diu,Male,All,65-69,Higher,1.43,1.17,1.74,10,755
IN-DN,Dadra and Nagar Haveli and Daman and Diu,Male,All,70-74,All,4.89,4.01,5.97,184,3780
IN-DN,Dadra and Nagar Haveli and Daman and Diu,Male,All,70-74,None,6.84,5.61,8.34,51,755
IN-DN,Dadra and Nagar Haveli and Daman and Diu,Male,All,70-74,Primary,5.13,4.21,6.26,38,755
IN-DN,Dadra and Nagar Haveli and Daman and Diu,Male,All,70-74,Middle,3.91,3.21,4.77,29,755
IN-DN,Dadra and Nagar Haveli and Daman and Diu,Male,All,70-74,Secondary,2.93,2.40,3.57,22,755
IN-DN,Dadra and Nagar Haveli and Daman and Diu,Male,All,70-74,Higher,2.20,1.80,2.68,16,755
IN-DN,Dadra and Nagar Haveli and Daman and Diu,Male,All,75-79,All,7.23,5.93,8.82,273,3780
IN-DN,Dadra and Nagar Haveli and Daman and Diu,Male,All,75-79,None,10.11,8.29,12.33,76,755
IN-DN,Dadra and Nagar Haveli and Daman and Diu,Male,All,75-79,Primary,7.59,6.22,9.26,57,755
IN-DN,Dadra and Nagar Haveli and Daman and Diu,Male,All,75-79,Middle,5.78,4.74,7.05,43,755
IN-DN,Dadra and Nagar Haveli and Daman and Diu,Male,All,75-79,Secondary,4.33,3.55,5.28,32,755
IN-DN,Dadra and Nagar Haveli and Daman and Diu,Male,All,75-79,Higher,3.25,2.67,3.97,24,755
IN-DN,Dadra and Nagar Haveli and Daman and Diu,Male,All,80-84,All,10.20,8.36,12.44,385,3780
IN-DN,Dadra and Nagar Haveli and Daman and Diu,Male,All,80-84,None,14.28,11.71,17.42,107,755
IN-DN,Dadra and Nagar Haveli and Daman and Diu,Male,All,80-84,Primary,10.71,8.78,13.07,80,755
IN-DN,Dadra and Nagar Haveli and Daman and Diu,Male,All,80-84,Middle,8.16,6.69,9.96,61,755
IN-DN,Dadra and Nagar Haveli and Daman and Diu,Male,All,80-84,Secondary,6.12,5.02,7.47,46,755
IN-DN,Dadra and Nagar Haveli and Daman and Diu,Male,All,80-84,Higher,4.59,3.76,5.60,34,755
IN-DN,Dadra and Nagar Haveli and Daman and Diu,Male,All,85+,All,14.02,11.50,17.10,529,3780
IN-DN,Dadra and Nagar Haveli and Daman and Diu,Male,All,85+,None,19.63,16.10,23.95,148,755
IN-DN,Dadra and Nagar Haveli and Daman and Diu,Male,All,85+,Primary,14.73,12.08,17.97,111,755
IN-DN,Dadra and Nagar Haveli and Daman and Diu,Male,All,85+,Middle,11.22,9.20,13.69,84,755
IN-DN,Dadra and Nagar Haveli and Daman and Diu,Male,All,85+,Secondary,8.41,6.90,10.26,63,755
IN-DN,Dadra and Nagar Haveli and Daman and Diu,Male,All,85+,Higher,6.31,5.17,7.70,47,755
IN-DN,Dadra and Nagar Haveli and Daman and Diu,Male,Urban,60+,All,3.49,2.86,4.26,234,6720
IN-DN,Dadra and Nagar Haveli and Daman and Diu,Male,Urban,60+,None,4.88,4.00,5.95,65,1344
IN-DN,Dadra and Nagar Haveli and Daman and Diu,Male,Urban,60+,Primary,3.66,3.00,4.47,49,1344
IN-DN,Dadra and Nagar Haveli and Daman and Diu,Male,Urban,60+,Middle,2.79,2.29,3.40,37,1344
IN-DN,Dadra and Nagar Haveli and Daman and Diu,Male,Urban,60+,Secondary,2.09,1.71,2.55,28,1344
IN-DN,Dadra and Nagar Haveli and Daman and Diu,Male,Urban,60+,Higher,1.57,1.29,1.92,21,1344
IN-DN,Dadra and Nagar Haveli and Daman and Diu,Male,Urban,60-64,All,1.57,1.29,1.92,18,1209
IN-DN,Dadra and Nagar Haveli and Daman and Diu,Male,Urban,60-64,None,2.20,1.80,2.68,5,241
IN-DN,Dadra and Nagar Haveli and Daman and Diu,Male,Urban,60-64,Primary,1.65,1.35,2.01,3,241
IN-DN,Dadra and Nagar Haveli and Daman and Diu,Male,Urban,60-64,Middle,1.25,1.02,1.53,3,241
IN-DN,Dadra and Nagar Haveli and Daman and Diu,Male,Urban,60-64,Secondary,1.00,0.82,1.22,2,241
IN-DN,Dadra and Nagar Haveli and Daman and Diu,Male,Urban,60-64,Higher,1.00,0.82,1.22,2,241
IN-DN,Dadra and Nagar Haveli and Daman and Diu,Male,Urban,65-69,All,2.61,2.14,3.18,31,1209
IN-DN,Dadra and Nagar Haveli and Daman and Diu,Male,Urban,65-69,None,3.66,3.00,4.47,8,241
IN-DN,Dadra and Nagar Haveli and Daman and Diu,Male,Urban,65-69,Primary,2.74,2.25,3.34,6,241
IN-DN,Dadra and Nagar Haveli and Daman and Diu,Male,Urban,65-69,Middle,2.09,1.71,2.55,5,241
IN-DN,Dadra and Nagar Haveli and Daman and Diu,Male,Urban,65-69,Secondary,1.57,1.29,1.92,3,241
IN-DN,Dadra and Nagar Haveli and Daman and Diu,Male,Urban,65-69,Higher,1.18,0.97,1.44,2,241
IN-DN,Dadra and Nagar Haveli and Daman and Diu,Male,Urban,70-74,All,4.01,3.29,4.89,48,1209
IN-DN,Dadra and Nagar Haveli and Daman and Diu,Male,Urban,70-74,None,5.61,4.60,6.84,13,241
IN-DN,Dadra and Nagar Haveli and Daman and Diu,Male,Urban,70-74,Primary,4.21,3.45,5.14,10,241
IN-DN,Dadra and Nagar Haveli and Daman and Diu,Male,Urban,70-74,Middle,3.21,2.63,3.92,7,241
IN-DN,Dadra and Nagar Haveli and Daman and Diu,Male,Urban,70-74,Secondary,2.40,1.97,2.93,5,241
IN-DN,Dadra and Nagar Haveli and Daman and Diu,Male,Urban,70-74,Higher,1.80,1.48,2.20,4,241
IN-DN,Dadra and Nagar Haveli and Daman and Diu,Male,Urban,75-79,All,5.92,4.85,7.22,71,1209
IN-DN,Dadra and Nagar Haveli and Daman and Diu,Male,Urban,75-79,None,8.29,6.80,10.11,19,241
IN-DN,Dadra and Nagar Haveli and Daman and Diu,Male,Urban,75-79,Primary,6.22,5.10,7.59,14,241
IN-DN,Dadra and Nagar Haveli and Daman and Diu,Male,Urban,75-79,Middle,4.74,3.89,5.78,11,241
IN-DN,Dadra and Nagar Haveli and Daman and Diu,Male,Urban,75-79,Secondary,3.55,2.91,4.33,8,241
IN-DN,Dadra and Nagar Haveli and Daman and Diu,Male,Urban,75-79,Higher,2.67,2.19,3.26,6,241
IN-DN,Dadra and Nagar Haveli and Daman and Diu,Male,Urban,80-84,All,8.36,6.86,10.20,101,1209
IN-DN,Dadra and Nagar Haveli and Daman and Diu,Male,Urban,80-84,None,11.71,9.60,14.29,28,241
IN-DN,Dadra and Nagar Haveli and Daman and Diu,Male,Urban,80-84,Primary,8.78,7.20,10.71,21,241
IN-DN,Dadra and Nagar Haveli and Daman and Diu,Male,Urban,80-84,Middle,6.69,5.49,8.16,16,241
IN-DN,Dadra and Nagar Haveli and Daman and Diu,Male,Urban,80-84,Secondary,5.02,4.12,6.12,12,241
IN-DN,Dadra and Nagar Haveli and Daman and Diu,Male,Urban,80-84,Higher,3.76,3.08,4.59,9,241
IN-DN,Dadra and Nagar Haveli and Daman and Diu,Male,Urban,85+,All,11.50,9.43,14.03,139,1209
IN-DN,Dadra and Nagar Haveli and Daman and Diu,Male,Urban,85+,None,16.10,13.20,19.64,38,241
IN-DN,Dadra and Nagar Haveli and Daman and Diu,Male,Urban,85+,Primary,12.08,9.91,14.74,29,241
IN-DN,Dadra and Nagar Haveli and Daman and Diu,Male,Urban,85+,Middle,9.20,7.54,11.22,22,241
IN-DN,Dadra and Nagar Haveli and Daman and Diu,Male,Urban,85+,Secondary,6.90,5.66,8.42,16,241
IN-DN,Dadra and Nagar Haveli and Daman and Diu,Male,Urban,85+,Higher,5.18,4.25,6.32,12,241
IN-DN,Dadra and Nagar Haveli and Daman and Diu,Male,Rural,60+,All,5.19,4.26,6.33,741,14280
IN-DN,Dadra and Nagar Haveli and Daman and Diu,Male,Rural,60+,None,7.26,5.95,8.86,207,2856
IN-DN,Dadra and Nagar Haveli and Daman and Diu,Male,Rural,60+,Primary,5.44,4.46,6.64,155,2856
IN-DN,Dadra and Nagar Haveli and Daman and Diu,Male,Rural,60+,Middle,4.15,3.40,5.06,118,2856
IN-DN,Dadra and Nagar Haveli and Daman and Diu,Male,Rural,60+,Secondary,3.11,2.55,3.79,88,2856
IN-DN,Dadra and Nagar Haveli and Daman and Diu,Male,Rural,60+,Higher,2.33,1.91,2.84,66,2856
IN-DN,Dadra and Nagar Haveli and Daman and Diu,Male,Rural,60-64,All,2.33,1.91,2.84,59,2570
IN-DN,Dadra and Nagar Haveli and Daman and Diu,Male,Rural,60-64,None,3.27,2.68,3.99,16,514
IN-DN,Dadra and Nagar Haveli and Daman and Diu,Male,Rural,60-64,Primary,2.45,2.01,2.99,12,514
IN-DN,Dadra and Nagar Haveli and Daman and Diu,Male,Rural,60-64,Middle,1.87,1.53,2.28,9,514
IN-DN,Dadra and Nagar Haveli and Daman and Diu,Male,Rural,60-64,Secondary,1.40,1.15,1.71,7,514
IN-DN,Dadra and Nagar Haveli and Daman and Diu,Male,Rural,60-64,Higher,1.05,0.86,1.28,5,514
IN-DN,Dadra and Nagar Haveli and Daman and Diu,Male,Rural,65-69,All,3.89,3.19,4.75,99,2570
IN-DN,Dadra and Nagar Haveli and Daman and Diu,Male,Rural,65-69,None,5.44,4.46,6.64,27,514
IN-DN,Dadra and Nagar Haveli and Daman and Diu,Male,Rural,65-69,Primary,4.08,3.35,4.98,20,514
IN-DN,Dadra and Nagar Haveli and Daman and Diu,Male,Rural,65-69,Middle,3.11,2.55,3.79,15,514
IN-DN,Dadra and Nagar Haveli and Daman and Diu,Male,Rural,65-69,Secondary,2.33,1.91,2.84,11,514
IN-DN,Dadra and Nagar Haveli and Daman and Diu,Male,Rural,65-69,Higher,1.75,1.43,2.13,8,514
IN-DN,Dadra and Nagar Haveli and Daman and Diu,Male,Rural,70-74,All,5.96,4.89,7.27,153,2570
IN-DN,Dadra and Nagar Haveli and Daman and Diu,Male,Rural,70-74,None,8.35,6.85,10.19,42,514
IN-DN,Dadra and Nagar Haveli and Daman and Diu,Male,Rural,70-74,Primary,6.26,5.13,7.64,32,514
IN-DN,Dadra and Nagar Haveli and Daman and Diu,Male,Rural,70-74,Middle,4.77,3.91,5.82,24,514
IN-DN,Dadra and Nagar Haveli and Daman and Diu,Male,Rural,70-74,Secondary,3.58,2.94,4.37,18,514
IN-DN,Dadra and Nagar Haveli and Daman and Diu,Male,Rural,70-74,Higher,2.68,2.20,3.27,13,514
IN-DN,Dadra and Nagar Haveli and Daman and Diu,Male,Rural,75-79,All,8.81,7.22,10.75,226,2570
IN-DN,Dadra and Nagar Haveli and Daman and Diu,Male,Rural,75-79,None,12.34,10.12,15.05,63,514
IN-DN,Dadra and Nagar Haveli and Daman and Diu,Male,Rural,75-79,Primary,9.26,7.59,11.30,47,514
IN-DN,Dadra and Nagar Haveli and Daman and Diu,Male,Rural,75-79,Middle,7.05,5.78,8.60,36,514
IN-DN,Dadra and Nagar Haveli and Daman and Diu,Male,Rural,75-79,Secondary,5.29,4.34,6.45,27,514
IN-DN,Dadra and Nagar Haveli and Daman and Diu,Male,Rural,75-79,Higher,3.97,3.26,4.84,20,514
IN-DN,Dadra and Nagar Haveli and Daman and Diu,Male,Rural,80-84,All,12.44,10.20,15.18,319,2570
IN-DN,Dadra and Nagar Haveli and Daman and Diu,Male,Rural,80-84,None,17.42,14.28,21.25,89,514
IN-DN,Dadra and Nagar Haveli and Daman and Diu,Male,Rural,80-84,Primary,13.07,10.72,15.95,67,514
IN-DN,Dadra and Nagar Haveli and Daman and Diu,Male,Rural,80-84,Middle,9.96,8.17,12.15,51,514
IN-DN,Dadra and Nagar Haveli and Daman and Diu,Male,Rural,80-84,Secondary,7.47,6.13,9.11,38,514
IN-DN,Dadra and Nagar Haveli and Daman and Diu,Male,Rural,80-84,Higher,5.60,4.59,6.83,28,514
IN-DN,Dadra and Nagar Haveli and Daman and Diu,Male,Rural,85+,All,17.11,14.03,20.87,439,2570
IN-DN,Dadra and Nagar Haveli and Daman and Diu,Male,Rural,85+,None,23.95,19.64,29.22,123,514
IN-DN,Dadra and Nagar Haveli and Daman and Diu,Male,Rural,85+,Primary,17.97,14.74,21.92,92,514
IN-DN,Dadra and Nagar Haveli and Daman and Diu,Male,Rural,85+,Middle,13.69,11.23,16.70,70,514
IN-DN,Dadra and Nagar Haveli and Daman and Diu,Male,Rural,85+,Secondary,10.27,8.42,12.53,52,514
IN-DN,Dadra and Nagar Haveli and Daman and Diu,Male,Rural,85+,Higher,7.70,6.31,9.39,39,514
IN-DN,Dadra and Nagar Haveli and Daman and Diu,Female,All,60+,All,5.75,4.72,7.02,1207,21000
IN-DN,Dadra and Nagar Haveli and Daman and Diu,Female,All,60+,None,8.05,6.60,9.82,338,4200
IN-DN,Dadra and Nagar Haveli and Daman and Diu,Female,All,60+,Primary,6.04,4.95,7.37,253,4200
IN-DN,Dadra and Nagar Haveli and Daman and Diu,Female,All,60+,Middle,4.60,3.77,5.61,193,4200
IN-DN,Dadra and Nagar Haveli and Daman and Diu,Female,All,60+,Secondary,3.45,2.83,4.21,144,4200
IN-DN,Dadra and Nagar Haveli and Daman and Diu,Female,All,60+,Higher,2.59,2.12,3.16,108,4200
IN-DN,Dadra and Nagar Haveli and Daman and Diu,Female,All,60-64,All,2.59,2.12,3.16,97,3780
IN-DN,Dadra and Nagar Haveli and Daman and Diu,Female,All,60-64,None,3.62,2.97,4.42,27,755
IN-DN,Dadra and Nagar Haveli and Daman and Diu,Female,All,60-64,Primary,2.72,2.23,3.32,20,755
IN-DN,Dadra and Nagar Haveli and Daman and Diu,Female,All,60-64,Middle,2.07,1.70,2.53,15,755
IN-DN,Dadra and Nagar Haveli and Daman and Diu,Female,All,60-64,Secondary,1.55,1.27,1.89,11,755
IN-DN,Dadra and Nagar Haveli and Daman and Diu,Female,All,60-64,Higher,1.16,0.95,1.42,8,755
IN-DN,Dadra and Nagar Haveli and Daman and Diu,Female,All,65-69,All,4.31,3.53,5.26,162,3780
IN-DN,Dadra and Nagar Haveli and Daman and Diu,Female,All,65-69,None,6.04,4.95,7.37,45,755
IN-DN,Dadra and Nagar Haveli and Daman and Diu,Female,All,65-69,Primary,4.53,3.71,5.53,34,755
IN-DN,Dadra and Nagar Haveli and Daman and Diu,Female,All,65-69,Middle,3.45,2.83,4.21,26,755
IN-DN,Dadra and Nagar Haveli and Daman and Diu,Female,All,65-69,Secondary,2.59,2.12,3.16,19,755
IN-DN,Dadra and Nagar Haveli and Daman and Diu,Female,All,65-69,Higher,1.94,1.59,2.37,14,755
IN-DN,Dadra and Nagar Haveli and Daman and Diu,Female,All,70-74,All,6.61,5.42,8.06,249,3780
IN-DN,Dadra and Nagar Haveli and Daman and Diu,Female,All,70-74,None,9.26,7.59,11.30,69,755
IN-DN,Dadra and Nagar Haveli and Daman and Diu,Female,All,70-74,Primary,6.94,5.69,8.47,52,755
IN-DN,Dadra and Nagar Haveli and Daman and Diu,Female,All,70-74,Middle,5.29,4.34,6.45,39,755
IN-DN,Dadra and Nagar Haveli and Daman and Diu,Female,All,70-74,Secondary,3.97,3.26,4.84,29,755
IN-DN,Dadra and Nagar Haveli and Daman and Diu,Female,All,70-74,Higher,2.98,2.44,3.64,22,755
IN-DN,Dadra and Nagar Haveli and Daman and Diu,Female,All,75-79,All,9.77,8.01,11.92,369,3780
IN-DN,Dadra and Nagar Haveli and Daman and Diu,Female,All,75-79,None,13.68,11.22,16.69,103,755
IN-DN,Dadra and Nagar Haveli and Daman and Diu,Female,All,75-79,Primary,10.26,8.41,12.52,77,755
IN-DN,Dadra and Nagar Haveli and Daman and Diu,Female,All,75-79,Middle,7.82,6.41,9.54,59,755
IN-DN,Dadra and Nagar Haveli and Daman and Diu,Female,All,75-79,Secondary,5.86,4.81,7.15,44,755
IN-DN,Dadra and Nagar Haveli and Daman and Diu,Female,All,75-79,Higher,4.40,3.61,5.37,33,755
IN-DN,Dadra and Nagar Haveli and Daman and Diu,Female,All,80-84,All,13.80,11.32,16.84,521,3780
IN-DN,Dadra and Nagar Haveli and Daman and Diu,Female,All,80-84,None,19.32,15.84,23.57,145,755
IN-DN,Dadra and Nagar Haveli and Daman and Diu,Female,All,80-84,Primary,14.49,11.88,17.68,109,755
IN-DN,Dadra and Nagar Haveli and Daman and Diu,Female,All,80-84,Middle,11.04,9.05,13.47,83,755
IN-DN,Dadra and Nagar Haveli and Daman and Diu,Female,All,80-84,Secondary,8.28,6.79,10.10,62,755
IN-DN,Dadra and Nagar Haveli and Daman and Diu,Female,All,80-84,Higher,6.21,5.09,7.58,46,755
IN-DN,Dadra and Nagar Haveli and Daman and Diu,Female,All,85+,All,18.97,15.56,23.14,717,3780
IN-DN,Dadra and Nagar Haveli and Daman and Diu,Female,All,85+,None,26.56,21.78,32.40,200,755
IN-DN,Dadra and Nagar Haveli and Daman and Diu,Female,All,85+,Primary,19.92,16.33,24.30,150,755
IN-DN,Dadra and Nagar Haveli and Daman and Diu,Female,All,85+,Middle,15.18,12.45,18.52,114,755
IN-DN,Dadra and Nagar Haveli and Daman and Diu,Female,All,85+,Secondary,11.38,9.33,13.88,85,755
IN-DN,Dadra and Nagar Haveli and Daman and Diu,Female,All,85+,Higher,8.54,7.00,10.42,64,755
IN-DN,Dadra and Nagar Haveli and Daman and Diu,Female,Urban,60+,All,4.71,3.86,5.75,316,6720
IN-DN,Dadra and Nagar Haveli and Daman and Diu,Female,Urban,60+,None,6.60,5.41,8.05,88,1344
IN-DN,Dadra and Nagar Haveli and Daman and Diu,Female,Urban,60+,Primary,4.95,4.06,6.04,66,1344
IN-DN,Dadra and Nagar Haveli and Daman and Diu,Female,Urban,60+,Middle,3.77,3.09,4.60,50,1344
IN-DN,Dadra and Nagar Haveli and Daman and Diu,Female,Urban,60+,Secondary,2.83,2.32,3.45,38,1344
IN-DN,Dadra and Nagar Haveli and Daman and Diu,Female,Urban,60+,Higher,2.12,1.74,2.59,28,1344
IN-DN,Dadra and Nagar Haveli and Daman and Diu,Female,Urban,60-64,All,2.12,1.74,2.59,25,1209
IN-DN,Dadra and Nagar Haveli and Daman and Diu,Female,Urban,60-64,None,2.97,2.44,3.62,7,241
IN-DN,Dadra and Nagar Haveli and Daman and Diu,Female,Urban,60-64,Primary,2.23,1.83,2.72,5,241
IN-DN,Dadra and Nagar Haveli and Daman and Diu,Female,Urban,60-64,Middle,1.70,1.39,2.07,4,241
IN-DN,Dadra and Nagar Haveli and Daman and Diu,Female,Urban,60-64,Secondary,1.27,1.04,1.55,3,241
IN-DN,Dadra and Nagar Haveli and Daman and Diu,Female,Urban,60-64,Higher,1.00,0.82,1.22,2,241
IN-DN,Dadra and Nagar Haveli and Daman and Diu,Female,Urban,65-69,All,3.54,2.90,4.32,42,1209
IN-DN,Dadra and Nagar Haveli and Daman and Diu,Female,Urban,65-69,None,4.95,4.06,6.04,11,241
IN-DN,Dadra and Nagar Haveli and Daman and Diu,Female,Urban,65-69,Primary,3.71,3.04,4.53,8,241
IN-DN,Dadra and Nagar Haveli and Daman and Diu,Female,Urban,65-69,Middle,2.83,2.32,3.45,6,241
IN-DN,Dadra and Nagar Haveli and Daman and Diu,Female,Urban,65-69,Secondary,2.12,1.74,2.59,5,241
IN-DN,Dadra and Nagar Haveli and Daman and Diu,Female,Urban,65-69,Higher,1.59,1.30,1.94,3,241
IN-DN,Dadra and Nagar Haveli and Daman and Diu,Female,Urban,70-74,All,5.42,4.44,6.61,65,1209
IN-DN,Dadra and Nagar Haveli and Daman and Diu,Female,Urban,70-74,None,7.59,6.22,9.26,18,241
IN-DN,Dadra and Nagar Haveli and Daman and Diu,Female,Urban,70-74,Primary,5.69,4.67,6.94,13,241
IN-DN,Dadra and Nagar Haveli and Daman and Diu,Female,Urban,70-74,Middle,4.34,3.56,5.29,10,241
IN-DN,Dadra and Nagar Haveli and Daman and Diu,Female,Urban,70-74,Secondary,3.25,2.67,3.97,7,241
IN-DN,Dadra and Nagar Haveli and Daman and Diu,Female,Urban,70-74,Higher,2.44,2.00,2.98,5,241
IN-DN,Dadra and Nagar Haveli and Daman and Diu,Female,Urban,75-79,All,8.02,6.58,9.78,96,1209
IN-DN,Dadra and Nagar Haveli and Daman and Diu,Female,Urban,75-79,None,11.22,9.20,13.69,27,241
IN-DN,Dadra and Nagar Haveli and Daman and Diu,Female,Urban,75-79,Primary,8.42,6.90,10.27,20,241
IN-DN,Dadra and Nagar Haveli and Daman and Diu,Female,Urban,75-79,Middle,6.41,5.26,7.82,15,241
IN-DN,Dadra and Nagar Haveli and Daman and Diu,Female,Urban,75-79,Secondary,4.81,3.94,5.87,11,241
IN-DN,Dadra and Nagar Haveli and Daman and Diu,Female,Urban,75-79,Higher,3.61,2.96,4.40,8,241
IN-DN,Dadra and Nagar Haveli and Daman and Diu,Female,Urban,80-84,All,11.32,9.28,13.81,136,1209
IN-DN,Dadra and Nagar Haveli and Daman and Diu,Female,Urban,80-84,None,15.84,12.99,19.32,38,241
IN-DN,Dadra and Nagar Haveli and Daman and Diu,Female,Urban,80-84,Primary,11.88,9.74,14.49,28,241
IN-DN,Dadra and Nagar Haveli and Daman and Diu,Female,Urban,80-84,Middle,9.05,7.42,11.04,21,241
IN-DN,Dadra and Nagar Haveli and Daman and Diu,Female,Urban,80-84,Secondary,6.79,5.57,8.28,16,241
IN-DN,Dadra and Nagar Haveli and Daman and Diu,Female,Urban,80-84,Higher,5.09,4.17,6.21,12,241
IN-DN,Dadra and Nagar Haveli and Daman and Diu,Female,Urban,85+,All,15.56,12.76,18.98,188,1209
IN-DN,Dadra and Nagar Haveli and Daman and Diu,Female,Urban,85+,None,21.78,17.86,26.57,52,241
IN-DN,Dadra and Nagar Haveli and Daman and Diu,Female,Urban,85+,Primary,16.34,13.40,19.93,39,241
IN-DN,Dadra and Nagar Haveli and Daman and Diu,Female,Urban,85+,Middle,12.45,10.21,15.19,30,241
IN-DN,Dadra and Nagar Haveli and Daman and Diu,Female,Urban,85+,Secondary,9.34,7.66,11.39,22,241
IN-DN,Dadra and Nagar Haveli and Daman and Diu,Female,Urban,85+,Higher,7.00,5.74,8.54,16,241
IN-DN,Dadra and Nagar Haveli and Daman and Diu,Female,Rural,60+,All,7.01,5.75,8.55,1001,14280
IN-DN,Dadra and Nagar Haveli and Daman and Diu,Female,Rural,60+,None,9.82,8.05,11.98,280,2856
IN-DN,Dadra and Nagar Haveli and Daman and Diu,Female,Rural,60+,Primary,7.37,6.04,8.99,210,2856
IN-DN,Dadra and Nagar Haveli and Daman and Diu,Female,Rural,60+,Middle,5.61,4.60,6.84,160,2856
IN-DN,Dadra and Nagar Haveli and Daman and Diu,Female,Rural,60+,Secondary,4.21,3.45,5.14,120,2856
IN-DN,Dadra and Nagar Haveli and Daman and Diu,Female,Rural,60+,Higher,3.16,2.59,3.86,90,2856
IN-DN,Dadra and Nagar Haveli and Daman and Diu,Female,Rural,60-64,All,3.16,2.59,3.86,81,2570
IN-DN,Dadra and Nagar Haveli and Daman and Diu,Female,Rural,60-64,None,4.42,3.62,5.39,22,514
IN-DN,Dadra and Nagar Haveli and Daman and Diu,Female,Rural,60-64,Primary,3.31,2.71,4.04,17,514
IN-DN,Dadra and Nagar Haveli and Daman and Diu,Female,Rural,60-64,Middle,2.53,2.07,3.09,13,514
IN-DN,Dadra and Nagar Haveli and Daman and Diu,Female,Rural,60-64,Secondary,1.89,1.55,2.31,9,514
IN-DN,Dadra and Nagar Haveli and Daman and Diu,Female,Rural,60-64,Higher,1.42,1.16,1.73,7,514
IN-DN,Dadra and Nagar Haveli and Daman and Diu,Female,Rural,65-69,All,5.26,4.31,6.42,135,2570
IN-DN,Dadra and Nagar Haveli and Daman and Diu,Female,Rural,65-69,None,7.37,6.04,8.99,37,514
IN-DN,Dadra and Nagar Haveli and Daman and Diu,Female,Rural,65-69,Primary,5.52,4.53,6.73,28,514
IN-DN,Dadra and Nagar Haveli and Daman and Diu,Female,Rural,65-69,Middle,4.21,3.45,5.14,21,514
IN-DN,Dadra and Nagar Haveli and Daman and Diu,Female,Rural,65-69,Secondary,3.16,2.59,3.86,16,514
IN-DN,Dadra and Nagar Haveli and Daman and Diu,Female,Rural,65-69,Higher,2.37,1.94,2.89,12,514
IN-DN,Dadra and Nagar Haveli and Daman and Diu,Female,Rural,70-74,All,8.07,6.62,9.85,207,2570
IN-DN,Dadra and Nagar Haveli and Daman and Diu,Female,Rural,70-74,None,11.29,9.26,13.77,58,514
IN-DN,Dadra and Nagar Haveli and Daman and Diu,Female,Rural,70-74,Primary,8.47,6.95,10.33,43,514
IN-DN,Dadra and Nagar Haveli and Daman and Diu,Female,Rural,70-74,Middle,6.45,5.29,7.87,33,514
IN-DN,Dadra and Nagar Haveli and Daman and Diu,Female,Rural,70-74,Secondary,4.84,3.97,5.90,24,514
IN-DN,Dadra and Nagar Haveli and Daman and Diu,Female,Rural,70-74,Higher,3.63,2.98,4.43,18,514
IN-DN,Dadra and Nagar Haveli and Daman and Diu,Female,Rural,75-79,All,11.93,9.78,14.55,306,2570
IN-DN,Dadra and Nagar Haveli and Daman and Diu,Female,Rural,75-79,None,16.70,13.69,20.37,85,514
IN-DN,Dadra and Nagar Haveli and Daman and Diu,Female,Rural,75-79,Primary,12.52,10.27,15.27,64,514
IN-DN,Dadra and Nagar Haveli and Daman and Diu,Female,Rural,75-79,Middle,9.54,7.82,11.64,49,514
IN-DN,Dadra and Nagar Haveli and Daman and Diu,Female,Rural,75-79,Secondary,7.16,5.87,8.74,36,514
IN-DN,Dadra and Nagar Haveli and Daman and Diu,Female,Rural,75-79,Higher,5.37,4.40,6.55,27,514
IN-DN,Dadra and Nagar Haveli and Daman and Diu,Female,Rural,80-84,All,16.84,13.81,20.54,432,2570
IN-DN,Dadra and Nagar Haveli and Daman and Diu,Female,Rural,80-84,None,23.57,19.33,28.76,121,514
IN-DN,Dadra and Nagar Haveli and Daman and Diu,Female,Rural,80-84,Primary,17.68,14.50,21.57,90,514
IN-DN,Dadra and Nagar Haveli and Daman and Diu,Female,Rural,80-84,Middle,13.47,11.05,16.43,69,514
IN-DN,Dadra and Nagar Haveli and Daman and Diu,Female,Rural,80-84,Secondary,10.10,8.28,12.32,51,514
IN-DN,Dadra and Nagar Haveli and Daman and Diu,Female,Rural,80-84,Higher,7.58,6.22,9.25,38,514
IN-DN,Dadra and Nagar Haveli and Daman and Diu,Female,Rural,85+,All,23.15,18.98,28.24,594,2570
IN-DN,Dadra and Nagar Haveli and Daman and Diu,Female,Rural,85+,None,32.41,26.58,39.54,166,514
IN-DN,Dadra and Nagar Haveli and Daman and Diu,Female,Rural,85+,Primary,24.31,19.93,29.66,124,514
IN-DN,Dadra and Nagar Haveli and Daman and Diu,Female,Rural,85+,Middle,18.52,15.19,22.59,95,514
IN-DN,Dadra and Nagar Haveli and Daman and Diu,Female,Rural,85+,Secondary,13.89,11.39,16.95,71,514
IN-DN,Dadra and Nagar Haveli and Daman and Diu,Female,Rural,85+,Higher,10.42,8.54,12.71,53,514
